0.04733508378810475,0.3429360680098081,1.0392300476585996,0.7231291878420488,-0.17987306141552922,0.2318002428101494,0.5373254604774274,-1.0213442678357163,-0.30267344062022933,-0.14285103799128535,-0.4884973014320791,-1.1761940278231164,-1.512486216937089,0.1827092767955125,0.485154422994169,-0.9805425455623964,0.05438471763870263,0.975941307434117,1.110847769399276,-0.23569004381413108,-0.36080690630792067,-0.7423865536473973,0.21523864851711189,0.7095247047134401,1.0481805464517473,-0.7284612580888096,-0.5481217827571859,0.6760790359403127,-0.6660643675142217,-0.741642283397559
0.5190077780377562,0.6144813970248948,1.4504158160960503,1.0878960297456248,0.02143576178632592,0.21207794254643966,1.071973147554244,-1.6226546013656498,-0.1764752932279729,-0.6171897420224383,-0.25914753484547887,-1.9779457266306346,-2.7097999927008907,0.39850687833425913,0.3540997890495406,-1.2798046545645934,0.3312375989794504,1.8886487773473715,1.6554958030782678,-0.5528336040158348,-0.3637017564265771,-0.02827340263436287,0.6504092143337883,1.8446641117113927,1.0508797095222642,-0.8223764650175408,0.601320264098613,-0.5258596931669282,-1.9336115605252446,-0.8515062836508176
0.5504010549501096,0.8369811468786952,1.582216623238507,0.5953863186756141,-0.025158560494262683,0.28497779392496436,1.7625633273534802,-2.318272798722579,0.3908374724423934,-1.0983545628527875,-0.8078612714219986,-1.0986686108387886,-3.2632381939601043,1.3435207977893497,-1.2243524034533853,-1.9979761080879237,0.5652025211341778,1.53733154674825,1.7929909060873095,-0.9196687974067788,-0.03006485973963874,0.3171850912678573,0.8698838318653084,2.2559277121614993,1.6593393335887308,-1.6025926227838887,1.7654565608411763,-0.17611995930570884,-2.032954522895195,-1.3912597307628967
-0.5037870618993033,1.2618293365096185,0.1401144715919491,0.1974448162432807,-1.2201153335184753,0.16261643184992303,1.9345641856054974,-2.3053487385042857,0.0465964127858153,-1.4521608395860053,-1.5296098971399477,-0.7569488422717342,-2.5856707437968756,1.9803393601712256,-2.0358269254003596,-2.196821273682293,1.1494101253873126,0.2911688587374203,1.1663345962271408,-1.5108633723647173,0.13728433577788005,0.2627749280256728,0.13931163144525577,1.1684243488376211,2.052322475363248,-1.9049451094068703,1.9563503337213297,0.0769263500149009,-1.1956093366879155,-0.5706601866244997
0.020893973406446165,1.4224631679533448,-0.6376907957160047,1.343299403784825,-1.5689593129823467,0.3435405764088329,2.90748745237128,-2.1287225747558844,-0.9445366875290098,-0.3468692086986884,1.687722210674243,-1.7158920930264554,-3.0904473481281913,1.4428562424404796,-0.2866026867131378,-2.213234597256408,-1.3559346392662244,1.4495224506238789,0.39930075564846446,0.2575442522577027,-0.6998071558684291,-0.11242032489595051,0.0615700149425482,0.015246685978176938,2.1641412760650627,-2.1654939725366056,1.7316790789257053,0.8363067368820152,0.1441845088832584,1.452077817556455
0.27701908552912996,0.31442608271387773,-0.6142951231857652,2.181067801599973,0.26356281591428354,0.3351888689148522,2.401875816573274,-1.4410268532414274,-1.0609182367182803,0.8865135778994349,1.6070512656560678,-1.2354766603969172,-2.567611462007374,0.8851763294212887,-0.20125253607220128,-2.664218900835772,-1.0636368326363277,4.000619765964377,2.047373984924288,-0.5641140322327105,-3.0211277828329006,-1.6916380076799298,1.9651490956203201,2.3372253104519642,0.5443313113789012,-0.2725574965993464,2.571533420479082,0.7221017615511065,-0.45483538115172534,0.9422480930119228
1.198982135583397,0.008824405696201132,0.891433883573556,1.6616550315652863,1.2638701932011505,0.3271679923509884,2.5979157162962654,-1.353473541862229,-2.2640207465824145,1.4282887271119549,1.1185805798555672,-0.37988103434997583,-2.403322380069967,1.811799158107722,-0.15449466543134285,-2.822979240685819,-1.1324550859697229,3.210458047202901,2.3640506158046857,0.0026042864459391996,-4.053739730004762,-1.964560979236203,1.6992354974181163,1.3199777408430327,0.9180313200269596,-1.1269763241271973,2.4181673072190666,-1.2688149778763773,-0.08631748798912753,-0.5700316588141455
1.5326204450443455,-0.5210603447527954,1.3575605478637254,0.3450209545814189,1.1817151785555566,0.5220620808640825,2.841734470029219,-1.6254610853021587,-3.241371307139731,1.7263748958678993,0.9659756696150031,0.6456600944546909,-2.825409627380868,3.0630371923186517,0.13792797835597836,-2.85141152170112,-1.3242072575302437,2.9530891548914187,3.016102749529817,0.10336009570920673,-4.122266175744839,-1.517099366188137,1.1863530632489474,1.3958367238013865,0.7928638049415342,-1.8308381999557737,2.576640321327156,-1.670805414098613,-0.03857203343310145,-1.6672664790736045
1.48079791675037,-0.8749686095119764,0.7489654498537082,-0.6408000415103311,0.9253010122431371,0.6812930017220983,2.9577629215085115,-1.9987311971059902,-4.199897954463094,1.492998959599857,1.1831649001111437,1.6397665553854643,-2.967505242568648,3.9458413944295248,-0.36182460319449317,-3.103623640704906,-0.9331649633499279,2.7106783001038424,3.038312615755104,0.08991833949154351,-4.098174012122779,-1.347120706231697,0.8780895365861969,1.6251750668545413,0.9165393366877028,-2.229736168993308,2.6383030356921653,-1.8132481594252758,0.28138716774573047,-2.1343190093241153
1.150585021115637,-0.6879156498763059,-0.4791470698334864,-1.0255682836423408,0.6722025400221079,1.0192931216522876,2.813579797398845,-2.1917602041807456,-4.997584497679894,1.9881367345193506,1.186952366378105,2.0798889892887695,-2.9371511971217936,4.419275632013915,-0.746814238240425,-3.179088643143606,0.0841553941699586,2.3616696058579874,3.153808734688559,0.24364398203269,-3.7961680444251065,-1.675768920331936,1.110205458231747,2.006917851761153,0.24424727786194872,-1.914915823029732,3.260245369555617,-1.1299605948450397,0.49317291874920444,-1.3653176736618744
1.3571781374453251,-0.74161929901626,-1.380244673646106,-0.5836757931724028,0.5116012519277404,0.5958848797993668,1.745850129784215,-1.5620941443704717,-5.40023075307737,2.726983345339616,1.168716302954916,2.350973031933792,-2.618355504564146,4.650299242661026,-0.5990820839771348,-2.7252505116450245,0.9235475424672259,2.474550942951693,4.180492218666906,0.325963077599897,-3.486619182002337,-1.276406532652169,1.5386732486204788,1.7986770802074725,-0.3375989051748855,-1.59536775885028,3.9035917341387365,-1.9306233023328336,0.45673244113218625,-0.4255719025848105
1.9256070400150642,-0.7853992957765206,-1.6889436515521983,-1.0640526309081755,0.5214806754100718,-0.030555877555009492,0.10061683758041078,-0.7573056783720306,-5.74215369336092,3.0413063621196637,0.7547421732316063,3.208543282346606,-2.483835724216154,5.167260375235351,-1.0646828460636784,-2.425597148527509,0.5884862160054204,1.8943445118916766,3.8007747150831843,-0.01830105885456064,-2.886840509491746,-0.6245175061470717,1.5022150069950977,1.9920152203561654,-0.8121088905236739,-1.5636639337974707,4.289496152690636,-2.1232245138548227,0.6093683926824054,-0.418423571510737
2.048672894896722,-0.7457075006909152,-2.384766659267582,-1.8485042525425261,-0.2952664062312593,-0.4762008901541644,-0.9289521775782266,-0.6164705324704315,-5.959137192544932,3.2826340073045506,-0.034594470411745945,3.1492207257123184,-2.512036578256592,5.457593583956183,-1.4938704725953211,-2.079749159519923,0.03201590476270488,0.9450418483535742,2.298853078619241,-0.42784054751272627,-1.4600853243559941,0.4954251519873969,0.8045934137951741,1.7483161696788783,-1.7672033353136047,-1.3026055047379874,3.9734761551233424,-1.5190903059449388,0.39362919043200795,-0.4479551347438658
2.1250168193825516,-0.5696738487620399,-2.8604566744393924,-1.4363718977739193,-0.6736904303727189,-0.7701623645854565,-1.3188361075826818,-0.13473778326209762,-5.605826868037081,2.1545489070707697,-0.29984552282341864,2.386363943632699,-1.9610225097768104,4.288458109520991,-1.2145024062715848,-1.9023601251061406,0.041344304333247775,0.5760943110395598,0.340644842570961,-1.821488601103109,-0.2564663539910654,1.1205498546826098,0.7831017274861738,2.1021233253985194,-2.6606163238658147,-0.4774589660660798,3.325881597563623,0.516495000486588,-0.11778396884990805,-0.022309842018797765
1.4112562332423007,-0.3776440085415488,-3.115961483494788,-0.5545320408467571,-0.6766215530082443,-0.37425439244110476,-1.2481009824605591,-0.16147472117575973,-4.568616624678847,1.5718694098752364,-0.10226658060024238,1.3297767538817102,-1.2582697139872279,2.9572334823354596,-0.32470352740516106,-2.121746638647698,-0.3960771721829139,1.058478141547695,0.28053461458707213,-2.7277330866664236,-0.29960661044794146,0.5086716891409854,1.1172900537725683,2.2693945234810577,-3.181478830766734,0.11789708260479083,2.7326338225514397,1.937199319716981,0.07563775729756583,0.8486231660408459
0.8340436840537003,0.1618588872348118,-2.8498699226250013,0.34668716154019746,-0.5049894521572792,-0.17698276438471638,-1.5234702409419465,-0.9927917539924126,-2.9131151963997204,1.6140902278055156,-0.6481190606021326,0.5968422304320874,-1.418941800613157,2.4382269970571238,0.09762716329100872,-2.0465909357174352,-2.2904102126753827,1.3942861345733037,1.0377152627547857,-3.116110534154964,-0.5736485603647871,-1.5233286145568359,1.222463955789308,1.5602908513082687,-2.8565886765807935,0.17883190632910728,1.7694766583311203,2.02112680756402,0.3481938919410977,0.9886927778367129
0.6298491656947938,0.7838966936272063,-2.0905147351079103,-0.07016102635931407,-0.5086396938794722,0.006644148658997574,-1.3480276063091299,-2.5293923134807823,-2.0304163010181613,2.035686132684226,-0.5828059556208637,0.26377137012825697,-2.16919101788235,1.8157175186265682,0.5598284557484238,-1.926725364366673,-3.0236568361246667,1.4119044801039682,1.1169469425110787,-2.7065958066498106,-0.7903568114186941,-3.373811857957327,1.1605521714433091,1.0437644175623197,-2.4198711243201716,-0.4270550653851837,0.5527385073094538,1.1671261706395908,0.2892076133565016,0.6537236924965599
0.6786244490034468,1.6156695149852105,-2.1843284782890136,-0.16173810758111634,-0.31827470967235255,0.18851841987340642,-0.9541337797019882,-3.6332346639663986,-1.5932916207839234,2.0888541530638034,0.25401051994586343,-0.1850780377184921,-2.651788278402953,1.175548833845942,0.5540773736339537,-1.3932159344541712,-2.4851150591270277,0.8800243242745633,1.2643694295403898,-1.9825979525677488,-1.5437908946619336,-4.888312734275145,1.5035706884745281,1.191262052700908,-1.6977485390325409,-0.6352257153711267,-0.2867964946568929,-0.09661043191526698,0.7311658589665843,0.40160611796901846
1.2525620407086648,2.1706980771114335,-1.8886061633667843,0.4984018398521848,-0.06526900083183068,-0.2861926152559192,-0.7781739413237726,-3.8567731056397387,-1.4792736921491958,1.3111434084555837,0.8374805277751294,-0.3753728246130991,-2.8640139477420297,1.507669013674696,0.8534497667471179,-0.8780399993517197,-1.4949942023516152,-0.2741253460729225,1.7930507147510868,-1.4912509869014277,-2.482276424661983,-5.178142359465595,2.8619404218268736,0.6864589707153168,-0.8864363493022904,-0.36032089910564963,0.13955376348305074,-2.3957953760740067,0.29405918239443607,0.3664438859255401
1.9349424105731474,1.9206396580701166,-0.3138528957415475,1.1410063753226611,0.5026211117503594,-1.0171831192341843,-1.0743871077496996,-2.0510973283001754,-2.136507731655608,0.3795639306247302,0.851565218868796,0.07927874232994972,-3.51433815749397,1.198915749940237,0.5042526150014944,-0.029956338188077858,0.4079653807582871,-0.6965661340134789,1.1961231840636757,-0.715119371570924,-3.091137339301214,-2.6682678830250026,2.6754878302672958,0.5025022823886658,-1.1477359330052652,-0.1813016356572016,3.5751469512945544,-4.723152627709005,-1.2904529016754995,-0.6424673074863998
0.45268612694264276,0.6829459189720692,0.03414024595662779,0.367664340063362,-0.749358117524489,-1.8010413766302684,-1.599002594444348,-1.0037036158232953,-2.705858037168548,-0.3284313823010462,-0.6043189576122615,0.598648285350745,-3.3555742560066077,3.0032120072685755,0.5780033105955911,-0.73222211725629,1.5246316633880834,-2.586429051936458,0.264287160494376,-0.9539857185290779,-1.2238623269038769,0.12985142048738318,1.6695376834665432,1.1799645468377726,-1.8342446890489916,-1.0027282816340701,4.4994793569186635,-3.732656971457603,-1.9160618141538963,-2.817104129037305
-1.797423375647714,-0.023258467310047215,-1.2791539859147263,0.574033730612914,-2.36320632336414,-2.9214617459252046,-1.3982000681993212,0.14986184407630515,-3.0630426836160582,0.0990017703463007,-2.0780330502035893,-0.13024481350938408,-3.0739795807319443,3.0871385259983244,1.3497792875528773,-1.426157487360278,1.7792065666987544,-2.9889746950757914,0.3177248791041933,-0.7490365606819596,0.7932778457526025,1.1263721407967395,0.32907119885722125,1.0538308000796381,-2.4406084118229208,-1.236585057714223,4.1300751634638075,-2.1897087320331834,-1.2152136353675647,-3.4336362570970853
-2.8423009349771795,-0.7373471786289688,-2.0738288809888443,1.8843162102711717,-2.4249401558824806,-3.4093912795869517,-0.7713323237669641,0.8442416161303651,-2.6990199947100733,0.6084508265581255,-2.436297986489003,-0.5913908430851383,-2.878324444124883,2.081777491516163,1.9495414373909026,-2.4219961714716374,1.6335318115748014,-1.9407607975629544,0.8930600646347773,-0.23041649921137092,1.679887334192073,1.0450359588281841,0.10920935429216452,1.2864581881021293,-2.7962559691981927,-1.183577130177081,3.9373378184721557,-1.0847864393805193,-0.7393642730997543,-3.9747591264321604
-2.8801664640390174,-1.2247582551431608,-2.0176469612070473,3.1277393007778778,-1.7952882367634757,-3.2230198639668295,-0.4424551461007893,0.5136454904174718,-1.5465553227487616,0.9742181534315968,-2.296705658227024,-0.7821796669908769,-3.2560827219016093,0.9722662829258643,2.2714448774387526,-3.339182077423791,0.55066555991447,0.06431167504059823,2.3873237896338355,0.4614364069696255,2.0443081033940658,0.4979009564597573,0.650752323042405,1.1752601821094335,-2.7690245721503954,-1.6275324820582702,3.6072817465254654,-0.7495797960256623,-0.5479561023152388,-4.201725325328042
-1.857574322780024,-1.084668563556368,-1.3342998313729222,3.26822176394091,-1.1127166142968639,-2.5746515447644844,0.2855347837801854,-0.7702881074292867,-1.0072144793584998,1.4153759267053814,-2.131544363315562,-0.18165224102609379,-3.857783983778988,0.1592950216072132,1.1454601799725042,-3.943284796118559,0.0543389080076393,1.0715947717153729,2.8174427526370307,0.5301730865031351,2.3126391987945767,-0.16471029987477123,0.6185705982310903,0.12906752951295364,-2.1209583186682757,-2.2130145317427408,1.8627967346998766,-1.008234633500553,-0.6387067691638266,-4.7529847112261265
-0.7223086013400717,-0.8893602799781897,-1.0550659185036404,3.265453946329689,-0.4654386782338351,-2.10108443406888,1.6095247563660529,-1.859735072031607,-0.6662367100685678,1.4657787349361313,-2.078626456935744,-0.3877510516025912,-3.741448724536537,-0.577717031113522,0.7422265434155073,-3.5563670547917394,0.18464938558946353,1.1620663705406773,2.6243821468582813,0.28026911957371203,2.4284948385618605,0.2796303192700158,0.6919042575026882,-0.23590936728285183,-1.4451976154604214,-2.122933198439318,1.6431192299331265,-1.4041312669180301,-1.412986618926484,-4.699698803785776
-0.1892889214742186,-0.7002335164845808,-0.5160725472362326,2.8638005067219705,-0.1519199091013067,-2.302207100015028,2.19968023880971,-2.522059018686053,-0.2241466781726444,1.4026214882698578,-2.09011437015996,0.11726395770149325,-3.6475852497485985,-1.0215662271168158,-0.11601519545909605,-2.8422203981736787,-0.45257446511082855,1.8067037590240165,3.0362390702377784,-0.2923447293900273,2.218572005510629,0.6937719352103842,0.9605301946848306,-0.21013946154371757,-1.2735889412587076,-2.3974225024387907,1.4102637477642717,-1.2426448936806327,-2.004407286266919,-4.188364783944886
-0.3266953860817367,-0.5581172143573856,-0.5808932352952723,2.141616671202767,-0.3420477047419963,-2.2791582388438405,1.649329626461551,-3.289639204756268,-0.17844750812356372,1.0481780398777936,-1.7542479951976184,0.34118825486220206,-3.4896381132196947,-1.303908000674236,-1.8039903132246213,-2.010152511152588,-1.1272668321352046,1.776284966789186,2.791601939455179,-1.3518447725897476,2.1000104728448767,1.598370928402939,1.3001459861034004,-0.1801682460634088,-1.2674444993152547,-2.866635069777547,1.1008331339196626,-1.430621853347953,-2.2220312944254035,-3.5504313133058467
-0.8624712418016247,-0.021348944911568912,-0.7983788121404405,1.344479957295103,-1.412733490121434,-2.2390112935506457,1.2442767847587135,-3.633027818233874,-0.46253802363695407,0.8341966872842532,-0.49458335078536864,0.16099619597236325,-2.8617418082861943,-1.2080525756674272,-3.198417647918121,-1.458062416054825,-1.1145532488139533,1.0232696744113225,2.003629365833594,-2.392507773273392,2.1337208005790247,2.334819914507218,1.615321684071576,-0.50024763478196,-1.5515477917363967,-3.1997372695067337,-0.06042076198858881,-1.8781922960237938,-2.4039838380733354,-2.1583229386529625
-1.3224297978681263,0.5869600675767774,-1.727748626111372,0.574899352958155,-2.0874874103002843,-1.93928757292964,1.0659064175338502,-3.0853680476722376,-1.3690879019563384,0.5223429000150723,1.6985184425668163,-0.6283975384090961,-2.0653698914726357,-1.5812232736551133,-3.9925147458744474,-1.0373145162406454,0.9715106010209941,0.25277722266993163,0.49328425458929903,-3.121844673266026,1.7526885703190371,2.188303989733565,3.0076361511189713,0.055079771408643174,-1.796762509903457,-2.1699527322576992,0.0979005483930746,-1.3134165384265462,-2.26552332987127,-1.616150756065975
-1.4823004437467264,0.5953481392974351,-2.062563510729413,0.951947595203941,-1.807459194155551,-2.0580253273260936,0.4056059311153695,-1.0068310591433185,-1.7336002934517685,0.15820787181399346,2.7528108775465894,-1.6981764569452695,-1.3434750272077678,-1.4498798777334287,-2.4885567021448023,-1.3416831676939696,1.623250294375423,0.028986214391591728,-0.6343854204485798,-3.5540468629948685,0.7395895247384936,1.9219889049503391,4.031647064891507,0.10875543439517005,-2.234778340989799,-1.0613159167597044,1.2222190263538595,-0.40667556680307687,-2.0655455115060706,-0.7031636463053015
-1.3487975187767547,0.04977234561877625,-1.6669987393426733,1.5086440652505795,-1.039616076983159,-2.1514045963517905,-0.27747788584856464,0.264500641237973,-0.15907588479263032,0.051167817160334306,2.4601340863089067,-1.8495824780961052,-1.4366457641158408,-0.6322550594139973,-0.4867278678298213,-2.247553979130564,0.3090354452565734,0.014689047440648029,-0.8394275315472894,-3.0769099632340624,-0.23682524106822644,1.7855957799893378,3.699641875697502,-0.568889679816894,-2.3202253658017975,-1.1874527892932645,2.5197269338436072,-0.16001897409482507,-1.5499740700695952,-1.000584286411733
-1.702486669328013,-0.45772437840765945,-1.9604414703398891,1.015673519789542,-0.9810293590714099,-1.3077986511218866,-0.7362748385135558,-0.2828321690206388,0.6794394999746003,0.7084320785323519,1.197787296758258,-1.313492317557681,-1.6024990775987822,-0.7190132427105695,-0.3750955569877773,-2.904088699711691,-0.7031855444451953,0.09256582604394607,-1.0752396577063716,-2.807537659847633,-0.0868201329189982,1.1687761396080432,2.653354966311542,-1.3139265366976605,-2.1833195010091067,-1.809139759578974,2.392201213624231,0.18865236672675073,-0.9944660165235103,-1.8752249595892119
-1.6681078300194578,0.03876471972191774,-2.491837440894295,0.683945377639282,-1.2813868482459303,-0.2849566790142892,-0.4671589272094167,-0.87231469349303,0.9302746247926117,1.0027285220920097,0.6219128534218662,-0.675845447361862,-1.8575682528434327,-1.3249058143631953,-0.9598846158966725,-3.416463188057661,-0.20721629996518376,-0.28604555540742166,-1.6307641965477435,-1.876785469704111,-0.20121040463476786,0.9208234241635485,2.6000545780672093,-1.4302050072753634,-1.951777249077154,-1.3412485465976112,1.7475897293293108,0.5911413455154325,0.07897327419885258,-2.494180782161711
-0.9515486055833089,0.3927863036011827,-3.010811385455944,1.6143446348720962,-1.131779556708055,0.31465820132244277,-0.32252015627873554,-0.24065490007690124,1.3203531854603836,0.9181581808714214,-0.12168761027895378,-0.29321586012210465,-1.3824491943850594,-1.5291231407639934,-1.034551474306143,-3.0655859532758276,0.7142958702498973,-0.34028113441462343,-1.4441004162004263,-1.6935703980240477,-0.15649495048320383,1.3396184697103481,3.2775407143276047,-1.293628875654566,-1.7910510596501048,-0.30087502034003455,2.2427521309383476,0.6626619497649763,0.27744356247074664,-2.301357130915734
-0.6216473742868384,0.31716099382015295,-2.8408273751723985,2.2011260089390916,-0.8261301860447983,0.8293625368274531,-0.48917298482303256,0.5898857716386802,1.9207998440284293,1.3597745969310466,-0.5705606890646955,-0.03911534180788632,-1.2754337225629133,-1.5655786865371384,-0.7125496077888998,-2.7581017083271857,0.3648534523625347,-0.0853428635891856,-1.0176203888683042,-2.0993420337147053,0.33257510633596044,1.337787782317969,3.000259737889035,-0.6362889531901801,-2.1152621967376604,0.01756672919974358,2.3873867626769125,0.33356815230778974,0.36043896502676853,-1.4690500710030443
-0.5150549951200335,0.21991292632532222,-2.5090437574909856,1.9804645996060075,-0.5209066915796616,1.4782506893095004,-0.9855975327525907,0.7819717445887697,2.2806029597377693,1.6921014159639491,-0.8559711397567937,0.049656214276511026,-0.9413680636009374,-1.2669731358600134,-0.3970167384754893,-2.3472059901660876,-0.18215144348244042,-0.22052196434740634,-1.0605420155929262,-2.995297612352015,0.7711039322542521,0.5705162985181707,2.079718659938804,-0.4450244576085229,-2.1608507516177444,-0.01744055494895436,1.5090285244404473,0.05921066580563093,0.22095766040292536,-1.4596720114010857
-0.5349399036779904,0.5433940218389329,-1.8052903805972034,1.496325279731663,-0.618292750270094,2.056237920776569,-0.9575321224159008,0.35545267759660676,2.0813792398671893,1.6595957580356557,-0.4766648232583814,0.20157302277084227,-0.9822092611868348,-1.449654155534029,-0.4223707248088681,-2.5313247154331693,0.11758028993337458,-0.3802351939121782,-1.0206706992198284,-3.1709962466817614,1.2555067931471608,-0.36850821716104337,1.689017283165219,-0.07882593743225388,-2.2164699057012744,-0.0044826613244664595,0.5301381079447642,0.19530752595160272,0.2381822588456558,-1.2567723070638153
-0.30753883559372475,0.8399073482837796,-1.6433989221361072,1.3250886437301055,-0.5469798313592241,2.1934459004064175,-0.7188978861238189,-0.02813987336354573,1.9849347322600424,1.2504994176895006,-0.18491202273301188,0.33955731747985174,-0.6969698490857991,-1.51016996192572,-0.2800718388753255,-2.397401628686445,-0.07934825082210145,-1.5030556838135287,-1.221925077814718,-3.4524972674956764,1.3491850336974445,-1.0662190756982945,1.5938957845143906,0.3234947240872338,-1.7799548821240443,0.00854876642093725,-0.011541163199155852,0.013177087989179562,0.6172539075923907,-0.4498625695992804
-0.3008156857360055,0.9847612861661799,-1.6979058479865252,1.6055572601123285,-0.669628779539192,1.7173029704710614,-0.7620905089509566,0.625829035716357,1.7959451655764958,0.6040921738569298,0.23471522910567483,0.09051641359283838,-0.7996907437789258,-1.614237813818159,0.4853888855412905,-2.343063447152883,0.34184648851598787,-2.2404535829471106,-1.522803655150475,-3.5042210020857283,1.1495263323761091,-1.3536671152206208,1.6659507713085455,0.5554168024558457,-1.4556292306348082,0.46181695953145707,-0.23014527885551717,-0.9251598179013218,1.099090785642804,0.6641752457440182
-0.37649440675156276,0.5211480855517507,-1.1465447605323833,1.9678828846792538,-0.32379402882249414,0.8219594053336851,-0.9220933516977314,1.5095497211977946,1.6743365915749153,0.35905608900838715,0.7995758246655176,-0.18630374173081612,-1.265363316206035,-1.831742006312076,1.8423221371562424,-2.077254000070558,0.3494607587644916,-2.4328825253189783,-2.148095098530198,-3.0762430924483026,0.8213781990920982,-0.7663590976254023,0.7058682667639462,0.6239117061410246,-0.9916664825456949,0.476049641044053,0.48436026472510163,-1.94868047408608,1.328007283254252,0.714061209198694
-1.472586368941871,-0.044837178656036425,-0.681237719628192,2.0603325182821948,-0.24251448413008547,0.4090554272827619,-1.372320490066058,2.0181353843258,1.9888220205149563,0.14358253420810885,1.087003018864125,-0.33511129234324905,-1.1444142515178817,-1.6237176944225788,2.6596245223503505,-1.9615473082005201,0.04604366463446949,-1.9836881548375538,-1.3585873693305655,-2.7512167809594117,0.8181682658302663,-0.7850655501674147,0.09691828101193303,0.8838522427628795,-0.42143686971281147,0.08139167485252197,1.2730347839535248,-2.331809042274258,1.8521284475315685,0.3576251136985471
-2.215896301178183,-0.6190767499828858,0.42809604652329636,1.352763847144698,-0.0824497708655606,-0.4534321541637273,-1.1480715340417098,2.493495873316707,1.0271016866494107,-1.1292835880133363,-0.21830282503064136,-1.6149052106830197,-1.000636679325591,-0.6534392751563005,2.1673983601052003,-0.20736903505540594,1.0719869894497531,-1.674132577431647,-0.31920258668982565,-1.2172575397960448,-0.6349347067647638,-0.05517363262514291,-0.36853038894717943,0.4739084486403687,-0.589108623493573,-0.47146486593544,1.3146123111825596,-2.4683807007637975,0.31514907999833985,-0.3822814209829199
-1.9274992956980106,-0.6549342287722095,0.8784571828810255,0.9241341281500628,0.18030585180259062,-1.0274494871356112,-0.977176615470659,1.8575794339543696,0.8149259628105305,-1.1328812679608233,0.03204800726557411,-2.019858068445192,-1.5306347281586907,0.29642256111142007,2.2210040119756616,-0.887431536507776,1.5503073445008506,-0.6315265273319706,0.5153158754600762,0.29076811781748446,-0.5299434922106877,0.08726648252921246,-0.14066031107816634,1.1513516795258434,-0.7389695897299473,-0.31112834086386515,3.017531738487878,-2.026580033289397,-0.29130108527998777,-1.2030636457176311
-1.25136687793265,-1.5838454001652718,1.2412949038209176,1.130367477372664,0.08721187439180894,-1.891262100337022,-0.7926202862892942,1.9320184132313862,-0.3920664890029223,-0.2170208177107692,-2.3362637611474044,-1.9686265637978686,-1.9118682461536602,0.3998219532154399,2.145133808847795,0.29446423821894674,1.3368114325415255,-0.9287956057798057,1.314698940015159,0.6995400100814682,-0.5304194777760295,-0.2052351876721723,-0.40044998715180086,-0.3444032853258705,-0.9508992969904082,-0.10823025093236707,2.613388388080637,-0.22439637836838755,-0.6512603075935562,-2.4913411574918753
-0.8605116279109495,-2.2140446552909463,2.07724861859587,1.1233077547393902,-0.12981036648190475,-2.029193397138211,-1.004987351423915,-0.14309573017323995,0.5107854664655542,0.5639577658267394,-2.4010070920643565,-1.1307205218461704,-2.4937212893288336,0.04696982829455727,1.029949944324099,-0.604035863648019,0.39358044524087976,-0.27854536991694234,1.5244244292848557,0.5874620307820306,1.1812359516735917,0.40944691334587785,-0.07663918323963873,1.3083681162321095,-1.4631340379708462,-1.3426638460215907,1.562189679634282,-0.8729100232635227,-1.4185717542686163,-3.0080670200176765
-0.5721541053895058,-1.8921634413237034,1.6802349066993174,1.0472937618487221,-0.33068201376575507,-2.32273269819533,-0.7831046554505143,-1.4035737804214279,1.004000627759349,0.0684276998601617,-2.6441981701054758,-0.563537032387841,-2.1397053302943285,-0.20826941496818172,-0.8746723539841523,-0.8087147119973513,0.32076879737859637,-1.487451041757661,1.2874863684868108,-0.6557708727196563,2.6278330291880563,1.4611351256082272,0.23636162845322817,1.940596960104502,-1.1295037969248956,-2.0321847612654773,1.0717677570635284,-1.191662409341245,-1.5203365689213069,-3.00488752015544
-2.2281540890018117,-1.4108195386440001,-0.1801975261415934,1.1318123357916419,-1.6829387219243035,-2.5009507889186495,-0.5292579698484978,-1.7039391001916544,0.038459081361616326,-0.03884303492042684,-1.482926996770289,-0.728067805290827,-1.1677019025818343,-0.6027242252993391,-2.2997860609104106,-0.8881518773975432,0.9841926733721985,-2.7645249659511704,0.0619273419959208,-1.8778968296338294,3.502026649892057,1.2406147666043796,0.32316036740599063,1.6850252144115576,-1.1594285834599987,-1.8947544990614447,-0.3377530940293051,-0.9850857537602713,-0.8900250148604811,-2.3798489942977246
-3.0866857894395285,-1.1899811156141578,-1.2671283183704325,2.097412516298989,-2.1838813796833922,-3.0383462725214363,-0.11423512524962272,-0.2272967108329329,-0.4334810884269619,-0.17064716615292633,0.250994592151635,-1.6197167812299924,-0.3400248375029105,-1.5524622561432984,-1.516086441489641,-0.9158156829574887,1.2767308688032726,-2.9367555449983778,-0.9386619396386607,-2.12666248386899,2.753853794874987,0.24401278286115285,1.0725544844854724,1.3125310944261854,-1.6760112339510838,-1.2486310860085559,-0.06554997489552142,-0.9618017073314374,-0.7336654762240102,-0.8527327971312135
-3.0878705710401477,-1.2751613088449927,-0.7829919016388385,2.817069992691646,-2.2060795450548087,-3.7038956810244854,0.4495031376446475,1.4419690665539164,0.10734037228852836,0.7558660123935838,0.720492482060298,-2.0031739582378667,0.0700505687623166,-2.089643557175487,0.5480285894632522,-1.2463626788330546,0.9566473254291388,-1.9936854768583687,-1.2964931058321179,-1.5471553556386923,1.9601666899877879,-0.6109742674157418,1.4441800422333724,1.1149282054733043,-2.3849435256969502,-1.072643670979331,1.0007872734221324,-1.1569075260626582,-0.8718059683999986,-0.34801993775986473
-2.113519185738791,-1.3311741687662417,0.8961077007524407,3.1573320302402146,-1.6119204989086535,-4.195237802755616,0.6874888738958833,1.613721909587954,1.6565922508692243,1.4623431627173653,0.0307074809369563,-1.5142220621855513,-0.217187870432012,-2.1032954358390255,1.4961495764381536,-1.9722797061204722,-0.23736411160872406,-0.49450812862811955,-1.0089305370278077,-0.7547364080847901,1.648498256496025,-1.0869872170055863,1.8253374625220442,1.3626053159912714,-2.7751951847232696,-1.6928389100232875,1.737001053420122,-0.8905821029911702,-1.4742315578789533,-0.9283716979527383
-1.5959578522168127,-1.166688827717612,1.6513374552453766,2.873515806492931,-1.3160537967870591,-3.7413766108221016,0.3985693619104344,-0.09235924459392475,2.7300535157121577,1.6741995253065831,-0.34657892143072166,-1.168931865764814,-0.6370916877666604,-2.206498256790184,0.49452466885955315,-2.1322445714420244,-1.470323029210427,0.7120326863415667,-0.8198705629277349,-1.2540752336267855,1.5480046406958934,-1.3528688417905004,2.1869796165825575,1.462076543800731,-2.3543159976115917,-2.6985164372419272,1.1379553624002323,-0.8462906634347791,-1.7335403298745669,-2.028903826265508
-1.2364689718995017,-0.4401498749489776,1.889931378200173,2.417488860744691,-1.6032029527483858,-3.277396340335177,0.34706986139723084,-2.09301581056472,2.988809054139953,1.24948955534899,-0.22774226533198783,-1.2001765619589666,-0.7906654431630664,-2.331503606339263,-1.4364728051091005,-2.237865615921027,-1.6368716907697807,1.1775248404961265,-1.150054954819129,-2.3265123743601306,1.6545134251486258,-1.7171053101836862,2.568131259727555,0.9105636418324095,-1.5577054089045728,-3.296992265890965,-0.4154448791588866,-1.4925143934738934,-1.9144992446983555,-2.4863367253168493
-1.4090069808347387,0.8781683813532751,1.206711906277497,2.231189809800602,-1.9348223144739876,-3.1564741782584336,0.39521937575743216,-2.5236233589290733,2.5006935005232487,0.889956154571085,1.0691249111837227,-1.8377807949133949,-0.8405025842134501,-2.8758997253533214,-2.0503288868895213,-1.7333683384097578,-1.178948638947368,0.6992072734051853,-1.6611108590438899,-3.959771339003963,1.966418680557802,-0.8978010079437736,3.0223329524540294,0.5205394836352532,-1.622189384248365,-2.8408029332204903,-0.7933266906653773,-2.298126613199363,-1.9767072943262214,-1.465265684336952
-1.5791495779343787,1.688280412824623,0.8475006368494993,1.9490155854923168,-2.051320019937735,-3.5109503457931885,0.3412813601580633,-2.4029792204674303,2.100094755191243,0.5863051872864744,2.001204300429379,-1.8719970800832635,-1.0390998066136599,-3.347066286233347,-1.8330038425465036,-1.159353511783392,-0.8971491248202619,0.2679759669284015,-2.2665227844639846,-4.939972912912658,1.4426074383718204,-0.5288083036184968,3.1294943832886775,-0.021181110482761077,-1.3363580615606077,-2.672107652463332,-0.29328135173233283,-1.85806744957765,-2.244037518648853,-1.2537770858191257
-2.294872889959978,2.023901068608642,0.5295083430717005,2.1249424193427973,-2.5208980614689236,-3.4323589990968664,0.20325592587653052,-2.147910852692551,1.7806433765011034,0.36650350197829146,2.5806505245163565,-1.9976417770480845,-0.8321571928671876,-3.0928068574910292,-1.25612292914678,-1.3501652281225416,-1.4849673004644244,0.5699539679743116,-2.8136602320271296,-5.463989321715049,1.1588506246343255,0.07159371638122161,3.1606063791514223,-0.34685233158669443,-1.6208476486162653,-2.753346921517331,-0.20417504607550113,-1.641625408929238,-2.2144199532165407,-0.994186011346324
-3.6827983840689114,2.9850951460310453,0.39032103685682795,1.7803934035031272,-3.9028057737160013,-2.2155078011336395,-0.3276570727731412,-3.305717837239609,2.605684939111091,0.11235989446559402,6.705534626174468,-1.185062857387323,-1.6013754168053609,-2.1049514017438082,-0.8398774473656073,-0.920042137669607,-3.6914801060460194,1.3261079086193464,-2.379717108293667,-2.6598880552242967,-2.2932960830582707,0.49328543597951213,4.264010321505022,0.11783491620325838,-0.09928758285144207,-2.4753923020181405,0.24544652415791712,1.714481780301161,-0.35449106674346287,-0.7601550453666537
-4.58200328388902,2.6212368591578046,-0.9770144581679618,1.9421835615319216,-2.861646547766119,-1.1794472476065416,-0.9850422564963535,-2.4525811523807666,3.132532868929434,2.039421486473451,4.890133675775659,-0.5196243658121424,0.0150149160753953,-1.3282306125238514,-0.4928816471890067,-1.6269011991901845,-2.3346889369450134,2.5565244447235913,-1.9320725845043896,-2.772186007332313,-5.178053588739083,-1.4248318114685006,6.347316394439297,2.0547952875420803,-0.4118402958377262,-0.3830605974991711,0.3176248067866709,2.3075090844825406,-1.0092290757064961,-1.2392638860318559
-3.464708541753622,2.2748395120513942,-0.43031663506285395,2.4840832144186247,-1.4952366181615058,-1.3781608528486737,-1.4844927760486935,-1.6136483748560175,2.59054212634633,3.8545139015652303,2.6827625516228664,0.30421059844079607,0.09178749437507629,-0.05689624801746837,0.6730516339671928,-1.8078445813742592,-1.4738636106544505,2.720356565459669,-2.5843067542127516,-2.5944676267535174,-6.288791777571521,-3.4888361657712053,6.792838277961312,1.641526650671575,0.1893296276417546,0.11124815718374094,-1.1751410036290464,0.3244968017407085,-0.885505232135027,-1.8833315248444753
-2.4046717650447,1.4926481077372982,0.14770896212762352,2.9697271536551026,-0.0019447780936903136,-1.0105107553260826,-2.0448104504500275,-1.5091524737930178,1.7011437669453784,4.4112752349526465,1.76549526666875,1.0124549036198407,-0.2315107161357597,0.8092198234307064,1.123104217192177,-1.613157647476749,-1.3400950430254355,3.300471914966524,-2.771557355948595,-2.861572461850617,-5.919515706841543,-3.8817650776086405,6.42174884253819,2.5545429767284697,0.3266211338896139,0.14568350154867477,-1.953703590869271,-1.9525417487795198,-0.5864555306007087,-2.641329333323074
-1.988900772717819,1.0400694030040896,-0.35707679194725245,2.0950154696867807,0.20566134409445513,0.06939638123844041,-1.876348735201908,-2.514485703088724,1.105548528150437,5.1772794567838485,1.3115121009896522,1.2157618196272175,-0.9624850537662035,1.8032951066342948,2.119997705865871,-1.309211739991937,-1.9387441132858472,3.347604187201485,-3.7113935831342424,-2.767253627332095,-4.6662054674994105,-4.644214032569569,5.0719805171632295,1.4230546793406942,-0.569621400102813,-0.5356522724242923,-2.2117640302059307,-1.4770080174427453,-0.584887089288086,-2.8348164100797675
-1.3942127551642896,1.242530267830311,-0.7603397321483191,1.7414850324424158,0.693002953813328,0.680462785421425,-1.0837996992445533,-3.236352937623082,0.5853495124377095,5.548278874722872,1.6578172860360214,1.3972498727075289,-1.6409127567956177,2.456341297535767,2.4766860478509907,-1.516743644978318,-0.9154009981039218,2.829640666957597,-2.8978293240420268,-1.5676815120401812,-4.615102917761115,-6.360630125714367,5.766234017403942,1.282643839569416,-0.26519443902441253,-0.4984358059892283,-1.867307049155181,-0.6154140646938242,0.1463905611525798,-3.4742881629933158
-0.17149690003897594,1.113068144778616,-0.8829504376483989,2.3201726744317543,2.050898209368145,0.19572589945292276,-1.0430486623867936,-3.0367368056767776,0.09837426831906082,5.141781099516294,0.6627625235968839,1.6952666711220634,-1.9427749152543128,2.7714773402936106,1.6538960844705053,-1.9129497211193212,-0.0865809794290055,4.45661849453683,-0.7414184276530766,-1.547914481616508,-4.8418574137578005,-7.45374170382834,6.629724833196442,2.6671160195166244,0.8676790435071279,-0.2500326670826979,-2.3260693447595946,-2.5641530987173975,1.216799312226507,-4.057115094881363
0.3288490222372163,0.8801842191600221,-1.323051002830598,3.014460305087351,2.9009500205700216,1.1267353508401925,-1.421558780723355,-2.954449776760949,-0.6280299655113717,4.808352211048909,0.6208925224171273,1.9607633094072618,-2.518971987726924,3.4841083316058175,0.9497305791769937,-0.29371178620912786,-1.5147548132646629,3.526112461146164,-0.07080174738275147,-1.0580256700330375,-4.06148615254288,-7.00643095892296,4.879104737738509,0.7765556106381424,0.8713048603620553,-0.7753385724741612,-1.2846050148092416,-4.455510740760925,1.314330241889065,-4.135235118781006
0.6107473112163914,0.7844861391674985,-2.316306370071648,2.673303687888411,2.959045705988593,2.0426700804256392,-1.8661180005621314,-3.4451812708224474,-1.1076689724021358,4.7706024802397575,0.17670451180982827,2.284583326312133,-2.8890679979473424,4.218577039189317,0.31894509422691864,1.1252615652406512,-1.8758015241896426,2.896727300646167,0.20677043110877646,-1.0134856788491717,-2.9312867365204864,-5.441975020829915,3.9435551705650096,-0.14233708921276073,0.4410717337611051,-0.7431346366823008,-0.16395923504792487,-4.787491960466819,1.0000668636002576,-4.48387442595351
0.7161304668792439,1.06209670809058,-3.540885456825412,2.359199730178916,2.337299331727573,2.9188778441620693,-2.824505152455534,-4.074079020127842,-1.4885885109636274,4.226484788858415,-0.22634701821352976,2.3071822434054714,-2.944783805703053,4.201196870657748,-0.11768558660863465,2.135145702869652,-1.5146933390203647,2.2139026621180893,-0.3930236604416273,-0.8300528219843898,-1.5613913828480441,-3.925755240705983,3.130904703076491,-1.3640201338934241,-0.741603276342439,-0.26055093732613827,0.44617387069965814,-4.038075148509574,0.962392973059247,-4.1984257840824135
0.44130274619751575,1.6469079490661165,-4.127684626048264,1.9685889632398452,1.2007757130424976,3.4835663122155953,-1.9104098061259707,-4.875308107235986,-1.4430554772786313,2.8700030478821708,-0.6272662178681949,2.808965681277324,-3.3557736645075513,3.694705114336959,-1.273002225579731,2.173368658983304,-0.8100013580005557,0.7327078617004783,-1.480198998007889,-0.4466006193754652,-0.6033648086269626,-2.276595079522296,2.515070336882507,-1.0149590184568382,-1.4566857411794327,1.0314043467888898,0.615877724750968,-2.0013619448075324,1.8685248398415226,-4.633163153799709
0.7136179168951715,1.973126501609846,-3.7716153240049337,2.63153366219974,0.7999709476312603,3.461503422256563,-0.5570740143430738,-4.90247285360682,-1.3941664134381395,1.6932974760034547,-1.0744978683424282,2.562800766498339,-2.804063682862938,3.0027230212766463,-0.9361476984675416,2.11208458424562,0.14185203437768096,0.7375356845662915,-1.6271689154704305,-0.9891290688211147,-0.08298778548060401,-0.29490347744067924,2.3455556506915918,-0.3394446877761128,-2.5650175191727356,2.629695424852983,0.5703678968883337,-0.7318004760453555,2.2359067599797093,-3.7495229228302756
0.2109391087864717,2.194467170452989,-3.040714828625118,3.392127513081737,0.568523419895848,3.238296391397837,0.6000890984971373,-4.856993996946237,-0.5563288768271727,0.42996416454582326,-1.4780198866972372,2.222183335454732,-2.2388942073127525,2.759048005763691,-0.12977354331476132,1.678125439282159,-0.07507404288046411,0.6905656487214484,-0.5477455705593817,-1.5968208292547486,0.23834525201920748,-0.024443334957436835,2.83595459455012,0.1693023691223233,-3.1185151026388658,3.7240008366107937,0.7206699545740141,0.1285092424962414,2.6181580677620357,-2.9506499756439752
-0.1216468759339385,1.890098456382697,-2.387771325621938,3.263020376757607,0.6380387888173289,2.6180947101920484,0.28684776801650946,-5.098889157793878,0.26318719517554756,0.23481766853814323,-1.871342065111424,2.0265353461700277,-2.120779378588769,2.4875021845138905,0.9098806017169291,1.686347812130982,-0.699201072156135,1.1322292573493606,0.3766158693497862,-2.911263510817306,0.2902015777846101,-0.48083666332077785,2.805916996918558,-0.4242349108162347,-3.592241758744629,3.394411364731982,0.0005245582928787851,-0.2920820589391869,2.3657080604880947,-1.5668410301042717
-0.39795015300151176,1.875275449011597,-1.7014497039099943,2.450025209736175,0.84686193807993,2.55610384154348,-0.07671929574116632,-5.74907776106016,0.7852405097484118,0.3490009749257793,-1.2456681889625094,1.7058102406280102,-2.65911163598744,2.098014660833922,1.7736295204748584,1.4054400225290038,-0.7107201936736478,0.6538896173201042,0.37982012134259,-3.184294201980751,0.5823074096287635,-1.7445579208528672,2.358530093801489,-0.35874602871756994,-3.461931588610973,2.701364989182382,-0.6358856917019201,-0.013655692906031414,2.702221536523411,-1.940842612535684
-0.40971003438302367,2.07020328717999,-1.6091056761801041,2.1693409922886704,1.069470583240864,2.4807044885127545,-0.09378589988974563,-6.652965346484135,1.0947507046058038,0.48529003437205226,-0.5382538556484552,1.572098972453216,-2.935500602804177,1.608259814490564,1.8488784992108895,1.4478464957498596,-0.4854618254927294,0.7332661388627242,0.3222961382266194,-3.2780290654339104,0.13483004327467582,-2.8638901057382777,2.89641967812638,-0.6956717643603503,-2.788504755798851,1.9540757234999013,-1.2819489349951017,0.2429041379686374,2.7592402563394187,-1.9953817251329213
-0.39223212640014565,2.314591814495689,-1.9352379825047623,1.9625440644838548,1.4514143389255847,2.5494349532790195,0.913755246135161,-7.037587481139688,1.2912988754169232,0.9651054448308887,-0.4102041597611525,1.846602887310103,-2.7624386943780577,1.768855054841864,0.8400252350860551,1.5682242312531158,0.14380946313253917,-0.023119235774665393,-0.3927320854605307,-2.856333489263686,-0.6351144063079567,-3.824312743716299,3.6630010456600406,-0.6390222931699259,-1.9064280748927214,1.9054223104623635,-1.439639590107782,0.08914703141526936,3.2875087366284186,-2.4478028710688444
-0.03720270621248689,2.224285583473181,-2.1798899546827903,2.9336107359203183,1.7310648903341743,2.497397131360811,0.6752084089202274,-5.830735611823053,1.730439317586081,1.3064343669918541,-1.459670052172175,1.940559316820922,-2.3668515811457973,2.37650840781226,0.800593159794128,2.047981617859609,0.3181135853420305,-0.09975371769173519,-0.8886727044275899,-2.776661695219567,-0.5630142864636356,-3.3815530413105566,4.175104352266753,-0.9051275624008133,-2.1309643981304713,2.672590823552441,-0.6690012905900434,-1.0813235009412399,3.3810285652499132,-1.696228381789125
0.30706613442053504,1.953687231279936,-1.7722059888617117,2.777473097781232,1.7131078395551995,2.3482651252032447,-0.07982425324383627,-5.575615330183585,2.011534829390756,1.38338168193387,-1.8860062519307421,2.584590785483862,-2.6696396928368418,2.501841484571022,0.9424294599989929,2.4444004422361516,0.0765296009040994,-0.6725701059347761,-1.8753006630352018,-3.18338389690516,0.33293202940452715,-2.8992736642449692,3.296857267594194,-0.9913922996844029,-2.872090322976309,2.596323333095116,-1.01590274880357,-1.7658398369712391,3.5679178003780425,-1.5487182361111251
0.4099461445773153,2.123496985507738,-1.3820123533351332,2.7456728360834406,1.579706310794393,2.4552286337661267,0.6011674871668844,-5.432509932465782,2.0479890492635198,0.9847871449269315,-1.4277177150699856,2.685394839145653,-3.0907997384365538,1.762496073363007,0.927292863868241,2.504500307396797,0.38316574250021584,-1.7560446070398694,-2.6704685400042236,-3.632579740592634,0.4304806923516703,-2.8412366007575565,2.6745864265708073,0.023496911876961166,-2.9831190762391113,3.2327482923609105,-1.4458904872664,-1.0528808685092506,4.20091039374892,-1.7324824060576698
0.2131103401889073,1.8791284591134478,-0.867696766229234,3.4522579089415766,1.2162036438545345,2.6356235712588694,1.0806085171873556,-4.573721201008212,2.1384297311340226,0.6227673210982102,-1.3303412111528976,2.1176853571877388,-2.7436863636527486,0.7986063710667228,1.7656829682402044,2.8930529042840156,0.12021334824208595,-2.177537107321794,-2.782512792092021,-4.794104056807798,0.3389611496673345,-2.046461984800045,1.69080561941088,0.6770435331552631,-3.604807763490415,2.9301330949584417,-2.422526176153015,-1.5375585227409903,3.7096224128346313,-0.2983332864622954
0.0459962006897896,1.9048521532393616,0.12186218794543102,3.877768546740254,1.3783564681606457,2.51776385073524,1.424945152412364,-3.903589416873359,2.223860525506752,-0.12874334124954426,-0.6289178371748584,1.5284986194075907,-2.5408653808731043,0.3430862084391503,2.8662234801778608,2.680550601946219,-0.20714448545730765,-2.3026321692236156,-2.40680146624166,-5.297623287311286,-0.11003411850624423,-2.126112030002807,0.9388710934256208,1.2428777051060924,-3.5272168098895853,2.3545231123575476,-2.680352686573132,-1.783442876630943,3.3367063021631704,0.31144911617997817
-0.39704227288049565,1.796608300708944,0.580526620109163,3.9949093197419248,1.1818400980520711,2.213980475548312,1.4456541771632991,-3.754314051360827,2.449179882020588,-1.2547632878624921,0.2526390464734546,0.30090355862969953,-2.201163934642792,0.07600053819379887,4.22253945269656,1.930142850944772,-0.2870682844815732,-1.785453545398764,-2.214876134756748,-5.0764280331290275,-0.871065796915367,-1.863048212772354,-0.10063555114697798,0.9793586521610133,-3.3180890598119346,0.5709873443262093,-3.353802665787692,-3.187211315597211,2.6871832171485868,1.1577518635285529
-1.6930666501497256,2.7864760613219737,2.380550948073958,3.4256896662629286,0.5711453864226894,2.9470950106492912,2.716620575524466,-4.509609441663175,1.5318267395876577,-3.236220705836371,5.468009807193638,0.1460952066037255,-3.866262106265955,-1.4499586516075693,3.4462631817417724,1.973654151998827,-0.46017900545074736,0.894509305844827,-0.41280056858253533,-1.5897094749785463,-2.706504393692742,-1.2052294396446381,0.2544092330984683,1.0512413990113516,-2.1837704160170555,0.7897558422407145,0.7724040488897752,-2.304145560364435,3.4584936339744905,0.8386162792676113
-2.6657995913768975,1.3676273325647037,4.745587689408902,3.110175477944175,2.1955832504816457,2.8702651130814973,4.4409295662007375,-3.667126095766076,0.6399536653385618,-3.0818390605732335,4.232883997494987,0.49917714907159677,-3.527238347181967,-1.6408358832048502,1.551710896666604,1.034767892103659,0.7394220649017597,5.163440665046181,1.4627335925915617,-2.673388736146284,-5.616551285671626,-0.9596528246590077,0.24293712732899073,2.299032851786722,-3.0401259254827355,2.393800642273516,4.862341257970223,-1.1648706152771489,2.0613276716738707,-0.5174415571249452
-2.516379045793309,0.8906020363036586,6.648221905333816,0.39322350949638174,2.37833819277593,3.1027542704953084,6.217110671135571,-4.539501088924681,-0.19114230691916223,-2.637928188299728,2.7719624299683825,2.7011389222952977,-2.1510735781131465,1.0792696594016498,0.3673842299683627,-0.8264294170878999,1.0622545291127683,3.6463403970014148,2.488430367840545,-2.1283466474731534,-6.835695865019016,-0.28496911555326127,1.1775525920213785,0.9673391847166306,-2.3170233093771118,0.02177193097173842,5.261020401538682,-1.9173253973858737,2.6644662838288067,-1.3011690605681965
-2.744101301703998,0.6338222393114903,5.7671572354058425,-2.205895354124694,1.0890679473813638,2.338431966496394,6.994742342233433,-4.633433027339392,-1.3124113680099665,-2.097589613255481,2.66710525461759,4.280372025004556,-1.5235865313168755,3.5361956495045903,-0.09763348778331268,-1.3497530368707873,1.6258158644937657,2.302507750149466,3.3375609452631143,-1.7975655272546653,-6.902472475776256,0.4746958420954925,1.6527231073195399,0.7850059790192967,-2.4426238835424763,-0.44186568152669925,6.5020737162494155,-3.099542741809368,2.8158376957255897,-0.29303410049278233
-2.5948453284402357,0.7244260531781723,4.2334238622320495,-4.173212585362732,-0.4836593545288872,0.3973433216135205,5.835683287453666,-3.839057377751066,-3.190436988242848,-2.0537793183340485,3.3072347776252817,5.273348600967301,-0.7864431596322189,5.235220568356341,-0.40151764118183686,-1.1532200909405623,3.0347375459793766,1.4921652442510867,2.9402628235533776,-1.8223304986686093,-6.1430701788459805,1.237849405115577,2.0578633355944165,1.038016809714017,-3.0587815809961274,0.23521183539925974,6.941934398123527,-4.201917231428244,2.9302592607679148,0.7094629089381224
-2.0816228510653514,0.7407916476881403,2.613265099182174,-5.763160933444598,-1.2156393649746653,-1.7756018315470559,3.6544950925412065,-2.426934269912522,-4.4349718229358075,-2.3876515308241117,3.831479777121461,5.803298333910432,-0.3570244160481847,5.890678321706885,-0.19849708231668434,-0.3780693564256481,3.29696930152912,1.203043967830623,2.328796980225154,-2.1072670401687468,-4.6328388975672725,1.268017534107447,2.644308090368466,1.799898684322248,-4.076555268444727,1.0679682688807783,7.4374811263311535,-3.4827400762174783,3.102928719594691,1.3804749529809341
-1.8577588934273388,0.634916535960716,1.7379119815969346,-6.250515595696069,-1.78851632653465,-3.381996909297392,1.3808966773192117,-1.3197298238357111,-5.18981119604936,-2.202723652444141,2.8909459869304888,5.290974818116613,-0.1524852357697351,5.255640247973279,-0.8165682209303168,0.11409644870337833,2.2999077061694515,1.6512319445531223,1.8996370441161865,-2.4157326052520127,-2.519868712284535,1.4228959589934072,2.7116472581738504,2.071531629382727,-5.3333228338460525,1.4140101155140765,6.395890759581119,-2.4822582111280846,3.232109068162177,1.3929685315688547
-0.7976768069767212,0.5844977486684731,1.6174288284156089,-4.716413025098307,-2.034288918600014,-4.531530790188179,-0.4338475840549266,-0.7112367875378748,-4.249255342491447,-1.7870681622661984,1.8266733125102863,3.4371108278823206,-0.9762180449627857,4.44278927084352,-0.19007401671391122,-0.08448493407936908,1.3719393088371952,0.9341183222492331,1.160323940387741,-2.9128853792752913,-0.9153623171191543,1.3165129420579142,2.886240715648259,0.8982749028904995,-6.177025085021307,0.7205941610356736,5.12580805184155,-1.7946274703461724,1.7298648683237192,0.5012744478750951
-0.6238609850064761,0.29507920391359166,1.2416810290965725,-3.6362502665866345,-2.0369208619785244,-4.9298854152191325,-0.40990701175132294,-0.9961004504011,-3.6710431830206063,-1.713324600988773,1.748707216967235,1.9839249349940524,-1.681322741812432,2.9300708592758493,0.23954861983672232,-1.395066277260911,1.2288072912918768,0.223050410467555,0.4869091381843791,-2.9627010735267882,-0.17951709506292807,0.8807253209667409,2.904005552492385,0.6462213533557677,-6.425379546498308,0.17990896603686876,4.010779568139468,-1.1046080839544103,1.2521065335077775,-0.808761273187839
-0.6821401005399869,0.14480509376276363,1.3187967342723008,-2.0831400312531736,-1.7961762448410916,-5.800112801478374,1.5889642517748397,-0.6438234913514943,-2.647183914704337,-0.3465265476735262,1.6532995142101035,1.0368197462722522,-1.4863200463121962,1.1397402578525269,1.2700034926305583,-1.3429209316662152,-0.1846753125664456,1.6430450741197224,1.578503194433374,-1.9665782688062616,-0.3494549793763362,0.23023734273908159,2.708974328122867,-0.47823592198325476,-6.37803166460393,-0.21284115385252533,4.4935293655677935,-1.3015252753735351,1.2340583889339067,-0.8735228803935948
0.9953829893637294,-0.12341584352490442,2.7641394122545186,-1.4446856760308364,-0.3646128718674757,-6.178233837332497,2.319037509076054,-1.49473603671221,-0.7873398861351062,-0.0813121327278308,1.632343069119626,1.9512401974811278,-1.7491230293885975,0.08215318153536519,0.6483334993613271,-1.6117809983901337,-2.1802294937776225,2.8986339300762323,2.22122150318816,-1.545430903618034,-0.22088463062569363,1.0203684058810931,2.6357508894586994,0.2630394964565894,-5.572186714581788,-1.3095158019956412,4.765721612747983,-1.7934198750930124,0.9731200053495508,-2.1856586396755735
1.4006303820495174,-0.08292847326651254,2.65759863679342,-2.4419014358462494,-0.942409860221358,-5.426131165194474,2.8042599412865314,-3.6453944337258353,-0.6275639093169854,-0.6649993392788076,1.1647359997742164,3.1134468593320817,-1.203508114804681,-0.04161154626192376,-2.510408265485836,-1.7102025412035342,-2.9458271791833557,2.1102254697878795,1.2746404951438777,-2.415739668987538,0.48537930065656554,2.147317910229048,1.7232562893882373,-0.29820065740370927,-4.343211306736209,-2.8968480409903004,2.214367313487076,-1.5527647784242495,1.0009591276181276,-3.0542018835553115
0.5931467369470573,0.6313845130206684,0.19609084081920097,-2.110201339218572,-2.622975616936564,-4.163353600370465,2.9563174728057375,-4.395098696633472,-2.269613976098671,-0.9813221436084064,2.543290127619914,1.8261276456635582,-0.17648645169646876,-1.3851582373439735,-3.4691642541636116,-1.3889780583082367,-0.2480628015683483,1.2575333835249918,0.15170957139008145,-3.2314026274013514,0.5450304270925258,1.628489247568987,2.220353010173001,-0.07914346878263068,-4.441259442040218,-2.12914409664573,0.4329684478766174,-0.17882245695327986,0.6726176925356386,-0.787138102849686
1.2565809591648363,0.8637138140449,-0.8916529719706621,-0.25640558146247333,-2.4750696706745083,-3.816103281222236,2.398757780875176,-3.724318073135023,-1.854779288318155,-1.5669736156896408,3.668076247371589,0.48532825620429393,-0.22372920578810376,-1.6906356877150672,-1.8417073385880063,-1.5776307680906818,1.0534038444504963,0.25367899128708105,-0.3048462357128747,-3.5497886967337164,-0.812324186918544,1.1726245383313694,3.7930079376122063,-0.12531240442776392,-4.571855701677249,-1.42536572736912,1.2677564803210946,-0.3434177589289735,-0.9630494139792547,1.8097816302112535
1.417382931906128,1.197554675969267,-1.4560962756669102,1.0687746131726326,-1.337516324106221,-3.425291618955758,0.804646597108684,-2.6236526116657575,-0.8652730027093529,-2.078960426093052,4.791145442657726,-0.5284013045505438,-0.6610931860504026,-0.5231426745112124,-0.053466984506403886,-2.6090646074657666,2.7005198325640967,-1.2473257360414758,-2.485762205303012,-3.5836030777197294,-2.380531335883718,1.8195519647166312,3.402376103804084,0.5444762459854381,-3.6478665970961037,-1.1922826995596876,4.394987953430946,-0.9073781146186439,-1.6850055820028,2.2745351800368487
-0.06101177284727208,1.0864222804173802,-1.6616841388163326,1.3934046008314631,-0.9463242073081859,-2.896975748202234,-0.6326132538061779,-1.1798662058999085,0.14735850753262597,-1.2328349059303148,4.0394643332666265,-0.7382279228008963,-0.13434927889056508,1.0371619628876625,0.9494264484435668,-3.6752104583256733,3.206251313970482,-2.05025440370035,-3.8333017343788818,-3.3997718365473104,-2.9472957938248405,2.0139146411403055,0.7105853390120697,0.2845998358826325,-2.9008337119220498,-0.7248925094859815,6.893066087581649,-0.04533042933035858,-1.2504240628310215,0.7986411663979176
-1.6692312572970034,0.8740570393889168,-1.0635408752999438,1.2300654295304407,-2.069921375619458,-2.936262128260081,-0.7330759649799323,-0.26705300232013884,0.8697566154092178,-0.6221043265560563,2.1872478722080597,-0.41817457364935173,0.8068401856563305,1.4695381535121492,1.9541760582001884,-4.318411897951829,3.214095931351253,-1.9489384546179662,-2.615276329750069,-2.2458419386942547,-0.8744526218465987,0.7985077429462019,-0.8051061424265198,-1.2417166875488972,-3.493735619048781,-0.2523164335570829,7.669393579977656,0.49169397112634783,-1.400276732639612,-0.6784056862152845
-2.271211065219807,0.1415984121931666,-0.7217353911126148,1.454678235574087,-1.97318755022712,-2.842836800311418,-1.3552496193490198,-0.5343803686704588,2.3659469917515046,0.8987827738965458,1.6497564537559746,-0.2160894903349405,0.5168483775507164,0.33330941032575234,2.0946660614199386,-5.179003727648962,0.411668343598282,-1.4732602781422215,-0.8508449493468975,-1.7594618692604287,1.6482813032601054,0.06568390096015367,-1.5405115136956171,-1.0814970321716972,-4.207817544747124,-0.703960761569209,6.366640720358094,-0.4860252262338041,-1.7021781281028052,-2.199004642372688
-1.878962385770145,0.43200411052516685,-0.535079254061315,1.6788200859716245,-1.4400742977099272,-2.512978348972067,-1.3150482839285822,-2.0682438985253615,2.839648080035904,1.542815970143988,2.553525992805663,-0.48122504428803903,0.35271461443790786,-1.1466070454811252,1.0748362531406555,-5.150271578826972,-0.32691027419248203,-1.4888088925071334,0.03753753874221398,-2.048945089749259,3.2112822475109084,-0.4397604258411295,-2.041458080340311,-1.5463811463510635,-3.298797196813593,-0.8626742755582623,4.510204625247765,-1.5306688259788106,-2.300622899884482,-3.3356426735023805
-1.4722705749400367,1.193194771004422,-0.936196070999894,1.9965586796102264,-0.9911464038690716,-2.0415694277394763,-1.179860784196112,-2.9069913524484545,2.9728924575089213,1.6377040393918108,3.176198404233452,-0.4507011501312428,0.7989924938054446,-1.574143753552085,-0.7566687109640756,-4.965129045582955,-0.5702506685506019,-2.088961899101724,0.08191296588692654,-2.374231248418585,3.711312733824863,-0.7001607423437188,-1.2391718824570082,-1.4803392578115147,-1.940296838021097,-0.41818024584481883,3.7263185300406723,-1.1566477998003726,-2.4004536493453026,-3.6630422126338864
-1.4950466458956346,1.5031601514266577,-1.3691937488086516,2.0600787690243,-1.1883727670450592,-1.786667934790019,-1.213489193808959,-2.4454653422663264,2.5500019273614245,1.369601876642923,2.7446205180764514,-0.6370622341936053,1.3571368683838294,-1.4175567611171467,-1.9723292002199355,-4.465220184149694,-1.4341424870842907,-3.053462367048696,-0.474355621615121,-3.254211376620022,3.845271112181253,-0.27988070048841684,-0.6739608579905216,-1.8018746361499138,-1.4035450655082355,-0.1733858241888746,2.938666139233558,-1.13549446862467,-2.2015967961906227,-3.15570992127177
-1.6771755146793836,2.2029305316606163,-1.435880565248693,1.9622275913509317,-1.3184493846644703,-0.14921679209138586,-0.6983380521915115,-2.043148425856512,1.5037584076593171,1.3457948603156307,3.3132152767341303,-1.209158439897199,2.244014301437815,-1.6268399045778472,-2.4055065510032207,-4.796919533528552,-1.6063981726044623,-3.1528944436984845,-1.320598896110912,-2.865385315069057,2.785037857489501,0.7735261297848712,0.16174850199445437,-0.8869466492237601,-1.2787038205323817,0.913398351864978,1.8310937840649921,0.06532135740313211,-0.26948458358850624,-2.738270036465982
-1.4138508907801792,2.4796138110614785,-1.1480293138986544,2.332989688999112,-1.2938601510550083,0.9232497632367753,-0.48128482972538483,-1.0241866473321353,1.2616786378781741,1.6402470062059902,2.889988595969382,-1.3148741105028385,3.0210887355608174,-1.6570889020870316,-1.6838064032674,-4.874656521420441,-2.1612175531855953,-2.826784375551278,-1.1768294331235714,-2.720879344548152,1.9098457148278631,0.8647567276779335,1.251684845229132,-1.113263012093688,-1.6028004313073079,1.9892170038218122,1.3164716482802818,0.12020805474088972,0.6631920806586722,-1.2311313645142385
-0.6617667994951315,2.6717249829224374,-0.21423039121322185,2.212037280157809,-0.60891370656346,1.032953759626173,-0.7757900677862666,-0.028539256443002314,1.3502136390566506,2.2552700000044728,2.049959789496875,-1.072062596711273,2.9788209470374825,-1.7520292399047168,-0.4758867158223727,-4.522741040830434,-2.2685727147175734,-2.3573943358586655,-0.6445071858797303,-3.231696368742551,0.9884257198634951,0.4627558777249587,2.1048979057790755,-0.8820214641254135,-1.6029301109219154,2.5701072140256214,1.2019687359778952,-0.5495367017003614,0.8788985872030838,0.08723802532538094
-0.5227532541255885,2.2639827677250715,0.4789144823625873,1.7027824634961362,-0.14370911939426662,1.1242389259964956,-1.8188203930449474,0.4044953212132935,1.3826696490477137,2.790602830249492,1.1604116696489666,-0.7380913835121194,2.6410186033033054,-1.6287816353101345,0.2567422957769843,-3.790235707749198,-2.806024605957383,-2.1544361128034635,-1.0111880615411362,-4.203758416450526,1.1990371410693639,0.012743726100187397,1.3802657333664314,-1.1070922165128858,-1.4081815330246021,1.7842987153328778,0.6277069290694373,-1.6441379998382066,0.49249117380201995,0.9647579055859484
-0.7728533740813693,2.064503680989636,1.0555367883935518,1.0573885031162884,-0.11705398879803763,1.1887892621604246,-1.94811901430006,0.05964820707492957,0.916804192354207,2.749986713088767,1.6765545494219576,-0.5944969627243484,1.8515359269438914,-1.8949711155436406,0.4714969561771512,-3.6586387772652817,-2.7636040468484784,-2.2458413400704846,-1.5595195581108647,-4.475911662507853,1.702666714457746,-0.4964109455882213,0.7818178466833895,-0.4951211044709011,-1.0417414590069958,0.9636829835975225,-0.11204972449181971,-1.8659228703397535,0.8103866646720019,1.0921640055101167
-1.1638520659028055,1.9429482567337009,1.1798088377009837,0.545570913718745,0.025133930087361256,1.2080356155632388,-1.435685858568496,-0.007946036599856127,0.47562211309837094,2.1195418953768392,2.3520601512814006,-0.5436478452933052,1.6105385061217272,-1.642128510270733,0.8277507456116968,-3.791098815853118,-2.236655088462732,-2.1760759717336025,-2.0461597874337447,-4.5063956225608734,1.2804196027437422,-0.6480296551600698,0.9250581850594478,-0.10824476651230251,-0.09794917141918158,0.19933741327759366,-0.3329156569020769,-1.947174686281748,1.5303771330292268,1.195550248225837
-1.504470452280623,1.9129628722873901,1.2057293679295056,1.0183784719976916,0.16998516027958943,1.3401984485999003,-0.5525389779708502,0.3083703975381744,0.19944726645121225,2.196577134525079,2.7044062814414827,-0.7841117099857394,1.4685122116799239,-1.2086217238402046,1.1524232480348455,-3.806753711252668,-1.7896956629853586,-2.0749161632712934,-2.2347016333556664,-4.123888944622438,0.32060546604642054,-1.131740768308985,1.2050172400652905,0.39677393925129734,1.005109395561059,0.26299786969580297,-0.12399846704083228,-1.583449741431491,2.498334256362129,1.3216414631399382
-2.657165705164201,0.6584425214046872,1.9446516975558286,2.105811794500199,-2.071028333653146,1.6810726392797344,-0.8856231064791745,-0.6328484197888427,0.5084603375222214,1.3436567234009202,5.237115694797762,-0.9946067408542089,-0.7387496387271348,-0.13165865008234046,3.3357388393926954,-3.73503514777667,-4.01127338152227,0.8786353374833274,-1.4205195152038081,-2.231562437051748,-1.482781160154443,-0.2024658924557028,1.8141591099670484,0.3154873767887174,1.306449139019946,1.4823005224479369,-0.11753631039193632,-1.2938533270870414,2.563065769237644,1.0045339460786686
-3.164919092105963,-0.780414143323598,3.2652628800454457,2.8285411759505084,-0.8376551964024697,1.7635851722726321,-1.313465130604762,-1.6625047523105956,1.1410594320203942,0.8186399504526212,5.4138794483128,-0.8977520181901248,-2.1084758371814734,-0.3475633493576712,2.8795534656961044,-3.770431400180918,-2.694274860976985,4.53939671695451,1.3327370897466602,-2.8861518724613986,-5.4377031032815895,-2.236944377890926,4.182108805135242,3.0685122550335375,1.8640394106622071,3.16398152183356,0.9376301657719857,-0.6281036992318172,1.870496068117144,-1.3055169610337725
-2.818425859155897,-1.870045892635339,5.565615126599826,2.5125750101100284,1.3868658341195916,1.1679710723158228,-0.4485783655724258,-2.503686633966653,1.2448052182050322,1.425902956164427,3.052764666871091,-0.10751102360127807,-3.2761557648923167,0.7630418409634561,0.23125211134114038,-3.192583545699935,-0.6548154674907957,4.967716404670348,2.2239590390882102,-3.7396004239239464,-8.36580312888514,-4.949246473652039,4.876938948746945,3.385956436759918,3.225238399236925,3.149843992371532,2.0503482547449083,-3.2349720678716354,1.8875706921996074,-3.9305368610390037
-2.388547680684205,-1.8901500510634408,6.4168064345779285,0.612466570876757,1.0251865420965665,1.8839042931545384,0.9112393642915344,-3.386077787304822,-0.19408909996726276,1.7407109223230708,1.9602225106318596,1.337345401071787,-3.397348696279782,3.318408086255058,-0.5948278502756578,-2.2465531298358807,-0.45009066514580437,2.0909963335269044,1.3746159257821566,-2.961595839814378,-7.289937331146815,-3.8824623660836375,3.834008632267605,0.5742897012527711,3.5636512216937635,1.6134106806168442,3.3327978669582974,-5.279494861718638,2.365537599901333,-4.583005238298493
-2.5692705933724547,-1.827601828328675,4.930604334050874,-1.074637811799195,0.05112220723617428,1.8711922046427931,1.093301486207844,-4.073145148336213,-1.4103288596975108,2.4691113685835724,1.473796104889368,1.9868211206911626,-3.615584393480802,4.8353919367605,-0.903864771344702,-1.1561347642430018,-0.40116434053858996,0.8525269922459108,1.087512555509535,-3.125745450542123,-5.267141759973422,-1.2853713958316821,2.8928379822381967,-0.48060209885614386,1.9158772770553232,1.1200238247797205,4.097045558089009,-5.559993062087304,2.878761413335225,-2.9894840012470856
-2.343032892230908,-1.4974673230149071,3.420633538378198,-2.2741806425010567,-1.0389812209848128,1.3987032947151303,0.27007554459020244,-4.08092076334703,-2.3388710515950963,2.3712300492575813,1.6396134976520105,2.2382235639004504,-3.082542428705313,5.162627679781258,-1.119627208570182,0.24429766409061762,0.5988545809243826,0.6391548714782185,1.1400408300120775,-3.249772482757858,-3.3239876349041726,0.3251988837845717,2.628608090290847,-1.4484119257222785,-0.18045728048365767,1.384452264471325,4.932209632984864,-4.670401959354514,3.3470338518834706,-0.8886594430992261
-1.660082209468512,-1.4532570022819395,2.706167660888601,-2.940540697996907,-1.745489405216765,0.27085599605763133,-0.7737997294113627,-3.7413122283948756,-2.84203896700261,2.4611913700647476,2.009101767452565,1.8271518114016376,-2.605928848416476,4.267747646153249,-1.1441123943237457,1.4942973870310419,1.1997707923651515,1.0875268513443732,1.0239616088915215,-3.7294919904531865,-1.0458843755416587,0.9029654126189921,2.379826369175199,-1.3016917529594514,-1.9967535509585024,1.9686468118939824,4.734413561157074,-3.4587459331542942,3.512440788309375,0.24671377299312056
-0.7768695576886194,-1.6085995602622933,3.2052551803320126,-3.0484659464168233,-1.5051629012980805,-0.8970631344992199,-1.4272711914920313,-3.2248695208887246,-2.588348192782322,2.2914652201230146,2.1100159447236,1.2992412160042663,-2.229464542333166,2.735824787167546,-1.0282206838176569,2.0538086573296757,1.0118403311471653,2.03272456154121,1.684225421289888,-3.954008423982161,0.798476677347372,0.7565961067717573,2.5196066748847827,-0.5025271114667242,-3.367894734035342,2.046705914488181,4.383931896973772,-1.8756168657523273,3.6082509930292592,0.6878146958749346
0.15796064602596718,-1.7603886785269571,4.3214019574870175,-2.937478014200319,-0.8221695325323172,-2.2602092409566397,-1.1765670226217473,-3.429110717950886,-1.8998532233447052,1.3501051156190238,1.8289486801633035,0.9143562325074392,-1.8731535330934055,1.1752473119771794,-2.1439686759764456,2.338997356742958,-0.42805800440742137,2.3358080802758727,2.3362003137110676,-4.331817517647883,1.5734830472561587,0.30393051916631314,2.1235836949813316,-0.5028493145150889,-2.8733301773061446,0.7537307532582521,2.817981703967786,-1.0005550994370391,3.658956509043624,-0.14272462134580954
0.6529551279552017,-1.7736456346047809,3.635144986803848,-2.8070395699088584,-0.3981285878274317,-2.4633926208424226,-0.3254093175223668,-3.991120159027714,-1.3354807103087782,0.7245161928948057,2.2012231328222818,0.33711926167191336,-1.2704776510978761,-0.04354485748373396,-4.106632386288861,2.3065907233268588,-1.4123799532502226,1.7625812769893627,1.5624767506067174,-4.419437801959783,2.4543149877483352,0.698067233381748,1.9947150232289328,-0.28608579480811647,-2.2858922740636802,-0.4375897869139215,1.2744053909592414,-0.20821342266082282,3.7193890311446856,-0.544703264413909
0.25862529617883134,-1.5740753871596407,1.8628155483033926,-1.156641066328218,-1.2376652245093092,-0.7720474551395502,1.090884713914228,-4.472076329447056,-1.0913802742794376,-1.2204039295206437,3.3052418771648764,-1.043320758101454,-0.7589697140455316,0.6380411347375072,-4.584115351016974,2.0150672855298297,-1.277607481643071,1.0071505070510338,0.2498998710240154,-3.9183926824862616,2.0232124380049115,0.3392303522928829,3.4581320756141913,0.08903864266263686,-1.8868616846159987,0.09853002884620128,0.9536336001970556,0.6500558698208054,3.2079375726411685,-0.15778471955911666
0.9984329964480352,-1.5040155610580457,1.18189982598205,0.030062584566681785,-1.599425585889908,0.027596014829589538,0.746034547536769,-4.401325135124467,0.08254077742542971,-1.270698986847314,2.9542760027666586,-1.6252418075805126,-0.2294341484898819,1.4941647356359573,-3.5840846432305016,2.0552250958302083,-1.277416453490013,0.9030314703913143,-0.7380133758354708,-3.857402206892119,0.8997179265341513,1.2515520775905478,3.9148995283202557,-0.9254291643727385,-1.9744081623653325,0.0333851109976664,0.6000107115318903,0.9199352347753119,2.5208747593197014,0.5495824167994907
1.1199626393194657,-1.0254144418400843,0.4130704405101166,0.44383387045946404,-1.7738513153887303,0.98323341801509,0.7801703968651708,-4.846377634352017,0.44458972098528626,-1.267078139183006,3.586584306778727,-1.7644703520669278,-0.2118370022022888,1.600047213819179,-3.120184420710787,1.2612444822053668,-0.032938788406301656,0.20479617363574013,-2.519787910051021,-3.5859984571064594,0.3424530789420922,1.637596625109258,4.164798559073463,-0.8268166692588891,-1.7328956128203052,0.46224425018867477,0.3517270684367665,1.7454045977498878,2.7959711783850585,0.39145709988293587
1.1649018681828782,-0.25384676735852585,0.016261455177662976,1.5168201453647436,-1.477183378283533,1.618700284401167,1.2806971714478848,-4.476539982536096,1.1415519392158906,-0.6012607174168803,3.912893184478736,-1.6862326089951851,-0.07263516808569967,1.6127195358431805,-1.7127387009609891,0.435823778449286,0.30893497724685226,-0.31623198150696863,-2.7481586985023925,-2.88373278212067,-1.0976659438177365,1.2309171806977794,4.3785508702533775,-0.6041065569011558,-1.3592860784878433,1.9700806518190186,0.8830376471964064,2.069588495138385,3.849764737434389,0.9816982145334829
1.3530875383093344,0.021491173014665188,0.3889980481151083,2.1311997990928706,-1.2094768361616208,1.7043599062419286,1.3761005095491554,-3.402319627067382,1.681621562333006,0.46055730567417763,2.463237601905531,-1.050420023645795,0.17939786748796033,2.116385137440117,-0.19761665830141986,0.4475379861185561,0.6477558184092259,-0.6257849346731569,-2.690013422257334,-3.115244647009717,-1.6868832963341385,0.2791275205260227,3.9388452880175375,-0.8841909138104067,-1.7097792125612947,3.363783040796966,1.5249054701983127,1.6147646876671005,3.7959743688934697,1.903719005464175
1.1031028641830516,-0.7784179773483162,1.0270396804957618,2.3862773642220327,-0.31608157027593375,1.6986359719855564,-0.011744033785963726,-2.815638448916677,2.722975641089333,2.0566346725447624,1.4144466794992145,-0.34651891934289336,-0.18642286788463214,1.9817467968935023,1.0248031073156485,0.7602971336177671,-1.2074115702627373,-0.3150259556315553,-1.8904377650610313,-4.309615372304033,-0.9669820371522942,-0.480529523564746,3.28978758631087,-0.13276311542892721,-2.5481283631932174,2.71374055514025,1.0071662818866098,-0.32336705027616175,3.4703884042872595,2.6941446324531757
0.556031696547818,-0.9578552400552901,2.017743465305684,1.4515649145730318,-0.09762725216043333,1.764749167460543,-0.1468793181550082,-3.550233605773412,2.4428024147577263,1.5192807570920466,1.7995280258743032,0.06001890376458785,-0.9409586553397553,1.6447164625817912,1.358517311109921,0.6150502414315007,-0.8847435548623854,-0.42252741015481593,-1.988382230088089,-5.076747406517366,-0.3926361760774344,-2.040350318471695,2.583230644025456,0.05663084960368609,-2.5328568018117275,1.8359847649254195,-0.33703002594358306,-0.8976350033810417,3.9978712960529887,1.8294465222893521
-0.1150987850386786,-0.9441389784436114,2.5248814412961975,0.9686214250018389,-0.24508181080528696,1.5838322424521996,0.5262625682311757,-4.166174690641677,1.570959986105145,1.7625539958174052,2.3830618050092944,-0.35843132930427046,-1.6806270261228005,0.8689909814767166,1.215199956677072,1.66009932098099,-0.9591880804313426,0.36585853788094497,-2.053014360521671,-4.925218072011091,-0.13241050631305018,-2.58622850144655,2.4809350253458624,-0.45081945497987447,-2.9375745267965283,1.2363392907260427,-0.726417027410864,-1.4267207904294614,3.9240404205082373,1.707732113633079
-0.09618223774134003,-1.0836564523544938,3.5304158057836315,1.084376409151471,0.331019460710303,1.204848823314886,1.3713581446898238,-4.422760876626241,1.0696476752151378,1.3235050719987924,3.6802071875839015,-0.5305558568404061,-1.6146171382128223,-0.19134920408225206,1.0764121669202535,2.2542575819500925,-0.9887483835818213,1.7236640074889653,-0.908968084856929,-4.203329399279427,-0.9929677541626376,-3.1818414370354047,3.584111331690749,-0.7845073284034301,-3.1970541121194183,1.3774177652024395,0.060325534385498675,-2.468948454087589,3.987626899013855,1.6275476129838071
0.8211772669827071,-1.4797252475266065,5.266065865812777,0.8379237010204377,1.4459813850540415,0.32291652266662235,2.5050347655659206,-4.353365997104802,1.0962206602978346,0.714953904120899,3.935976909295145,0.7302494401385005,-1.3956947123080605,-0.5201285135193596,0.9888189041675663,2.824822702550831,-0.7811765517826832,2.4765459732233674,0.8659027272342079,-3.6377758576255084,-2.234405689400126,-3.006047412361304,4.686563300479728,-0.45975205509882067,-2.805021619810881,1.2047077784961826,1.839853840888176,-3.9343444522620508,3.9924457814102885,0.41305697916947615
0.8044184932286628,-2.1302612844727498,6.239021350341512,-0.6299179908017967,1.8251855546012432,-0.4193286091052174,2.9732413681267107,-4.464332094524519,0.6247209538334906,-0.43258515138974857,2.8815504340589975,2.7778133898975703,-1.2870003978740916,0.02231210233487585,-0.17065170150554754,2.7232513190963967,-0.998891165890695,1.8506295529827692,0.9583161746558204,-3.5628433039722336,-2.131130042323108,-1.5825560685292708,4.548213142708787,-0.3619207701170216,-2.310579462067118,0.07485587995667176,2.6850546623868086,-5.2926477452296785,4.194449503764134,-1.4308503341239913
-0.12977715876930207,-2.3030332560750186,5.157785693813942,-2.543342988253074,0.4911696404881436,-1.115026145166885,2.9050283237890637,-4.774992237523208,0.3076163719158157,-1.3256635751856842,2.1802893856594614,3.3148830559110345,-1.1944372527860614,0.9608721422916007,-1.008263629842014,2.7538686832350017,-0.5660484432506399,0.9696060936810111,0.6077176607026937,-4.114935321086409,-0.8871399269715414,0.015565184138157856,4.196866246759607,-0.26817595012443884,-2.6608790606547936,-0.4089444948744691,2.7868338101389845,-4.683301860729367,3.910494887851275,-1.4641668132619734
-0.9042948102848006,-5.567800502013918,2.527741553543879,1.4124695565153054,1.4803665302491624,-3.7661797460782167,0.9931784834473758,1.7750321617567668,-1.3242620170242894,-1.081381243245524,-5.964347707433965,1.6772616441075545,-1.075006584664394,-2.5170170321718595,3.0468696495277046,9.910543206125881,2.1569433127692594,-3.284345170341771,0.3838380195407598,-4.219257412295717,-2.655318315694171,2.009879931402047,3.8326902923332167,-6.297375084214802,1.0732048721573606,1.4629155387599238,-5.652234043714268,1.861707626162341,4.412023306296452,-4.169111197723346
