-0.3336475404847364,0.485237752803631,-0.13607495649400173,0.28948567392225344,0.3155030181528427,0.1583364836078351,0.11571368959864509,-0.7630152986741662,0.2707634074705084,-0.6214855704618393,1.0877131991829643,0.06278939006163081,0.6238982238707257,-0.15453602043548742,0.34528551216077025,-0.4026601340413216,0.5227488382743054,-0.2589572437390206,-0.45570325830187464,-0.6346182376647607,-0.24524428152146877,-0.31339785227592337,0.003389858897920199,0.23171307800358026,0.2110872733053154,-0.5334863251270012,0.3752380335600665,0.034808286138990466,0.8363924184216542,0.3908413645254172,-0.9600173154556567,0.29730990434558285,-0.1341624762751033,0.271839544528339,0.778583915756616,-0.03986234258523767,-0.5428567036249634,-0.5016058941398874,-0.13215593006438964,-0.2550323578637351
-0.9901447212433299,0.8101533049355388,-0.6574081183024678,0.08968304427448245,-0.21783486555402093,0.1058311126623716,-0.3125016051635764,-0.16788374263744946,0.3859348858275239,-0.664127620892196,1.1308773100731186,0.7875517288711527,1.073978937847864,-1.0953441301110036,1.4809354614424795,-1.100817173063299,0.8483587718415141,-0.05667629867733137,-0.3437570362194801,-0.41281040641265127,-0.5527314309157557,-1.0095109877818855,0.23584962228638395,-0.0007616680367765055,0.13529851789681746,-0.42430687417510204,-0.6643975535083493,0.9702401483618068,1.5551654604177836,1.0247215578139384,-1.097315990892563,0.43647819350949196,0.38139883369746896,0.7432081756908125,1.6314898017442148,0.9873078246446685,-1.1640392220264246,-1.0794120216736705,-0.12603999672883595,-0.5187689246790486
-0.2775823514696202,0.10897586505099804,-0.6784663583927806,-0.7619393354851401,0.3751952588078349,0.01154093652352095,-0.4964715107137,0.5198989290109013,0.6949673226110179,-0.9788282030534037,0.6364995486346331,1.1850397742700338,1.2766538186783205,-1.0658898118187758,1.181245773325408,-0.8121574865587656,0.7461412096378837,1.192365437538213,-0.9972484713799935,-0.07254569045871156,-0.7603355948662869,0.2583505633484835,-0.26514999702784686,-0.7152404700172552,-0.5838005876939255,0.047093777460779404,-0.9615019052868337,2.126317045965144,2.395350258194761,1.0425598317543265,-0.8507384112451505,0.7372013861910581,-0.47456045940775027,1.3969560785491706,1.2511500035918848,0.5628762478869069,-1.062385615361429,-0.4987555204509524,-0.6984330012387574,-0.6024416367184209
-0.33386567553077623,-0.26756983174695953,-0.5110012205032853,-1.3572381634018944,-0.04235490094750527,-0.5525061400311424,-0.4066885901248644,-0.1669988200873992,0.2761621036526069,-0.9356039876666664,-0.20719723336977186,0.7388568814171489,0.8976814963205747,-0.7279758236853047,1.1776107836028709,-0.8563574366335941,0.5521228418190632,1.759768248165959,-1.2056032124600473,0.7866271847626762,-1.311296598085102,1.0313851413346002,-0.7931656669258893,-0.44502849676519135,-1.2628931389421283,0.7721017277339882,-1.064684899456325,2.801805388521113,2.887095604510486,1.1502539696716663,-1.3707908102174953,1.0529503181554758,-0.6452334791546215,0.7108214213465094,0.7102917658454762,0.8844301216635595,-0.7817120760204601,0.02612365148712724,-0.7876058160333663,-0.39676415328706605
0.9389175690631095,-1.2081047347097076,0.921804518800011,-2.0045754379890215,-0.5360971836841719,-0.38557908950228814,-0.3692414887673275,-1.1250813799173944,-0.025283185697682398,-0.9047406612516989,-1.2545808558545626,-0.5005268049510603,1.062611227140143,0.9045744074778564,0.3607004617831977,-1.0389871437593508,-1.0395288381300527,1.3702787142384616,-2.180448888236529,1.407945235480155,-0.9960566682503541,2.49100972950826,-1.9038089229154065,-0.8120044960120223,-1.2023583934200068,1.4548795643695178,-1.0454544887581214,2.28700729940614,2.7471627587427796,1.205238979463951,-1.2061408314155917,1.752159906916228,-0.7355563526841782,-0.2943303122421467,-0.10860192622569598,0.06839434599690486,0.06788258336220787,1.110800736647674,-0.48098851642200724,0.32541075471106995
0.504443813762395,-0.30895701776473494,2.351214439642262,-1.2830827020868565,-1.1604193239551255,-0.07796174370329534,-0.7520939409079135,-1.0637813495229431,0.03853502669002651,-1.0419416712237357,-1.819997042355831,-1.4139084317028598,1.0946939785968932,1.4291401779138035,0.25889527809483504,-0.7060118533308786,-1.8393838697638825,0.9367397273909448,-2.276524160584903,1.9130122594873544,-1.0857834372521917,2.7352669977465274,-2.6588848234943163,-0.9023876055016764,-0.456319356345396,1.3165922389218832,-0.6386057359641313,-0.2580703583733239,2.2997521712894446,0.941169920124775,-0.4693919829246524,2.0245956879965514,0.050599339984039704,-0.5929467929379213,-0.8340643615866007,-0.14655849023977813,0.06603829980057589,2.6742821357836535,0.20652489567925875,1.5672479381446176
-0.2017342305660077,0.05077504594440846,2.1280055499963266,-0.4856732392686421,-0.5594484132775865,-0.5312865933089213,-1.4545267388884753,-1.0561345320972901,0.020535711656710753,-0.9511472424304912,-0.5821553056744855,-0.7545951407119142,1.4095224516797198,0.4755226442291405,0.3941898959271227,-0.041768903614033945,-1.6201874878735574,0.6877155701345666,-2.022109408647466,1.8087821045230912,-0.9275886625656179,1.396580344325943,-2.285603763689794,-1.0643752297534765,0.060299544065145566,0.7664872895298578,0.05032269305148512,-2.0933038087224984,1.3415806270533432,1.5081194118250685,0.08392078775136527,2.1322897682136532,0.8839978958919681,-0.07900706527038737,-0.44579864878573844,0.618007160499002,-0.15391829592538686,2.7423363837475474,-0.5939422403355096,2.1021678795420113
-0.6225328463725153,-0.7159974288479316,1.6802762738105606,-0.34833836011566405,0.14548799659259948,-0.6774857200896229,-1.547029068693586,-0.7129010140245211,0.03285907611817196,-1.4177743856854472,0.36627117236026596,-1.0421402775877466,1.2290018465182757,-0.2879499887705904,0.5826110170976864,0.10230793884280896,-0.5756002928199482,0.3597580853777673,-2.0306262528990473,1.3391656321437955,-0.1793415510037668,0.44327619708679916,-2.916742416309997,-1.2574101539941687,0.7043538072922744,0.279236592119391,0.6081159682144908,-2.9121189919233172,1.292033470010349,1.7527704156980914,-0.06321324616047938,1.6320955374864687,1.5640658729402208,0.10335782480625533,-0.09345025711199306,1.1812723419290507,-0.7962581555664396,2.041288270688794,-1.3825243227045285,2.065360782523002
-0.9653233713948045,-0.18558865906826216,0.666779451803061,0.2606635070269528,-0.06667831251399789,0.038162130405754335,-1.6628975635544716,-0.48506349370288193,-0.44628204940268323,-1.870447940357547,1.04679373198918,-0.9393442957304406,1.801746589380103,-0.8404521260930595,0.27634054977234107,-0.8343983778444182,1.3817766968060878,-0.27844102430531015,-1.2785897834880389,1.3859169416064008,0.2507027172848981,-0.9738361316053772,-1.5503317838612403,-0.2678043220966182,1.3847122114829744,0.3840033844480128,1.494603208336488,-2.734008379984074,1.0158149237690992,1.3168916853454262,-0.756060113881847,1.744135339973354,1.082060962825532,-0.29049230420480543,0.43223807059325536,1.827186956390124,-0.8648905547057291,1.7538736463907838,-2.018600908896528,0.9481404813580707
-0.7565277952115009,0.04454699214036617,0.6029495092443589,0.7102414713149304,-0.11158990982987825,-0.009258382295321665,-1.4772599562853914,0.3923755954681548,-0.9196369016545259,-1.62509746668814,0.8025348698546569,-0.9067120876552562,1.8084989272717644,-1.605964943372648,-0.26031810416671997,-1.1994475483833933,2.094700857347267,-0.05301033809462076,-0.5692171900763526,0.962313004990315,0.14928830761159811,-1.2862324216026009,-1.5572800016712074,0.0016014877014651763,1.663576018459907,-0.2173426058447086,0.9709387122168305,-2.2910790088440978,1.0735245508972457,1.5713967488582907,-0.7931343995803803,1.8576347925732677,0.13189104997238052,-0.7124193951421645,0.12796073548151668,1.7340798049530544,-0.44410030839657555,1.0223599039889526,-2.9199857125800763,-0.011425957553511834
-0.4600344292826962,-0.6071131318217183,0.955004388422213,0.2552801001654943,0.877775805107299,0.13355587002790237,-0.8023184031688119,0.18683996110971157,5.488803124736874e-05,-2.2577619771959934,0.0024675731910153154,-0.46650170465655727,2.2026419894527507,-1.9820018577862513,-0.2858941527321883,-1.5121505808053686,2.556006762211948,0.5688276777297215,-0.8262922079712247,0.5412878605242263,1.2936864102371428,-1.1921083200635783,-1.782640043466527,-0.29428464571872615,1.6267585337072648,-0.8085329386334759,0.8234564252654291,-1.0585929102565017,1.5450752898704931,2.0234065494596507,-0.6605771869137931,2.2733981376135457,-0.33586176743855334,0.8725499526641559,-0.31965452694084173,0.7703985913854456,-0.9470489672127566,-0.058392833523444876,-2.7598093604446805,0.19322273211947416
-0.3593623931982653,-0.4954922250103493,1.1861370656888037,0.36249173569383436,0.5419359670496866,-0.16600562969360377,-1.1839215787271646,0.12295675956707508,0.19718194143465873,-2.029630175446916,0.7511857651636015,0.011374803825696028,2.276392778882304,-2.04920658684497,1.023525577646872,-1.5923469340396068,2.683237542459753,0.1453304731192055,-0.035162363274604314,0.2524935339363604,0.9395785661183367,-1.3812160592757667,-1.612166451137347,0.38411654450572363,1.75091172357592,-1.1242801201244188,0.5890937573630087,-0.6252756870940118,1.8958381915742908,1.5373869250042609,-0.8547588454335286,1.7699610141912065,-0.2073879333098515,0.9055280621362776,-0.1408228198337984,1.0179080570420433,-1.8408440511271063,-0.033712426919523475,-1.8848805514182916,0.08926637181918262
0.038721906427476194,-0.7465863158535109,1.0004898154208677,0.41403969529692364,0.5961554963495082,-0.25026228756531077,-1.664917325172714,0.16204935691096956,1.0621074851394712,-2.2555893120202466,1.1395302960626028,1.2325930803482459,2.171156971933417,-2.2182715201705845,1.951708967620766,-1.6268825764977657,2.411840532457279,0.53372892326854,0.5280312681974911,-0.0040681283251562395,1.2816037292810512,-1.2542221300126914,-1.917828444228236,0.2238637540881463,1.2950106748102437,-1.4645034349110442,0.044609720287305143,0.2563855170721502,2.0265248592307623,1.8756816247746195,-0.4864737567289109,1.63318982406708,-0.09340433100182621,1.7803799650040355,0.17065198448744115,0.875310309910622,-1.5305133430183606,-0.19980500085946862,-2.0642342319788876,0.7219767234061589
0.022649369963872512,-0.13677346602035767,0.48635388761997145,0.5790488422884139,-0.43909556875395495,-0.5774501763627526,-1.6846719591870347,-0.049101963753757194,0.8471860379028612,-1.6793055733542241,1.4273089699966273,2.260134812790458,1.8870657838100184,-1.7644208417762146,3.1948336428218016,-1.3783184707351144,2.2091506509929864,0.3061896282987252,1.3201086997992928,-0.5819869857193339,0.42534213965262546,-1.5553379665363238,-1.7751658114458504,1.57926509063629,0.8178657014514228,-0.5978886099291804,-0.37609292676542255,0.4975976113602185,2.807768999691904,1.1659796217939618,-0.06873422523023703,0.9682544102319564,-0.3980100133275646,1.1055996219154802,0.33326438366806377,0.7724156662195107,-1.7149955775699548,0.17852953134020944,-1.511440683198865,0.3226520133719658
-0.4864148525062784,1.0696140900642193,0.37565054276775856,0.7909113732755613,-1.0363980884999358,-0.8187685013956484,-1.6336452744765297,-0.003468807196875784,0.9927852362994685,-1.3826629525067256,0.4111215690140242,3.0326544235008264,1.1996435192656716,-1.2726806797228223,3.6986159098315663,-0.6739859907515677,1.3490552784558656,0.641807220843939,1.6343404212206092,-0.2190625184273327,-0.5373344311539427,-1.1640514399119413,-1.30725138843565,1.536061016643111,-0.28053301147007104,0.24659186464973093,-0.5838858966523235,0.6828081571348898,2.9175294690466065,1.0774602947756196,0.7627832126857439,0.5531398242664796,-0.6296207101946185,0.8868784450432811,0.5470361018330221,0.46369707605173366,-1.2661352932540784,0.1357886030265938,-1.1184404594006558,0.09939996005666776
-1.3213522255894135,1.3687532061816923,0.49732812043989205,0.562985043971392,-1.6408057711031159,-0.9945408746600799,-1.0258780503000438,0.16756891368166849,0.7110411451203743,-1.3100781433014146,-0.9965462313216096,3.3369333950682916,1.0681490167826468,-1.040891808540851,3.2745361968587976,0.10763263714497795,-0.06292570202716773,1.310687154658179,1.189729163933387,0.6091532541110669,-1.9005493287498756,-0.08283050096009884,-1.463398380151072,0.6106979835582214,-1.3394389528374187,1.138320395927602,-0.6890033572825468,0.8906861831125056,2.816870597561587,0.6728273636966426,1.5148596105345207,0.816315585687954,-1.4196361721497468,0.9582183238995802,1.160929027352025,0.6267834286451808,-0.9128224904515854,-0.07547221053542805,-0.4823619366930324,0.1828592373211216
-1.4817767720716848,1.315610157013763,1.2053363023063437,0.26834379001180053,-2.3533676896354696,-1.181669090371039,-0.24886400694365313,-0.825155960365451,0.4495914288919987,-1.4904961569890731,-2.2219322633838203,2.794660480324433,1.3163928287195976,0.06698923813472546,2.724452954970773,0.5802519706363689,-1.836106627318495,1.481304722055654,0.19224980046444445,0.9826366085232853,-2.8047765356569974,1.0903564828653272,-0.7903347977643149,-0.10445096045293693,-2.475879133782419,1.6104039732980415,-0.16749884991654684,1.1437921212159958,2.0227081626740095,0.7376761169864973,1.023884848129859,0.3836764802675426,-1.8359728199198275,0.8055993196935909,1.020103197734414,0.3540502215853628,-0.19350587659062293,0.1770422861348669,0.6967772388357376,1.2580952852098362
-1.3373316902009829,1.1379065606059993,1.4031113652223393,-0.16353764134042437,-1.9424691532905953,-1.5233828851149585,0.26519020833537543,-1.7485352188271346,1.0135132138496148,-2.0627253435145922,-3.5239404142992043,2.12693856650784,1.3628866653111227,0.7841550390126824,1.3413317447017101,1.4575249460548059,-2.9172497637658084,1.415941539447666,-0.5251359384792952,0.7500541270441482,-2.5469604252500218,2.2184896485354875,-0.8492518491975922,-1.4962690659029771,-3.1029388837380307,1.484035925334902,0.18555827129722097,1.2159787541202791,2.10164787185514,1.0407475901433765,0.5681441449267816,-0.36555781009541854,-0.7584687871618978,2.2471897243277263,1.147089777122345,-0.3487017704797052,-0.5151988327308955,0.8797831967076406,1.7397347781438675,1.1098893397181948
-1.9768561185771478,1.5690482388501865,0.6525173597698138,-0.4448254456979013,-2.1168185655041323,-1.0950978904777866,-0.786708888177004,-1.646469946731135,0.4262029110336497,-1.0973011567194442,-2.1656683762843825,0.6221270368742403,0.6144179057218908,1.13444098458781,1.28550363876974,1.469307174496108,-2.598835274601306,0.7424061104155829,-1.0795338978544216,0.8953274050529707,-2.693896808168474,1.1889634253380337,0.011827300952365394,-0.7394403392843192,-2.1329820662803183,0.5180942014710418,0.29041215730369024,0.21749380566389825,0.9926050400870933,1.2142650214562927,0.6148926915046596,-0.6110772522821718,0.5136791968428236,2.379339072035933,1.6991249369456884,0.4611724142062719,-1.7624843147288118,1.2932541055506706,1.3318611305002348,1.1766140509118406
-1.4709439308515184,2.1985978409471394,0.099342180182001,-0.305025924309955,-1.7307725395773277,-1.4971331399296024,-1.159755716282235,-2.0063243532945907,-0.060595038674184865,-1.0043298987833986,-0.7796133352280148,0.05075840984277237,0.17420969058513697,1.5643299468967045,0.6893994949997009,0.8668569471398846,-2.0248906600967347,0.2845771728021602,-1.0714357404565407,0.18125083332468442,-2.0830510208951796,0.4120791823275364,-0.014366267973177936,-0.5775305772787351,-1.356583792376177,0.39901676124897084,1.0860127779419848,-0.07058054135439984,0.7470293078051319,1.5528262291103885,0.2734706695441379,-0.4944929907764846,1.2275033408727416,2.823496611281832,1.4326285742697156,1.5159086702761266,-2.007307084488977,1.1644356327333962,1.01397908502785,-0.05355690917660694
-1.5675566321243657,1.9319684507657557,-0.35499945721733617,-0.5412737625846006,-1.5002616591643554,-1.2912152257331575,-1.3378917012052107,-1.739086636725782,-0.5326377790894028,-0.8204532884175428,-0.953333979478096,-0.18297690850174345,-0.10054759325670902,0.5423729418008949,0.4711859793143056,1.2230609557256447,-1.7001049203252774,0.43579288218622714,-0.7097837869251007,0.5710246883363665,-2.25968214548078,0.11970684289551534,-0.32756329815136076,-0.663151915034212,-0.7889376743138844,0.43876440250767723,0.7424957851442048,-1.0053901591865957,0.533954166031823,1.62065476811203,0.4500890876775066,-0.5965862013452166,1.1671585567776037,2.471003002698155,1.2519904675780729,1.797214883317542,-1.6596299739352984,0.8073834455526503,0.7351975034663913,-0.8814122567857607
-1.3128071920117,1.6608061691707594,-0.5325759436612449,-0.7260037893067796,-1.3132378149615809,-0.7948214808244953,-1.2310089864719065,-1.502178047787699,-0.6675719209543334,-1.3052935096202707,-0.9529553997686906,-0.5286061169474261,-0.0806188129463856,0.17063056164044083,-0.07414405225549181,1.1089963278843853,-1.498242761525959,0.5039758993157447,-0.9288560535215897,0.6478940115685441,-1.3990668185792512,0.12746379659795024,0.12815101140920276,-0.7553960611904106,-0.3763209555244768,0.1343166477476121,1.1427841047353462,-1.1037276707140147,-0.25580497235378585,1.784388101090407,-0.3017149149619729,-0.1411673267680984,0.989185154208017,2.761429052048739,1.6373006117800502,2.0754667440469103,-0.9767682395685298,0.31573366960346394,1.0283348185255412,-0.9618618710242124
-1.2213017481449042,1.6360481348200806,-0.4807350096321121,-1.0369629344811646,-1.0321794835866134,-0.37382167164025537,-1.2780396930255025,-0.9444234665282422,-0.6703143999969167,-0.8334211661434014,-0.8641136749781563,-0.7479309930470122,-0.48529224420112826,-0.027327342819822194,-0.15948875174837462,0.9369604815734367,-0.983867247015487,0.4469076578961757,-1.1457358895676184,0.522358117499636,-0.7795829028390191,-0.23717748373760983,0.1762833019219436,-0.6117033493960282,0.395460202013573,-0.5880122635428919,0.47890379085731005,-1.3592685729021747,-0.35530373399657633,2.050887387484146,-0.5601791082238337,-0.0650332108480662,0.8719971879087336,2.6815923209103736,1.1191074092727744,1.9875386200708018,-0.8024759599818359,-0.050183177812088905,0.6529480643505059,-1.0322313207777127
-0.8278893730816083,1.7468320398774126,-0.7163020432551976,-1.0026781055776386,-0.862936671374608,-0.06037327554895519,-1.2656400886060706,-0.6262837437083055,-0.45350631911174705,-0.6432374510843941,0.11900797597454055,-0.8197885932554496,-0.9608994548659225,-0.5267417301569813,-0.06270162546838559,0.35386914456172663,0.09706164371622383,0.9299007388173078,-1.071597935120864,0.3087599465726507,0.41421975172713826,-0.7822131939705738,0.042228793878701626,0.05457134463414176,0.9787841597530995,-0.8815346812472561,0.2571185114684385,-1.1669134638260839,-0.21401731954128678,1.7761186158842128,-0.8633193707991393,0.3097851838914961,0.8819350120902545,2.3343519399873185,0.9445253844326583,2.0911131243202012,-1.0850035606876742,-0.4818020009229574,-0.06916890100541406,-1.5908176957870728
-0.35604660246703324,1.6571044051403279,-0.8235223677536239,-1.4492645311357852,-0.580605908323164,0.09842095257777249,-1.3687133707743748,-0.7218774837880992,0.17310333775398568,-0.15505666771102494,1.4514161142792312,-0.4050598095838769,-0.5554773843542251,-1.0869613423294004,0.44330908870108177,0.08552845979692497,1.0332965158765282,1.0397398789487986,-1.2393896758451306,-0.6338842466994408,1.0041158559971444,-1.4194364669175836,-0.5218763931394375,0.7786125425206941,1.5367099014030154,-1.1504269293034886,-0.20336919054179167,-0.46636040117589733,0.23668501070354553,1.55728627796375,-0.7301296080844991,0.5336116419854758,0.3111710293169875,2.4335792796028395,0.8981328605504367,1.7550977347761374,-1.668986899313076,-0.8029370407120496,-0.7659396409118192,-2.183120017120558
0.3250881847890783,1.4506210517632314,-0.3958672236596735,-2.183808524617468,-0.7858434747571253,-0.19121297642901933,-0.45339641285310067,-0.8838254368956673,0.18852840058769355,-0.4592262343131092,1.183624309553735,-0.42347869814713046,-0.6848299426769588,-1.7356963615978969,0.878618124702206,0.16661775974124698,0.8256531500395224,1.272745069991235,-0.6723479515021804,-0.6135812372951818,0.9383794539286492,-1.1660882191063442,-1.406338877358221,0.8962505752877783,1.2123778884301475,-0.07897968259727811,-0.3996258459605837,-0.20679205789996363,1.454277283015053,1.2457978192166093,-0.5080281310024017,0.6345524327650769,-0.2310830309048103,1.6319959919890525,0.7234027113249286,2.0332873268041727,-1.2720261056422937,-0.9237906572569105,-0.4921049971805163,-2.5704931735756786
-0.02529098305245142,1.8695500587657181,0.12393184968629722,-1.6989493133703508,-1.0305254625967775,-0.2197989968554405,0.14056304388447577,-0.6248131580767095,0.12376196052040955,-0.4825732317029101,0.2030359013517512,0.13113171311683414,-0.47854954499214347,-1.4777396495944581,0.9137889789726839,1.0325696920018554,0.4100499388893645,1.3116751805103644,-0.6228439724789661,-0.47399239741634114,0.2250264064529577,-0.3779701451412268,-1.1589186324630074,0.43991486919776296,0.9068951947157761,0.7409968101444716,-0.9828603718975714,-0.544043582892481,1.7224888218908627,0.4768892915928351,0.16383073177222265,1.036002684973157,-0.8323089469532953,0.5705250594258112,0.6912310082506642,1.5418510110225752,-0.7450656530091422,-0.3279265499418444,-0.6820391500522995,-2.9523615126821747
-0.5984706001657601,1.8057497855990732,0.9673334172791332,-1.4157912617655655,-0.7256152644834581,-0.1466792404061688,0.9366890660769399,-1.0083977165674605,0.743519340325339,-1.0093740416908465,-0.5854049290524453,0.12286937100522455,-0.25218020515250744,-1.302155960409825,0.9079385989645241,2.1329905712224493,-0.5684979780149372,1.4451784052046968,-0.8807064820653792,-0.14572223810564144,-0.29863059312031787,0.557907277541202,-1.2003117597117667,-0.7917933668007286,0.14702267045025152,1.0426853142517993,-0.9967674198174759,-0.9536590323450094,2.0771987488951567,0.3113552021648853,0.36403638069415956,1.3887609052836116,-1.210054832317307,0.07867021151588807,0.8948129704523378,0.9070361536428853,-0.8169116207285132,0.30722301901541116,-0.09468508990533969,-2.2445249388035724
-0.7697771624168179,0.27607627610353036,1.508011739767764,-2.158422365005974,-0.4083161278302157,-0.3208515932404331,2.188773583072927,-1.9562037716543383,0.9133175352696765,-2.4464685095985566,-1.461330883812097,-0.38431549657684216,0.2512542520511417,-0.46969575296188393,0.16127670520500853,2.49963556173547,-2.253644285809678,1.4894491996619323,-1.8356545019666792,-0.15609072727672402,-0.7253338029235231,3.0363142585013456,-1.7647075617424703,-2.0798481342284245,-0.9936193962664177,1.4827643999241804,-0.8221715640177607,-1.5461302630742604,2.2548562285346225,0.663953865195362,-0.3235987077485429,1.338443557400414,-0.7402422163683031,-0.33681093479656377,1.0069459391764384,0.6648662539444354,0.2914501422925863,1.30691079516955,0.8957013090994298,-0.8108174699710089
-1.1874594162019239,0.8289384279532569,0.9978424002615258,-1.2522234759027042,-0.47098203935571054,0.1362124480372903,1.4697308537724703,-1.4796981724117515,0.15297935677898988,-1.94024211037348,-0.7432054000616002,-1.3002322096310355,0.4608970215328045,0.4705127282674101,-0.2863424972315507,2.024569332228868,-2.1599606406438556,0.21368971273624537,-2.0465417458294852,-0.07715818901873717,-1.3397301341343917,2.440110387095768,-0.6613250767261901,-1.5218135330279197,-0.5879586927384932,0.8551424536329821,-0.6867274712030094,-2.946519023034208,1.7529500698661968,0.3821745015286984,-0.9485726933576689,1.3715043902070998,-0.16743389724721916,-0.9092208645736845,1.4391909899437227,1.3620952176597765,-0.09031866596956689,1.9918717569220428,1.1975959677829886,-0.4494992846504352
-1.557290310861867,0.8896549704591972,0.7144288530885395,-0.9026844541227931,0.05414546241269995,0.6966208761313978,0.7148562536923457,-0.8612598346739665,0.26450518329592454,-1.2301650581713228,0.025198903794440966,-1.3374446347803148,0.6097481806259393,0.23522298409959908,-0.22797381998906927,1.463176068083775,-1.5333016627374596,-0.14973689656827405,-1.692253941373905,-0.2275919372843887,-0.8302497463407856,1.1124798562817775,0.1664762131108762,-1.1651000491773775,0.20498419265151208,0.006939420032697499,-0.6825414083239799,-3.382608738556564,1.4749416593791904,0.5255143467946486,-0.9280165053394297,1.1086315634334252,0.24756554914706885,-0.7231208973412928,1.669678099634,1.6965022955595321,-0.19003715643812785,2.0325264933512237,-0.03312847749347092,-0.5375645404965639
-1.276266719397438,0.7685506434349808,-0.13098766553878127,-0.6132743402261422,0.6692615243625667,0.41246490919429807,0.42916904571085024,-0.36209997916361225,0.11241057795103315,-1.8493142844490649,-0.24671933668217372,-1.2936755295228812,0.32982413595132143,-0.4779398639618742,-0.7966471014705461,0.8342923555431989,-0.7482565275987821,0.36641786098763507,-0.9310889554167944,-0.12316277002860587,-0.02639409807322242,1.0173691521584032,0.2656760558560597,-1.54836116592175,-0.12837031666909987,-0.22942290293437312,-0.6822349480997745,-3.18390866368201,1.5748381895345323,0.37161755132246754,-1.1354371546030806,0.8682630144577027,0.2768210823579036,-0.8765401249789193,1.2098569357911269,2.216451963675557,-0.05244283226596627,1.3445613825649814,-0.054196788169326326,-0.9730152502546244
-1.1482045587262428,0.08988165973110991,-0.17682130492461,-0.8222391205918449,1.490754704293595,0.7989553949486033,0.7520446719767214,0.09831257324984305,-0.1571839449558951,-1.3371009666430091,-0.413494941348318,-1.4787427121510754,-0.16318135865552238,-0.5641134383643578,-1.3838167536788082,0.727622500382901,-0.3960895895928245,0.24208849940750116,-1.428954634510891,0.02674435838547251,0.16420801851664968,1.1744324016345449,0.4258411605232547,-1.763554905441055,0.23067530438581807,-0.43114149083349973,-1.1307015102785025,-2.988366452312732,1.193942097958006,0.30258315465870583,-1.360308017101662,1.3847352830736483,-0.4229907876140667,-1.4337544142038414,0.7522448945764296,1.8443431951469462,0.26272842870726787,1.3236814076844656,0.1489213047179626,-0.9335948355997055
-0.9256446874008781,0.1141304454965057,0.2630303919958182,-0.7342785168184744,0.9272140339568222,0.5337563864992254,1.3059756697836544,0.4647952473595375,-0.3202598017427802,-0.8240583218687082,0.5473376381110915,-2.1734843852469297,0.1379755422497419,-0.14625197641958917,-1.1951454405277016,0.17167584379622086,0.32805342437649154,0.08604854226112602,-1.3805039508830275,-0.7059185656396781,0.9326193019565124,0.874773961317428,1.0473216810181039,-1.372502953540842,0.8503255208683955,-1.2207950571028658,-1.2094118725889034,-2.2139615619720017,1.0868079625800586,0.042307713611765885,-1.8014913193426962,1.7405312103383255,-0.6228262081290715,-1.565667665198281,0.6369188095106981,1.440681530582942,0.315505803989503,0.7164246098438518,-0.2866437984867555,-0.8970754355979097
-0.7264707650850613,0.6514965392182401,0.20033774629561507,-0.658738171540047,0.87831833653565,0.8486972473748498,1.065048500734212,-0.05410832008216687,0.5600882765710314,-0.7405557646826724,1.156245333989177,-1.3631555643988678,0.2061267838533753,-1.0811731663578734,-0.04319217520868868,-0.6072729713033201,1.0488526980005433,0.038301297533459566,-1.1132417854418795,-1.1113676141503566,1.6092914222341943,-0.04189778583327042,0.7285775845097077,-0.2604330872856104,1.1863668996478567,-1.309479604872765,-1.4115059915273744,-1.4699383412392044,1.1034463799572407,0.271564134626441,-2.103612769173003,1.548550084875301,-0.11659222694877908,-0.8277056514743147,0.6481711793274565,1.3464578489533896,-0.5353393979014452,-0.4042417440467355,-0.35797590183348593,-1.0923606995019157
-0.3941605134274727,1.087429269422661,0.07424659118131735,-0.3238807992524888,0.28520955610147397,0.81416322725513,0.8425263034285291,0.3883227947829349,0.7990348943303054,-1.3481462594209739,1.3211314311521165,-0.14994568202174618,0.6608696344085547,-1.763659000820082,0.802174982905616,-0.7852003898084375,0.9251182780630893,0.36378794679361404,-0.31603349191497243,-1.4860035185292764,1.111303892730822,-0.6512750179547652,0.232012488452912,-0.23544705607640745,1.209641444184284,-0.7159535759176288,-1.9573489264877195,-1.124446290645401,1.4474863992809652,0.00038931006361569986,-1.3733132273667057,1.2998122228038638,-0.395708970408983,-0.6438094547210956,0.7550442592273646,1.5462033421463044,-0.6472221368774874,-1.0716149057843007,-0.6105265586245512,-1.8760868154365484
-0.6578828951944606,1.0376904624629235,0.5024812909344247,-0.39029426819823476,0.20521463152119973,-0.14909157691823643,1.5411461094535948,0.5425808461843098,1.268072067619026,-1.74823598305641,0.6289667410230141,0.31666034344401656,1.2100011982401424,-1.2102911822911033,1.448715978925263,-0.16117125672719212,-0.02112878378392563,0.7703453526594423,-0.5288615182377078,-1.0247243999882618,-0.33125275997556514,0.14139665833725995,0.00980571843659997,-1.2097224022775763,0.6985142113967566,-0.1690807979280587,-2.08862603565192,0.059182321611165004,1.9652185977337988,-0.12056667750052914,-1.236882884449811,1.6361051527188297,-1.291156854230708,-0.28551837363631083,1.07379107804249,1.4592633069537653,-0.27490191189114105,-1.3219436244559022,0.1639285518162374,-1.7174824284141683
-1.1661115088007923,0.4496806734719671,0.9559527526611198,-1.239751914869309,0.790772278624422,-0.43959434348285725,1.739137315391448,-0.38275794936020424,2.0032322945830394,-1.7772723086628708,0.7709549098384941,0.8048232774721601,0.5415566576254902,-1.0530421057603454,2.1549633769737397,0.8495793566668431,-0.7413167611170848,1.2220414151238528,-0.7543671561301981,-0.7071884361579233,-0.9274928548034552,0.9153215367450847,-0.03204432769035631,-1.658510961065231,-0.5068186863464929,-0.16169133274884936,-1.0259616781763023,0.4165413232924816,1.9862289059070999,0.3323795462701964,-1.2543529914740157,1.0021473234455451,-0.6030590471561852,0.20055959762246997,1.2113192003571571,0.605713873821398,-0.9828572827082303,-0.6338191016668591,0.8995360427193905,-0.9005469150077055
-1.2451654990300212,-0.43845867392337534,0.8028014299222808,-2.1476295392390194,1.6619306829374665,-0.6862449630278649,1.9824827204088455,-1.5875252880522144,2.822342220645393,-2.003166514431346,-0.016604510487845614,0.6442420808841323,0.1797201051387525,0.16650498942845587,1.4288549497224903,1.3922870176436368,-1.4313445861700549,1.0453312695283188,-1.2453873298373395,-0.2705700683458132,-0.39416245773532077,2.3911487312570916,-0.7934689557843245,-1.5975733560670993,-1.7209661736783801,-0.22662650390294475,-0.527778338605011,0.8065865013479685,2.1400363391819375,1.136301020147541,-1.2100382053612617,0.39878625821615404,-0.12584800448986588,0.9583746492841279,1.4820922367537246,-0.0326786623760742,-0.5360483654004365,0.17626717700452627,2.1846188874586607,-0.6862403148698596
-0.9682096067310126,-0.7153881902190256,-0.038175191235370054,-2.7174962401009886,0.8457438105076726,-0.05463142104120439,0.7702706875211764,-1.7750625246775962,1.535802555745994,-0.3690234203789862,-0.3330479355676649,-0.4733566536075396,-0.5978283810587303,0.8000837868169884,0.5886625030421205,1.4673058028362596,-1.9008934678866716,0.2689407079098387,-0.9276374057113108,0.7877804999154709,-1.211583758339653,2.3539133776450956,-0.6410494700959684,-0.05408026468371821,-1.1370637567149773,0.18068196311574417,-0.6698854242718244,0.21325807014960618,1.504299781164963,0.5216639691825563,-1.700500078257708,-0.098947091702937,-0.020799350026666275,-0.32081497993598007,1.2134125259470045,0.31807354945332655,-0.025448081514511056,1.8807852023164826,2.1738917793071333,-0.7478515038262648
-0.6214517774643269,0.27953386498304655,0.2343439910460723,-2.1979886653193326,0.5228235407439649,0.553709453269932,0.06300341052402947,-1.1276672645852281,0.8830543804255613,0.4390522294232403,-0.4210129609472616,-0.966458512517848,-1.4314284905822743,1.0811454269651946,0.03527212711421068,1.3261079360311114,-1.9130847812260432,-0.03866802576219999,-1.0498091607589628,0.9625051888248154,-0.6202301188124393,1.5494457108234245,-0.20399293971006366,0.775526304399003,-0.24400277080473085,0.1796338291704314,-0.6563998366607116,-0.7715338054888979,0.814984521399299,0.3509250524110891,-0.6745118238473247,-0.037816211529875896,0.6249673516563775,-0.6710997671662666,0.986277476404582,0.8872458225455635,0.3676560480990564,2.1045901404197176,0.8570408972228865,-0.45450625221535645
-0.6093733601597439,1.6165296071579314,0.6224463843759265,-1.101229469214532,0.15553493682290304,0.773073402843708,-0.7464511162576072,-0.29258277128049553,0.5927406229468665,0.9329571409712273,-0.2170176516231985,-1.0411291129239344,-1.1094453202943055,0.7198397733222727,0.26319529836709893,1.1836440433652364,-1.6342537985679904,-0.23849045546693753,-0.240893845596435,0.8033951508024417,-0.23818493478219416,0.42900682801966916,-0.2986628023817082,0.614928092866064,0.10028169491893221,0.24653014741184626,-0.8524626641200808,-2.167925397303951,0.30401891909456663,0.11235565289023858,0.22900187625966162,0.10379183506832758,0.8907346156871203,-0.6477970967927067,0.3271899991732621,0.9374355880979741,-0.05735162058416737,2.138317369037058,-0.06884188593058299,-1.1796717137210464
-0.5723418246658065,1.7627465715895416,0.5818968723922582,-0.4374914039295441,-0.010268002443827202,0.8162398194814792,-0.27744210905757405,0.26082629148933373,0.6993689577508364,0.2145920570278212,-0.2826091152587029,-0.8399244947920491,-1.3875559921882548,-0.03025444950981296,0.17000460752379287,0.8620221648410173,-1.2516941930403511,0.112441485485898,0.2674038792668884,0.6506987344034014,-0.4488876755061506,-0.14790499790022826,0.3419419722899757,0.1430069109058198,0.5757164672457015,-0.024088946744866578,-0.6585397789749461,-2.5664164571284434,0.11435819316256657,0.08631280192474916,0.5899427452449644,0.16483141140829127,1.142287119633861,-0.23112548356126406,0.13197936920893433,1.3902572883442668,-0.10433051480511513,1.2297927001670492,-0.13115516478516673,-1.372081264963548
-0.364255941030649,1.5831411505496793,0.7992892131949452,-0.43566069125764345,0.1705942579376628,0.2700769442325369,0.15742407698934868,0.4454414656112064,1.1993507950527817,-0.26406757451232427,-0.0283427037634342,-0.8271117712309607,-0.6494841790892638,0.032564837726293455,0.644760116837062,1.1569398955256072,-1.047698356681955,0.07921313819937159,0.45025357580563885,0.2738486145890718,-0.2878479880044186,-0.1816301818134335,0.8195953042537271,-0.15532922787522668,0.10504903003955118,0.1421559915767483,-0.6212127040036862,-2.046250540563487,-0.07860929536443703,-0.27599172518587084,0.7400826588314215,-0.028682942909211417,1.12490251922835,-0.059973843654420655,-0.2989073148385558,1.3046157428042806,-0.4509099925699378,1.1164863334733524,0.20606558410276765,-1.9537633152650618
-1.0945203147603146,0.8984223088302603,0.583209667433899,-0.1281531235851131,1.1834498221511212,-0.22846903742286467,0.8963496454746478,0.549812786238424,1.6723663139584948,-0.13665782896899592,-0.638370194269898,-0.530169467223448,-0.5478061981697678,0.20892600566102582,0.23285807032823916,1.2015846316454741,-1.2612994970661604,0.21246033919893006,0.7366246794984673,0.32997622775764546,-1.329892971095859,0.3379607506412067,1.10079374065466,-0.8384237644334719,0.1647859049135469,-0.07423956333021675,-0.6138465337947896,-1.6193791136937528,0.18215234524451632,-0.4219138787573065,0.6658285083924379,0.12636909088994464,0.9416798094635991,-0.08387969478941554,0.40361379928829905,1.0936802712892755,0.03511000172204884,0.8100109974425809,0.8977158587900698,-2.0703699762635486
-1.197629796633686,0.5749762807492731,0.5567453879587794,-0.6450033487162516,1.954776588425282,-0.26809790804996253,1.7134311518090861,0.17374844367153985,2.15569234109751,0.1972405665131341,-0.2892779920988181,-1.5415558793293715,-0.5386880543824308,1.0367516071216012,-0.081270526165934,0.6144968701182787,-1.2246365878608276,0.29962600553620367,0.5389327251571501,0.7227564590142143,-1.8301424940762843,1.0833476185219457,1.3683815297334512,-0.9199221516512279,-0.6180399923991444,-0.46807925376930626,-0.2749341487602684,-0.9247338771860062,0.4661893929560543,-0.6326317078080625,0.039645283171900136,-0.16664478979692438,0.5715465451824258,-0.34842957548190645,0.29027107081363446,0.6374179805841809,0.14645601457564472,0.9016372787351064,1.074010091733186,-1.8051053727689872
-1.1935370262525409,0.5099035167274645,0.4907182618039325,-1.0589850411003994,2.5330093262512685,0.0944339970419637,1.1093616478725021,-0.4957161573788308,2.6070981660732233,0.009566226250993431,-0.353004909739214,-1.470521778378798,-0.7514647096835506,0.4520997319389366,0.44627727271986795,-0.1345285052891636,-1.3523659863133997,0.44654822380283454,0.5611475194146021,0.9377545256349564,-1.046264007053163,0.38014140035986166,1.5689631000371551,-0.6217341011605675,-1.1528266563155072,-1.2282128127210687,-0.3874986659791054,-0.29329358176147624,0.6573943373979838,0.3269562083298472,-0.5135655576846405,-0.839532697907805,0.8253998014071049,0.5325533773622442,1.0329864897123255,0.2300328000330789,0.06311321727814025,0.023645197697822723,1.0390472164210443,-1.9898272814830444
-0.9376648946300493,0.10004388783941082,-0.18817690765216072,-1.6712323408927219,2.4954225636069087,0.07486459205014045,1.2300868504156017,-0.7511804347813531,3.002717266597381,-0.24019254054724307,-1.0639396833929777,-0.8744435451030315,-1.2900115776809438,0.42145200475144873,0.7029737861030625,0.08592649637858252,-1.423367783960762,0.8043257166472326,0.7675273016143165,1.0123230249084616,-0.8884082015132986,0.4360622951211748,1.084672665314008,-0.8289565543008377,-1.0734691453285956,-1.2838963367541671,-0.7335906631656014,0.10502513051557116,0.6397039137179007,0.3895396527282685,-0.4456759996023885,-1.3062944896477477,0.9501072284616059,1.2350005633068544,0.866089054229797,0.5233955241312113,-0.02832219787913065,-0.3199606953292461,1.5576240993084123,-2.205120119135145
-1.0093741498078894,0.07295958112310189,-0.38760105185468696,-2.2987888118815283,1.7128218784701048,0.12944992697929555,1.6907779503942102,-0.7814891608840258,2.34726013859638,0.5096622624504268,-0.8124054322600777,-0.9230471067613847,-1.3854852823834276,0.24112927778997859,0.20003271753322607,0.5101379118000653,-1.6298353428986427,0.9531394786695625,0.7945656482479772,1.073431104041022,-1.399894810337916,0.665871969686496,0.7745865823531742,-0.47589034216271336,-0.598118563061998,-0.684578148060775,-0.5951969495732894,0.25413408456197917,0.6749754858137506,0.28832210445433304,-0.6839013452210067,-0.9145958712501756,0.5659776967625947,0.6114512822157889,0.183474836549464,1.0211664669459266,0.15528896342023596,-0.10209660808538729,2.5195887268923465,-2.3828262243421814
-1.0627383440499172,-0.6816033762229137,0.7442700403598345,-2.443471583802017,2.171835312952533,-0.012732090451700373,2.0733846489768535,-0.592617958149098,2.4645088369664365,-0.49689170664278903,-1.3893893803460464,-1.0119978539120633,-1.2616115291065089,0.18681672705845637,-0.452819385317573,1.4528451648953418,-2.4332767503140067,1.0618598788815072,0.3231435937129231,0.5755943009991449,-1.0037477282710798,1.5732050336691898,0.46899020527425495,-1.2441567462241179,-1.020937521819545,-0.284513170069987,-0.2944258495202703,0.8238886939404876,0.5833628558685278,0.12010814624498412,-0.48111344278590384,-0.8000790567869203,0.07355956164292332,0.5489358490261884,0.4796988442900615,0.8109672334600677,0.5316022115439969,0.30411175415040614,2.899902283973655,-1.3544206357221742
-0.6291985732343083,-2.447416910876017,0.9696993335342365,-3.4859169046880356,2.7442459680831264,-0.4078576651852936,1.9683284346645187,-1.4572901024889076,2.830475806192137,-0.7174556003909207,-1.7932155602731863,-0.9881947595196274,-0.3223003171728335,0.5554086459233465,-1.355225884847521,2.0940832289174036,-2.906747673009951,1.0681011931512616,-0.2847209707854168,0.45947413571379303,-0.6195040542127382,2.2087188504862088,-0.9374044417657589,-2.14262311766421,-1.4003193175411341,0.31154257267833674,0.11795852175965854,0.9047730136508236,0.7278841199622134,0.019628861729160396,-0.5836630539243374,-1.3354484152299566,-0.12426764182265759,0.5247904375941624,0.3308496955057744,0.4856618376053266,0.19468011213881908,0.8285281707260332,3.265302341563128,-0.6760344061371151
-0.8882381615934296,-2.606009460029068,1.1932383457691713,-3.517665369690065,2.2266889732866413,-0.7085748068849155,1.3956467049183852,-1.2445988044902156,2.0338629444104477,-0.11290409537132162,-1.0963815050535302,-2.480384257274408,-0.3411681082592488,2.048941214381196,-2.1309625599294115,1.6325467577182708,-3.1310503538398105,-0.06423221043927452,-1.3921243698886505,1.5213991518687753,-1.369392935057662,2.5829430760089522,-0.9422453127132813,-1.9832061097141953,-1.3584746192811255,0.2638325460169802,0.2960055192750217,0.10467618663550848,-0.37820553689319447,-1.1864613768313486,-0.9977436335309866,-1.1221891319660224,-0.03271283146410148,-1.338434370176647,-0.0019631536134898653,0.7217940720575051,0.7833429651069514,1.9054035632094175,2.9409669194669066,0.6517374017721346
-0.6611683702912068,-1.979184996761708,0.9136999621142894,-2.5905868497442017,2.065236911475568,0.08216768700766197,0.6703040023734133,-0.6886308345257053,1.1766473553631298,1.1338531669511904,-0.6652741861808533,-2.998484133228052,0.15087404448739372,1.6597537979001884,-2.4196394991779258,0.35968129598370524,-2.5147754955388972,-1.2904140244588909,-1.5152507956687942,1.955244646810408,-1.1894309063043864,1.2157111789659156,-0.38908674269475574,-0.9987809958551448,0.08292882876127938,-0.14726470896972094,0.15598842654082623,-0.7370272563435682,-1.250709224916281,-0.7993790205279264,-1.5767798184791129,-0.41621006348815304,0.6106554427349746,-2.040033879102791,-0.19062502507517476,0.85919407755774,1.0119761734879078,1.98489035058489,1.8628928034314391,0.7602816226958723
0.15356664644690282,-2.0111101992157074,0.8625040849841255,-0.9356696135566835,1.597282761991897,0.4962063391423946,-0.24040199812436447,0.3885265295650254,0.5809434308237851,0.991022270543918,-0.3166873999399981,-2.4643943174260485,0.7214079040863297,0.5187470063776529,-2.456499897339806,-0.6955292496247756,-1.4414776280656625,-1.847815780493542,-0.8583510617880423,1.9320444937356478,-0.42472367865162663,-0.5655490802356283,-0.5211736472210253,-0.6478508377538221,1.5339244541460264,-0.34726197785543966,-0.056284674297517115,-1.2099956566252092,-1.9078180324323126,-0.9822509644295956,-1.2553072796963205,-0.21050569961154958,1.0964700565499448,-1.6643826792913674,-0.8120727987834573,1.3947811572825033,1.3369682678424781,0.7505806559187128,1.0378163180416649,0.5215683799427375
0.35519825849540976,-2.4160757312976173,1.281477160656538,0.10706430076510932,1.4405579695884794,0.5126701339699583,0.34393918629472,1.0156700405216688,0.30294902530062084,0.6821957795371957,-0.5109387494894089,-2.053442151980695,1.135230114599419,-0.12260594303808892,-2.698559470002585,-0.8764538525409895,-0.23475431929108473,-1.5865457107895504,-0.06556763218285677,1.3197852813681432,-0.03605233500646976,-0.6085851499240535,-0.5200866001388003,-1.0518309410082203,2.1226576415356186,-0.3321540665235432,-0.4810344607358527,-1.8089448998599338,-1.8336272529286932,-1.2836861031776734,-0.6010166374080491,0.3866627856849878,0.6832826433907344,-2.0480787319510587,-1.7268136688408111,1.0599979805245243,1.160828801213969,1.0876625090418555,0.641293447013215,0.28855343256159083
0.12570944920122712,-2.6788121000977396,1.5424241588308039,0.6520863481479293,1.207125154425548,0.2732978510957227,0.6639718693415257,1.0631821416762781,0.10189067970525567,0.17738123955449292,-0.2024926920988258,-2.16529187191738,1.5929265340028613,-0.46090833047290514,-2.241927721660013,-1.09578247224929,0.7989164624908216,-1.4585637330683852,0.0005079235328127596,0.591445197458131,0.48792049736572407,-0.23425197034114492,-0.1946356462146152,-0.90610746532907,1.73064933396884,-0.2873446210870544,0.3590357123229244,-1.5792414734132318,-1.7738779037317969,-1.1124046831073389,-0.5449036139049741,0.779301960942831,0.7279507875880662,-2.370635566307853,-1.4622407192786966,0.34023404354775094,0.718222695879564,1.0899353629380308,0.43141897428302345,0.556095483629407
-0.6135812227655666,-2.8216112408784566,1.529066158526493,0.8990945925676762,0.8204990919418886,0.26116214704416363,1.1401560684578391,0.9328554748765594,-0.07248036883359399,-0.03964634190706118,-0.2936828798658882,-1.603514067611108,2.2476679705275817,-1.3442917456158763,-1.7624196585438394,-1.4289248102176708,1.3688975223299282,-1.2844109556044059,0.009964587899708,0.22077951203360047,0.6367338500847372,0.07169124075601002,-0.13766215194195774,-1.2437729995108147,0.7062288488957836,-0.4899609115914507,0.06916246722959735,-1.7602301653582173,-1.4328087912972922,-0.9741278581778391,-0.5561943809872985,0.797390083797584,0.48187566566122503,-2.5022148046212744,-1.8144911753431132,0.6507548430314394,0.3809358856908168,0.8717711379636592,0.05023961170456914,0.928599485232974
-0.6816328744041564,-2.802220399469417,1.5715385699871156,1.0255600659898272,1.1865268694514695,-0.13968555153857154,1.3706891306056623,0.6384534120449038,-0.0389155664516001,-0.4001179474084439,-0.3172959584018592,-1.4896911185451296,2.4542478528880136,-1.229300288351277,-1.7709677790325475,-1.3221660464575575,1.4318017629803352,-0.8951758396522624,0.35220738769949833,0.23739956554769728,0.9510245718582611,0.18834504433044036,-0.6088334911513043,-2.1973999703670204,0.14602923383648847,-0.7433969117776547,0.7648890763931381,-1.3584040585998671,-1.4481776751990982,-1.2347674841285645,-0.6017067664192371,0.4617618354438855,-0.26381477830549427,-2.9154098550012777,-2.190188761404168,0.49948150433771027,0.23622901050359868,0.8104033415043186,0.07881360858421937,1.7116828862870923
-0.7431361500026079,-3.299606927904013,1.8145066748889003,0.7696178229063103,1.2045617946431244,-0.1524151949986124,0.8344403498151514,0.5466370573790094,0.28965146018709254,0.14173523507065505,0.0830370733328798,-1.5933866219434354,2.1787266449030596,-0.5939198589980906,-1.8076848177385259,-1.8963732401554814,1.2651405661277104,-1.1770158409678515,0.297268159660949,0.6975565271836142,0.9031253647014577,0.36828449379095757,-0.2610295557249045,-1.40514282807563,0.23127163813222393,-1.0821035103500993,0.7974502874193066,-1.785470964855171,-1.90694903509223,-1.8753614193456873,-0.6217610294786255,0.5748343766642734,-0.4693727579199432,-3.14042931595573,-2.093928460821265,0.33186155652372884,0.24119641318304752,0.36804327344667714,1.003693426821774,2.134118551502165
-0.5967072905746769,-2.9283575491437372,1.9306552217073512,0.9665162715477217,1.695607640334448,-0.049492534965297874,0.5040852429282662,0.5379369458829374,0.7669812466514405,0.23639973520710691,0.6094120215875001,-1.8664549207437213,1.5816512938319853,-0.8382032311743374,-1.148931231613977,-1.838198128242679,1.4139321349702347,-1.2470381949265095,0.7837214635728471,0.8811569811741315,1.646964657340292,0.032608845407528564,-0.4477795644176287,-1.45977017372146,0.18830017906955487,-2.3152986865383904,1.007476497822475,-1.462903676723468,-1.586134384297413,-1.3647195312368172,-0.9209421227569917,0.12812986386060876,-0.14305495594362605,-3.0808133249549763,-2.0652488297674148,-0.1750485707921985,-0.018307822373676563,0.4308635195613981,1.17307539104601,2.6356601807310294
-0.955397207602906,-1.9424122036089515,1.2413252008891302,0.6495216425005832,1.8440179502644047,0.46199783998828925,0.0975495272016863,1.0238318811651697,1.3479635109751114,0.4485638732809265,1.292630157180498,-1.0217827026838038,1.496952312627998,-1.3327495022748468,0.11963842362198274,-2.747520813882443,2.239634152393416,-1.14395849067378,1.5249559179767005,0.10277138134904967,2.2741385343203557,-1.4121504210377176,0.0572436524182206,-0.11875818408789668,0.5168117096246847,-2.5733680667891097,0.5892116145252573,-1.1973817059756495,-1.466566453726715,-0.8657802599993414,-0.540660032359461,-0.3922395067458942,0.06532000107682345,-2.030185576107524,-1.3323018377870395,0.3157873896775932,-0.6968386097170068,-0.47360291909410285,0.6310829033171486,1.9382705641004325
