0.5890555103174784,-0.10714094149892729,0.49823986619241073,0.5985251829297595,0.5544569909846486,-0.5163975170098324,0.12267586176517292,0.024145886760225797,0.37220252067527754,0.4080132635163217,-0.8874850856547455,-0.19897372515494768,0.2690850064021192,0.5524670291256102,1.3881592810486545,-0.031828975241782936,0.3762540285076773,-0.01476746381609858,-0.0333760387336324,0.7898529229156913,-0.2521258951908782,0.6115088058066183,0.40011889804029055,-0.04272708646464017,-0.023515833790512218
-0.20511825255083221,0.25448175104688053,0.46382264970771153,0.8666482480083538,1.530207690529817,-0.9918876092052997,1.164643639014186,0.3775337521704713,0.5777358006997038,0.8054760498789258,-0.9082088326442388,-1.9381106928008285,0.22644076644950176,1.2851376610299396,2.237185407986858,0.3388553674953432,-0.28249931301961834,-0.07574982713465801,0.7827753526095929,1.6459022699140107,-0.10241858733983485,0.6317345100805423,1.1061923158585971,0.151726905831963,-0.827861184593635
-0.9365088948718734,0.32331343088922104,-0.42136950234317516,1.3284754636215756,-0.48853675904037275,-1.3817448526876386,1.7582949557305578,-0.6679018307372279,-0.2810381751529175,-0.09316013994416228,-0.012329376279641147,-2.121162683340221,0.7983975487238332,-0.5060235775090653,2.4505838696884537,0.4056363676507335,-2.363359990000852,-0.28422930343978514,0.42557921913746743,2.5187712147116335,-0.2551087280938366,1.6381908017396247,2.0146749219952222,-1.344296325848336,-2.7503459648339414
-1.1835045223197185,0.5434690166736176,-0.43125979282937227,1.652250305955627,-2.995338044261405,-1.1348488973149764,1.560816052661843,-1.5466782735594895,0.21617991306590845,-2.2854872471928585,1.723353980114164,-1.5948668315384404,1.0092517522411395,-0.5341315656813409,1.6035798999307882,0.31617219789384166,-2.0787877548027387,-1.0712545118655783,0.8937449406990382,2.3881235427750696,0.35725601858952183,2.8460344949151795,1.66552694934329,-1.694183896795268,-2.163441229787594
-0.4490150424035856,0.667086931971293,-0.4538526671282953,1.2862482507112425,-3.310650648319574,-0.477071601228228,0.648242847961767,-2.076332557910948,1.2076842991420986,-4.4280070686192055,2.5175461111047164,-1.0084110773698178,1.2426374131677882,0.3657263248319649,0.5884234427264045,0.026462861384881464,-0.7741431610322236,-0.6889570267282634,1.8119722182695717,1.8997252452088222,0.6426852759510292,2.8624105765730503,0.6251975766398135,-1.3039502454328031,-0.3562927419388559
0.3930506225597669,0.46420617828694183,-0.435793003248772,0.6232713201493505,-1.3573848643670807,0.062216064741870705,0.6994622015127918,-2.398976446554181,2.049296724074244,-4.840924512555267,2.2658043419901146,-0.7909508592271042,1.0450909599845506,0.5232267997193053,0.4569935012782063,-0.4711382981252022,0.12866159668662833,-0.6601939750688582,2.4897567462002166,0.98082651901981,0.8587763536679377,2.731272499248125,-0.360479426151933,-0.2647078996035175,1.0308249528567857
0.7317560906175047,0.33748303069131613,-0.34052691530870494,-0.001494993265614794,-0.6154515229845802,0.360398874093388,1.0177256954512799,-2.679347844626584,2.39049676375496,-4.7764803860847485,1.8164715821105506,-1.0115903669816229,1.288816983870968,0.8798149896162786,-0.09317132767200292,0.04434626875268227,-0.06854762675862958,-0.6050520741706573,2.0515250317297506,1.2100590650494305,0.9586744449580467,2.4375461112309478,-1.1589727501877571,-0.11387315568166989,2.0313250177951816
0.9644265550288512,0.7105507178144276,-0.4294723985431624,-0.11144131557096393,-0.12219888921203671,0.3821947558445489,1.5972905811143598,-2.893676509551776,3.2241978226558308,-4.41573474872817,1.6508281221898704,-1.1721091234053602,1.5533619820194808,0.9971334742210806,-0.40922461534908955,-0.33654001604779366,-0.22562028046322066,-0.48253704932822994,2.386049389700875,1.5525760622069096,0.9024935163192743,2.541536283129814,-1.135126924049733,0.2780317558121177,1.6855850813497446
0.8162077691326823,0.5761657034187591,-0.09578029345591799,-0.6654775233535679,0.48482639566183783,-0.6058568626690144,1.2980918732224251,-3.3636416494118504,2.8372100345587787,-4.203627458476256,1.7151689218547246,-1.4567500339665502,1.3940665928657674,1.1668813557707436,-1.1317873882858491,-0.46682150786632004,0.18836916534201453,-0.48843741609145835,1.9100764161743988,1.8684499821469311,0.6995956188728762,2.71131287287671,-1.4761802988868546,0.21680957839162535,1.1481001724549083
0.9818335182737786,0.4912358338107692,0.9214496339675107,-0.05807542686794357,0.601525093499525,-0.5490025478661975,1.4168120699367592,-3.0634042096244687,2.9055249361728324,-3.5890388574102987,1.8929001595774528,-1.7464309023555584,1.0181609102147824,1.1778426085485711,-1.12284156908446,-0.6998684439706351,0.3536156153887583,-0.06355751493650746,1.750886209664556,2.0435908951189465,0.954856204131717,2.7339541135512553,-1.3621839380559084,0.4916740106379922,0.9871253039337659
1.4523529835344908,-0.3251996682806791,1.1456797052113625,-0.2720860668841172,1.087475126022547,-0.9145686608775772,1.4643237823585986,-2.9222354321870876,3.1215889982322262,-3.408571797116477,2.019512588065992,-2.524354752721088,1.2982324962896934,1.7925485563153307,-0.8830987766418938,-0.30773980885476165,0.7968839093895906,-0.2558278559805837,1.6472431789953244,2.185527036392042,1.7310325470252002,2.393396423938597,-1.743094431510351,1.0069937387103303,1.0148242921222357
1.7357456305437573,-0.17107070434655755,1.4705156092631877,-1.071921041828042,0.9669010661329478,-1.3901147428076364,1.5517707525668045,-2.370583472934095,3.1754205797113153,-2.783935404862746,1.6848526344555448,-3.327407045602541,1.6298689306871006,1.4391420868261933,-0.7947746892325838,-0.3274547789635465,0.9617790133973892,-0.13164842097323687,1.1382919889727605,2.8127397491986272,1.5621953959343189,2.386817909937064,-0.6241265492665801,0.7823396702298551,0.5941651753269515
2.9165593187523062,-0.3295509486151493,1.8829660688743357,-0.517652828295218,0.7432365832992793,-1.57249792379496,1.6122878704641657,-2.3117348232662325,2.8557450606575996,-1.1666355273547537,0.8733032458864722,-3.19996822727424,1.4909868962513697,0.9483748052633255,0.5691980850826468,-0.0945502090741761,0.9793920840200567,-0.11579557914977323,0.9251275175765945,3.667976060120851,1.2211703240143967,1.7839007387651535,-0.5368174436277968,0.20841692462078454,0.020721917892068564
3.3808710041909213,-0.580297065643595,1.9685308923436062,-0.811252294415415,0.5597864084202113,-0.7491879955386641,1.9925009299448726,-1.8686563860055727,2.3651824950287232,-0.42371308178292966,1.1563809035628776,-2.755334182124281,1.1852683532198727,0.4740148014708099,1.3042659702155166,0.6412724006635975,0.8800925211502547,-0.5852897218017943,1.8335468194127964,3.994742618311722,1.0589102810730264,0.3926383860885494,-0.5684182492296671,-0.4158309066763521,-0.6416981902246723
2.956325303872553,-0.7437433964880082,1.6028293211854678,-0.3730568259889298,0.4113424177148771,-0.3664788009417722,2.3421749886874577,-1.8791982958727744,1.737315576429924,0.06301658394856968,1.1347200271072402,-2.943441670247005,1.4464469618720144,-0.7741340935860745,1.650428434565715,0.8336832538498431,0.8107815284729403,-0.021590782361056722,1.763945134995042,3.364798127730367,1.7118479109721507,0.30976186736322997,-0.8522169368849888,-0.9222643765185048,-0.620581744301036
1.9604940633892274,-1.5097735593686767,0.9864697534923231,-0.05143094734304011,0.17542635161889025,-0.24658868457833408,2.413310663343803,-1.5988725995562791,1.030398415741341,0.2786593265654115,1.8552622718772327,-2.47945692845922,1.157366162044251,-1.420470773213511,1.3074962466645643,1.189786014827386,1.130930308514561,0.6291116521707693,1.2845243540544533,2.0454945862783993,1.8899748763320106,0.1284752067561339,-1.266878320114968,-0.5611769264571319,-0.4484655753779766
0.36339605580301737,-1.8261557594976514,0.3010607580957314,-0.08198899180549167,-0.45978120293617775,-0.3799934483280738,1.4939078563579886,-1.2295300947464618,0.8901369574645538,-0.4978516962658898,2.2903040210262544,-2.342050068603201,1.132560212527586,-1.2035809142503835,0.10908946638736228,1.3731146633253928,0.8217096407725968,1.5886260886099282,0.4105851125732118,1.606273425496572,2.4317686689436906,-0.3612916339717837,-0.6133397843359945,-0.06066083889274464,-0.06970961754235805
0.046009850008735025,-2.0861932352264594,0.057788057265537686,-0.3633843551997388,-0.5430678488651794,-0.15183521783220372,0.4007085687707566,-0.9367777280039812,0.9864550772848106,-1.1712759693220962,1.8995829773606094,-2.5739716194674953,1.1474518218473468,-0.5171454823481005,-0.6533382814808563,1.2768568017728714,1.3503790503888944,1.3933291669049575,-0.058139923944012205,0.896675278705081,2.6478349872015503,-0.5077091231234642,0.3151542105297157,0.6567440717729928,0.3207048640210056
0.09348292350989013,-2.152796268528885,-0.07344000265273931,-0.09825609381671503,-0.13220118752568605,-0.03470652511316542,-0.04933241866918098,-0.6379906634439009,0.7831717562644734,-1.0712471256544764,0.9233233289034737,-2.642257503082484,0.7008395709424223,0.19716117015160817,-0.25723330043710096,1.2463470400512442,1.5045450033073515,1.2274530022420056,-0.2538956589411993,0.7788959604133545,2.3847059290741677,-0.04491035059956894,1.0184385958426787,1.5549772878409287,0.8103900675227176
-0.0860071536303153,-1.6247203089125406,0.17193507144355746,0.2351457349377225,-0.2558660079157315,-0.6812387975517217,0.24906093579477853,-0.5767552178973396,0.29730520901776747,-0.37641385366059027,-0.1042809893204618,-2.330803689127355,0.5620254913747161,-0.1755728697069472,1.1248952662652412,0.800213503717801,1.2057925572514567,0.9705058838273363,-0.44605983412231726,1.152340440684253,1.9386939522829008,0.5017043030696527,2.08324517221521,1.4800420550357622,0.741665042031907
0.3225711332369933,-1.584633779643562,-0.3069987027524323,0.7528780126676313,-0.1690893636906115,0.01797061467323377,1.1720443833689362,-0.6021842139020852,0.07493661007072719,-0.22601555458456152,-0.3633311183190892,-1.6021871375376173,0.9812692782193891,-0.020265049285190722,1.6027092729695427,1.9775999318402357,0.45423794504814957,0.32863217063284167,0.2551968150152054,0.7219231762162156,1.7343592299630453,0.6614594879528263,1.5797306810940708,1.696924110162339,0.17451032258924948
-0.652551516286953,-1.4063505279316213,-0.9246494422391661,1.3542090495065753,-0.09341022196821369,0.3793082979687812,2.012613055929795,-1.042304734768649,-0.9855634792170751,-1.1771042974871297,-0.8250697472754861,-1.9031284978813532,1.1122992182099065,-0.8444924999464064,1.8629692929537145,2.143191579086239,-0.08454291187382532,-0.410118980910597,-0.27339956135303073,0.7072465056334518,1.3938181512108725,0.7695224380147393,1.788752945564577,1.564179909847193,-0.5403367893126202
0.6919334752171129,-0.6667601126584265,-0.7751591263940043,3.9655482599819942,-0.3512507385782505,2.4028399769106072,1.8831293852374562,-1.161247428191182,-1.1020211931624744,-0.7992346468355197,-3.774164580512619,0.6082782315425623,-0.6028166648910016,-1.048037666583915,2.466343175271362,1.1663196286215387,-0.35634543542386,-0.052427890484297135,-1.7195774417105096,1.4410052112435383,-0.5652822391508734,1.774205276936272,1.0825014309309653,0.359945813155675,-1.0722737293892834
2.782976722929155,-0.7076430232258383,0.4486403999637973,3.6923825260293857,0.8176610744071189,2.596217172266488,1.1198372816308275,0.11042504261359584,-0.9777076958525779,0.4432844271006722,-2.9343731563135576,2.019430100865164,-2.398874791595354,-0.16915563550099438,2.8698002251241377,0.16939452965870763,-0.7433247892594566,-0.12982107383963676,-0.7176056121107994,2.377595878108201,-0.1711416040326457,-0.03489547575538825,-1.1522403696118306,-0.9229856147098107,-0.365281534339565
1.9645224302029551,-1.0015385526601093,2.0286368323365664,2.7979755140324496,1.447025723465483,0.9638165157408994,1.6513165337552032,1.937207956635524,-1.2668807583788864,1.1012834051917126,-0.3494894575299643,1.0782131172700122,-2.1917245707910604,0.30669699745715134,2.8233394911698215,0.016949982747109765,-0.2476489202708088,0.15513363140429426,0.6457422882532389,2.4418422475608903,0.5514704895536594,-0.8282740400667474,-1.7479305504966105,-1.058452953170234,-0.31333216225247
-0.025269268434721673,-1.3109892781594643,2.171491051010891,2.545624377887776,0.8144049419080971,0.30102442468274015,2.6491622848632956,2.748978432287193,-2.330822395769613,0.9217356760515583,0.7668044125831636,-0.21081652993660432,-0.4151069839250977,-0.49154690208824847,2.0361286860425674,-0.537938420979131,0.5685061932328785,1.1357508296979606,0.7234359468032091,1.1093360575669715,0.9351788565208171,-1.3303103007261454,-2.0609154170423145,-1.4333844542446472,-0.4836562930994428
-0.8965032694920996,-2.1175886564576523,2.1107215558259,1.9072560711529,0.8392848390242397,0.5828584777731414,1.8127044583543204,2.8488953112579414,-3.1133009058732286,0.20218370974124245,1.724280017407211,-0.21892894593886886,0.6921124045102969,-0.8861493503455786,0.775736469494108,-0.7239007760606292,0.19357732663074279,1.2420431573390078,0.07665931573389856,0.5567284124067309,0.6436795442376285,-1.9308798436742332,-1.8059826523502047,-1.0038449897173578,-0.1134570616816225
-0.9966105528873025,-2.801720671813561,1.5830711804199853,1.1969036057474411,0.5264605198488141,1.0706627785505407,0.32642353026839194,3.160749132178122,-3.5168270277008444,-0.11241450794654399,1.6484806785879418,-1.0822921212911394,1.5287306013234654,-1.0321418776616895,0.024119459053565488,-1.000312042626756,0.5854624813982124,1.1137519327260288,-0.5558827332280365,0.1205920881207714,1.2472228302830641,-1.5765810287220015,-0.8723833592472194,-1.1362985170264122,-0.12959753998290968
-1.12242437189818,-3.1279565041933703,0.7954863317991641,0.5801200706335976,0.43235473981050626,1.287595406015302,-0.332385663931273,3.3119774581138457,-3.1139394806640874,-0.7733199627548514,1.3027730862622753,-0.9899889990994052,1.9975947705389292,-0.9493013803583915,-0.48377573362256815,-1.423907754875567,0.22034528910048112,0.9240883180648329,-0.5758637766753406,-0.4384363622395454,0.7761429445615524,-0.6705417527218507,-0.5917903679902923,-0.39777457181299214,0.007805246955941092
-1.007857592850068,-2.860825979076036,0.4904496405766547,0.4581568631235338,0.4807248629120088,1.5353930326552778,-0.9754448624714862,2.9230721736563914,-3.3730617807606658,-0.5136964963890874,1.7501787502100845,-1.1340089277722931,1.6263575736586735,-1.094232532816633,-0.20746268450337244,-1.4403671640047577,0.7478958021634953,0.9570815921628733,-0.5587585682770322,-1.2265320106113988,0.7381045689449294,0.15067164238442446,0.1606657822897191,0.019782340331587753,0.04333672163137481
-1.338876921319018,-2.7615517149428817,0.0012551266116307414,0.4165609293472669,0.8464813397432422,1.670987560759337,-2.2101941020918883,2.543996472616951,-2.6612322183766532,-0.538485194803912,2.093344430874716,-1.0204714671781927,1.1218327706103681,-0.51178379946691,-1.5682298824985126,-0.90922906622399,0.9051344347208485,1.0798497469536037,-0.3385192875344144,-1.7227512372716174,0.2755877876281288,0.5669915934777499,-0.38358658338094065,0.3497072729102945,0.10601825701460621
-1.1830392279928883,-1.9153605993341023,0.24845643073093615,-0.032548633696854484,1.3766684650354895,1.4690704579301705,-2.2789610762333794,2.3960325309382204,-1.8784112308191983,-0.32067441363415305,1.7238136340796035,-2.122847338266475,1.139557863199262,-0.3536205429772114,-0.9938878570601932,-0.6341157827933567,0.09202903333416075,0.9277491332191776,-0.6471352763709762,-1.6039335183671966,0.0774787509989501,1.2760976672638193,1.5823341756834466,0.7287274176530432,0.7032406233896227
-1.0716115763353076,-0.34031598016973974,0.025362433315551824,0.012269914879122767,0.4348919733019871,0.6713141701796808,-1.581551310288345,2.1340493071120896,-1.3862331127230678,-0.47489614052458207,1.924690745357653,-1.91445353981077,1.1569976503395971,0.08174310346193595,-0.5719642568432904,-0.2870758520379281,-0.45492535694691627,0.22010447834816804,-1.2157033347990955,-0.10679168055430127,-0.004094309515008915,1.645419121559807,2.8436094541167027,0.8505240665780294,1.2253468399891971
-0.0018484634136365016,1.6908202624820368,-1.1293585119290661,1.0668542122651212,0.4326846714560235,1.2662603723764305,-0.277795760376666,0.4972850295368578,-1.0048171974234965,0.6585908437965186,-1.6492415757467473,-1.2806537890045633,1.151137136968361,-0.6160096675880754,1.8176209802458234,-0.19811552196419155,0.6300793293952783,0.1220353126880509,-0.7421626090210539,1.3462137858509318,-1.7137258882204613,3.194340767419995,3.450853312281897,0.37355532802181796,1.4877626260247558
1.9541780724112332,1.980085892575504,-1.5238168464125545,2.8665961906976323,0.8856154481176592,1.7101928042808117,1.0385204195522428,0.4786790222751705,-1.1531073395826736,2.5242026318800512,-1.9810774142301293,1.960575878376208,-1.7355977295250917,-0.29846832307511806,3.55664253806967,-0.31912208219081806,-0.17428713090268813,0.05581190667018421,0.5212484840985168,1.860546760773052,-0.9185017856494766,1.9813062337936183,-0.19762376466653753,-1.916612150503179,1.294886954081457
0.7201293535155767,1.1121872720701884,-0.41411770162758166,1.981818345372867,0.9687862039414155,0.47414313528762486,1.223315221449705,1.5008615266319927,-1.3555848461692337,3.012495523927619,0.4577748139116063,1.8779723402033481,-1.2143702252609683,0.057000119062895815,2.8213691987258396,-0.5183403866248311,-0.280519861527058,0.03930323684378458,1.6086873914195428,1.660724458926295,1.1478215035766668,0.11944185337704495,-2.5441377602336943,-1.6612370038266828,1.1036660197244148
-1.062331743325337,0.09551281181443896,-0.37354120651522393,1.3887013117032194,1.1564820057933165,-0.18299072468587718,1.4931454663545307,2.0805548693219555,-2.6534750244987766,1.599730833141459,1.289660752105872,2.4273289040412545,0.20080665024289995,-0.15988652563717243,1.1859001284376216,-0.8987114107466154,-0.26816771917313664,0.6647373479371111,0.8528999817735674,0.48972163244701217,1.4849890924350082,-1.402033094407916,-2.905485898611793,-1.71556292917363,1.3800343202573055
-1.937874531728568,-0.6272625145621604,-0.7373680006105954,1.4256845465130896,1.1489029757648541,-0.892814355094854,0.4096024818719308,1.7544170667158825,-3.569766329080587,0.8266441248301978,1.5829492750130734,1.3456411855732922,1.2926622730993378,-0.03479752174534083,0.1519373917242196,-0.8378153448312023,0.5110027796388639,0.21563737935727795,0.35838394632520937,-0.17654401462893843,1.8784318213964393,-0.49877817346008646,-1.956499554333273,-1.0239349257639023,1.7693076435125068
-2.4865006400119882,-0.4205487060158969,-1.41070507488027,1.2945172008657813,1.5019442121751296,-0.237317149183146,-0.10419100140805605,1.4489696515158077,-3.3070597674358377,0.3941140769743102,0.0013060835570510854,1.1840754783101692,1.2137662732430987,-0.2169962710417232,0.24075603235007176,-0.8961676080893353,1.1974452316343198,0.7734709626083413,-0.7155640166259905,-0.7578447709775994,2.091304919184395,0.8058487402935063,-1.306644621277667,-1.0059674764845892,2.091394029119937
-2.3564420475241454,0.14281976272735775,-2.1829385636849707,1.3547988883919464,2.1585894235695444,0.20233236612635522,0.1088057495025282,1.2310543668868954,-3.17413728995429,1.0608020287376925,0.0863494622700499,0.939486381027564,0.35839208251204213,0.36633815425955507,-0.08316650714990176,-0.5003727813071647,0.9745267158729473,1.0104709953334472,-0.2778499115901976,-1.0697506347309338,1.771026412255038,1.2620606312508489,-1.0448221895801386,-0.10416507493751075,2.4026318643185234
-2.9482520563248475,0.399175907865675,-2.920557455365631,1.7547731284077341,3.2592915138977183,-0.24354856349175108,-0.22207620712597292,1.2512252280775775,-3.712690946434679,1.6188264815504547,-0.31886396955907603,1.8123272828941819,0.4241699243060706,0.06755579099419629,0.08380766745447085,-0.11983884868345365,0.3560965920015022,0.8417216347930713,-1.1120080853150491,-1.8025160451628481,1.5397236190496193,1.0783514139498651,-0.7856950456784251,-0.28592083668678536,2.1107003723881306
-2.9713660297990345,1.1793502875617545,-3.5562279348701216,2.067379978197931,2.503026107474546,-1.5336615247686898,-0.3675395271677932,0.9962139396148764,-4.268967519110637,1.4592653152651003,0.34597270312136535,1.95847696474584,-0.28520920378975323,-0.36382326159141853,-0.17210999589521792,-0.3566553745008745,-0.08597987721947625,0.47156123449900317,-1.276675372513696,-1.9336717680468327,0.9574937115075456,1.5148406106685033,-0.24947525264582016,-0.2922809261165745,1.7163269587034764
-3.573302813066148,1.9765106771598426,-3.1592217565507585,1.8216921557275256,2.0061093970168296,-1.174531152985663,-0.06817840076485415,0.6699979306471588,-3.265766178610141,1.6524592092270471,0.748120717366572,2.364724867614897,-0.3813573293995075,0.0012860358000573169,-0.433949783298744,-0.05573369400964698,-0.0587939973242074,0.21799571057672423,-1.2156129722354518,-1.723360214400353,0.8321244090900906,0.7640929558507903,-0.012098593851143272,0.1935059916435773,1.1713392494294832
-3.787338401718598,2.360952839067573,-3.3226931143628367,1.4821914482355436,1.94074899414773,-1.376048645929153,0.07335437035642123,0.7816184579582938,-3.5439044591913356,1.636596714458479,0.15743839297631188,3.1930652983544325,-0.9428350026748235,0.4103809734328279,-1.2930138510281632,-0.513603321940062,-0.24083914018762398,0.30576163348444013,-1.1108558385338942,-1.7512880254373342,0.6341944678864925,0.5427255341314766,-0.3016183650530856,0.1880609250041041,0.02517486005491465
-4.27934970353097,2.2470074639687234,-2.2073488554307525,1.189417895768187,0.6535140180019536,-2.1340130291739547,-0.6218467654936664,1.2865686235242726,-3.4761475006318463,0.8474054878377155,0.23258730553271745,3.0130702458600123,-0.8638020984634843,0.46754180937682377,-1.5397020139518836,-0.8211267739374022,-0.9964870328248703,-0.014634774058752908,-1.9028101010030594,-1.0776316565170754,0.6107044359037442,1.2133083139058103,-0.18685457433503155,0.5347324626325662,-0.26800516774208405
-3.8227161407953756,2.3779316592707893,-1.2947884269858552,0.9870709901319505,1.0155765872061808,-1.9770865859526183,-1.466085671733665,2.0485823262619514,-3.0459038186985508,0.71564105170904,0.9207447586204839,2.2847473018768456,-0.576841173594211,1.4603998468245403,-2.5559754240372095,-1.132228532087474,-0.3518442900427601,-0.6996179305833848,-1.7361360182268368,-1.075562936376959,0.5602427955284267,1.4510512366794854,0.1815718321015887,0.8610216031401797,-0.4631329035080105
-2.97210567409334,2.86377286088701,-1.3083691936779132,0.6117819209827504,1.6129149786062964,-2.242552446264012,-1.5613444242414656,2.3335612748028516,-2.591293921172424,1.1580230555084503,0.17470230048816993,1.734131644278869,-0.5880858647809761,2.4035987644829353,-2.488961618223346,-1.846727934978178,1.0511795386358942,-0.25654989642266024,-1.3709687836113635,-1.1261925398312282,0.048903905791465974,2.3943645476916564,0.2896757506180915,0.8392993837551379,-0.02193993006039241
-2.9925762900910695,3.3972657446801704,-1.426462167251192,1.0354744302087922,2.4390681931296045,-2.7880043026500556,-1.0208821052964676,2.802531980504604,-2.0678905658248348,1.7239350274073373,0.2367413770726842,1.097527294830676,-0.47524384292564575,2.4004622548853405,-1.6940176647846354,-1.4598031962367939,0.5434567639263371,-0.4467418035786621,-1.0664767504611932,-1.6560135492634729,-0.2672514564190961,2.1424256410415827,0.19584346042246237,0.8386878368596591,-0.17446360389818716
-3.209904499237493,3.704134143329258,-1.3682308100962048,1.6756728481435377,2.7717446291709695,-2.8032502435475988,-0.6053470197630876,2.8757109486942194,-2.245889645015491,2.021757850402368,0.23706607186282835,1.2014929142851536,0.023893136346027077,2.5099395953674657,-1.245495810677862,-0.583547710847882,0.21463839011091032,-0.14297987909631243,-0.4956502245101202,-1.1906206184655008,-0.4893039662818576,1.9403984864662476,0.6109690708086686,0.7002142137699775,-0.05983832562257141
-2.996625976242919,3.43848058775228,-2.2138507397378517,2.2075061669213376,2.3352233067417365,-2.9141060591914236,0.04688999917266326,2.409580123820335,-3.076436752244509,1.7920056548208534,0.32382013664847403,1.2082269050140952,0.046936936953672986,1.8507726642369924,-0.42990074351987523,-0.1927030460125713,0.5148167934907015,-0.03940674965530561,-0.25805893067260627,-0.7063779853555004,-0.5277792680686654,1.5421028390004896,0.8739105321912061,0.11326359520628536,-1.0012738237832979
-3.3886261543463108,2.861100713233716,-2.4904168723657447,2.7124400537666826,2.6608782844810883,-2.620858009609293,0.08448579789381033,1.931253544621421,-3.088157937014808,1.550587657290093,0.7938279098692063,2.0488994177781468,-0.1137710761200108,1.5889838611147966,-0.7616393389407045,0.19602862907299712,-0.308475515254382,0.45554808675353475,-0.6923105663317485,-1.0464692192417588,-0.6111907440647938,0.736180593430719,0.5848280040436319,-0.06497256468638146,-1.2602894903281823
-3.789414558613311,3.17919622050482,-2.396671166963346,2.695983808682827,2.303423109095256,-2.8900682009628014,-0.35095365034942916,1.6477637924513557,-3.3400861082153845,0.7439964985352074,0.6491302808300268,2.402383572439034,-0.2552842622041576,1.07844930138971,-0.927764625630591,-0.6263822388608202,-0.5389289488230846,0.5487228801294566,-1.1769632817306366,-1.5568110402464552,-0.7229033400705784,0.6624114602805222,0.8496453424227596,0.040519118419157486,-0.6609199075407478
-3.452459594418926,3.0581679451830315,-2.1218268792799435,2.3007679199490925,0.47186632197272577,-2.0735240649418523,-0.9220764303965641,1.0527669910542858,-3.353032816272626,-0.24248396204424746,0.5805386625038615,1.2892876397088444,0.7805700101597117,0.27126096997883653,-0.44739060564860456,-1.4943800342439593,-0.07743009668294931,-0.9616602291089288,-1.0112009630541832,0.07862174507485753,-1.2076601518047776,1.9799557349091184,2.1089027129601843,-0.5016325329396547,-0.2943354501126756
-1.3852185048488619,3.555796636372123,-2.198159217268518,2.7630379592947616,-0.5199550454539875,-0.6653327254328042,-0.8770547497407893,-0.03876582744310979,-1.719457497332295,-0.3087102455167229,0.19139483425870416,1.0233772215854304,1.0174808822655472,0.1113450010705179,0.5117709771230953,-1.9345892236776168,0.28156198627455414,-0.652634147525257,0.022088712136784434,1.2678078657933298,-2.4708776268234915,3.364938027228783,1.9153497836071909,-2.164563422719857,-0.14318690535016365
-0.9660808986381186,3.3641310611418134,-2.4807047252827488,0.8495954105979048,-0.10125639432066164,-0.1541416647601313,-0.07449846604002794,-0.567914333054188,-0.2770563473635365,-0.9203923083045157,3.0011485992266644,1.5310699117060567,0.8006572556051006,1.1771571401966698,-0.08765124346342501,-1.1877213165727587,-0.506105992566135,0.4209885298392045,2.423734467867249,1.0413771459701984,-1.9765499976062413,1.9796907491802516,0.10158031425201253,-1.7599977029841314,1.2156718038587044
-0.7877779912678442,2.1896581764030447,-1.8771864022582758,0.17013012612578574,0.6616957240026974,0.6484876573299644,0.5653690938158046,-1.4234297350473866,0.04579136354982764,-2.0044661855312293,3.301165684441527,1.4668897154452842,-0.21105713867459988,0.4573715028134107,-0.6527723072244364,-1.3584666221836892,-0.45415312124240437,0.4906440692089338,1.9253784487917778,0.6449463258687999,-0.999208601018674,1.364916264083729,0.026298598824308184,-1.662681806507732,1.9613289451458993
-1.2425805082142711,1.6086827398110768,-0.7925754927787482,-0.6559444101977121,1.8861396432720423,1.003518277392381,-0.057641908989538165,-1.6697125185360453,0.3537943962477067,-2.0642653467613297,3.134647301440125,0.16369035619478897,-0.4115351863067205,0.9877721252632639,-1.8164532119197312,-0.6819156188142796,0.13070043061044906,0.3869904022579253,1.335915670095863,0.43122410277805445,-0.5947098888654943,0.8029720425413263,-0.799949877175636,-0.6682902234224124,2.897642889212323
-1.0881656077297968,1.5543648177263623,-0.28462497423680955,-1.2132975008412084,2.688096153984805,0.5184966438529728,0.05133734906036793,-1.3039419959108924,0.9148065972432067,-1.231526296977452,2.453162162082627,-0.9706102081548884,-0.6732310315987249,1.4667603224488392,-2.2702812729531723,-0.8968520193365328,0.50898982137736,1.0607020858277656,0.41947491628893624,0.5646627270147995,-0.5220738737762166,0.9430485530404529,-0.16908545082461127,-0.24577912720628162,2.0921914425488146
-1.3570570988125756,1.136798267876885,-0.0017117485200345839,-1.4906053230879428,2.8778289699143795,-0.37565177165263175,0.7581738749911877,-0.3400810867452988,0.2579490443893725,-0.4082658204928137,1.7764948586320453,-1.9137058195137393,-0.9176256425466697,1.7251703130272478,-0.9532523605033553,-0.842511062275917,0.8452608867054281,0.6494098251481042,0.6571863967220961,1.1705966816014617,-0.398626597781079,1.4334321731196389,0.4542477832184853,0.3641746566204202,1.5924350841485115
-2.8753836070685854,0.7838512185642853,-0.08796328181161636,-0.5081150594438449,2.3199570564024117,-0.38767193642131337,1.8755417937076526,-0.15851885452263553,-1.4668490581650568,-0.6781063927196724,1.3630667862028316,-1.604562284254143,0.615888423636157,0.9144488560592244,0.5655157214609263,-0.37131329326534934,-0.2852349962675246,0.13434966847897079,0.5930037282414998,1.9674203318993368,-0.9527483840514352,2.8410412805737044,1.7833961107402436,-0.4086654131386883,-0.4999059316993527
-2.355607009294146,0.734362307520841,-0.8710248215843848,1.0225289605172516,-0.2746146756070028,0.4303582768211301,1.9273606928631684,-1.2311812859250906,-1.7684754522307293,-1.676011286242361,1.3817698490684338,-0.6729697344389831,1.3641566492005732,0.1202254125750192,0.42800286548727196,-0.42502547681916814,-1.8194267116614549,-0.6885718516445817,0.3938908803701047,3.6923354405896207,-1.150971514877695,3.511471336947171,2.005421538606567,-2.4467235705534884,-2.356955985986436
-2.021406364099637,0.6035577518614311,-1.7160355769108477,1.3438740478774394,-0.5282051845721967,2.161886122423341,1.6319326798706795,-1.4557275967096073,-1.3486367527147025,-2.6420173681000203,1.0894460748606238,0.5575573427017657,-0.23814274904682542,0.7509931308675145,-1.1566345385688668,-0.4439064427450444,-1.5453181207757103,0.009582972727179423,0.22917304279805673,4.30540250171903,-1.383687611129632,2.219528332003438,0.6941679285306046,-2.2603562852177523,-2.9815121045217676
-1.9553304202849464,0.21452277322441793,-1.3513283461942278,1.5663065313299742,-0.12836701889473318,2.5971913007734337,0.7009939344357815,-1.151361459333075,-0.7950290921838619,-2.536049582065909,0.30769539408742186,1.5910888373405006,-1.8002408721746508,0.8516993980116105,-1.9378054368450672,-1.509595140079515,-0.43547481989673065,0.5601365917554582,-0.12423299679492739,3.6966372843808184,-1.4968949010464219,2.037514113190333,-0.9289370250308657,-1.2506248748689812,-2.6878028719397524
-1.9925007389559284,-0.16986551780491618,-0.2937547576900752,0.4457462730731683,-0.4836870397923028,1.9992349718255569,-0.7621632584036441,0.35223952802563224,-0.7675388192593857,-1.0943387092021826,0.30467158554894275,2.337951434741269,-1.6879811741109123,1.0790062701123846,-2.4114985407717935,-3.1881322296346295,-0.003105445423929404,1.5765866743895631,-0.5067011932512955,3.3065382352975536,-1.635864527305828,1.76329761311892,-1.6099107865220306,-0.9181005369402219,-1.7539793775440613
-1.8738698978180044,-0.7643625097719634,0.20098809128682305,-0.773757340703364,-0.9864487935464388,1.132266241485803,-1.2677335798587104,1.5297147799287656,-0.729692951831739,-0.031084811428758102,1.2612901050944465,1.0384410677422686,-1.25241243044134,0.48418790490931307,-1.6627108191641684,-3.8674812815987734,0.8438195405323361,1.6593801624639393,0.3742920239709102,2.710242577572592,-1.1587636924934526,2.6900269548830336,-1.6784029202656192,-1.0489060710137728,-0.6233261653391904
-1.5541098705671512,-0.8344532292013389,0.2507781613038813,-2.0730006013601416,-1.0395220800257023,1.3606895618708101,-1.3700121373739045,1.7880873060844833,-0.2329294842125124,0.4143166739326532,1.7937182935844849,-0.09691691416897472,-0.17506903575610266,0.6507388732954656,-1.2992154707716348,-3.2119479398759947,0.5249647196967158,1.5572910010865686,1.2916506337303952,1.3388865116633801,-0.8780994074078611,3.123944155734744,-1.7810011983850398,-1.6769672695734699,-0.992617932082581
-1.3375852232408036,0.0697176625283335,0.7168664047090411,-2.1492096599915405,-0.7944992755568476,1.7563770654237918,-1.6620113155985847,2.2050103685288667,-0.5585571241734771,-0.5553855694127411,2.184487452927999,-0.3297295138244628,0.20727129564556926,0.10479840058917286,-0.957800353894594,-2.3667035363454265,0.5423100088281783,0.5261945536906775,1.5097000199259454,0.45042228448190336,-0.6711885266558113,3.6959965449868037,-1.3177838733721798,-1.4645614081155451,-1.1853044976736056
-1.1380172917591467,0.679025069852665,1.2225156105522137,-1.1483772812084876,-0.34432647065133626,1.9944193571247244,-0.7150811903105037,1.838724310665574,-0.9893268426077221,-2.032856359460572,1.8740196900586301,-0.5814983968690266,0.8200996588310696,0.8792371136369801,-1.4920614178920484,-1.5803476142782817,-0.1611227045557191,-0.24281192964143494,1.5308770243465935,0.4158393747233356,-1.0101371355813815,4.3699116414355785,-1.5309704376096467,-1.2733794527416058,-0.7852603461131848
-1.0303022951314995,0.9666160122337224,1.4400513903384828,-0.6500836375516976,0.364581635188661,2.271825010027743,-0.1620190843480371,2.0113134587116397,-0.732753658534406,-1.514317812600158,1.3485450327825295,-0.149122754575957,-0.2111073834418462,1.007224502271691,-1.7739784484011172,-1.1946854286705415,-0.23441891472292642,0.02066902606554355,0.886664731989532,0.8721775712589463,-0.43474454981104926,3.57673860766763,-1.5542800067524194,-1.0619958179844153,-0.20998055627302747
-0.1022996093412861,0.8114987581038546,1.3908357767971486,-0.6334887655360422,1.0393804255555503,1.4958348785543019,0.16248969986376155,2.049020664056293,-0.48809048803540583,-1.0698490207179587,1.2543643366062565,0.05581882978374316,0.13262144027202852,1.112942858252797,-1.3877954329796702,-0.9338897966412549,0.3701340159532605,0.4559408052485538,0.6718582018236404,1.312820279789916,-0.39756790817025717,2.9600293440144174,-1.2124054319270077,-0.7429630267303023,-0.19766301632139982
-0.7975028054601505,0.6544744904874115,0.7973588299326482,-0.129688061508142,1.239469873250389,0.561434947458475,0.2814399383324438,2.156620913974686,-0.2800201551584113,-0.2761390442407734,1.044335021429859,-0.3887387637511464,-0.030929611686974223,1.332829669033186,-0.9223463715298297,-1.241885531033389,0.9130242308342464,0.032666321070014784,0.5274216727603813,1.269743407770128,-0.08795530155025244,2.5903571386680673,-1.598024846688198,-0.35663723445622764,-0.9905564724589219
-1.111933442444358,0.0030840115720324,0.49677402180426483,-0.2600222396037393,1.2502673934428206,-0.3077697394649646,0.8154488725502415,2.415858391848604,-0.13701600985654275,-0.2985867889838555,1.4598056071110603,-1.0916275286262853,0.21250385592868862,1.4631326319702638,-1.1326118156448126,-1.0191882845704634,0.4934133024878894,0.6888226236805222,-0.13079784665043576,1.442006061222394,0.4968139413102881,2.1138349171942448,-0.608654623515618,-0.06778420409988174,-0.9174850636164151
-1.8309211838761201,-0.06663877749636538,0.023349023233995236,0.0510920225377505,0.7245551107737542,-1.1674783927005161,0.5646906049219357,2.3917668022085863,-0.7917659127903028,-0.01908548460151349,1.891167343800215,-1.056810978658417,1.1619689650561056,1.69064547051479,-1.1098540649115747,-0.7443713157746169,0.4952108925393756,0.784156919889344,-0.2588681692306523,1.393736128040306,0.951389207838229,2.2321013883173277,0.17807145409006797,0.6067297775678958,-1.3972067510061157
-2.1310501825960055,-0.11314203227904751,-0.29162795872147257,0.5199538401230324,-0.38112174439484253,-1.7706676785833906,0.4249205442808849,2.3261974310250833,-0.999067420175689,-0.7120175832655039,1.8815577497493639,-0.8066349029953254,1.551556383425491,1.2055682783975918,-0.8168653358503309,-0.5621247411276644,0.049874082431196995,0.8058897356410069,-0.27720982386722226,1.507182278854285,1.2323507246337804,2.2078956879936196,1.2210341505872706,0.562115728373027,-1.5020101605188387
-2.43344762727593,0.40831904202732716,-0.7824152599037011,1.2517081621973816,-1.0168053191360633,-1.2576958489383794,0.36820027177933534,2.5192914335246046,-0.9344029222181138,-1.6078941218591247,1.541642335687847,0.08849548580046507,1.6948083447537483,1.7659554790473293,-0.9175571804263453,-0.43779648507886104,0.7481202057996609,0.5247658684561946,-0.7147388912681248,1.8912573950262992,1.324645061379945,2.5469947369126684,1.6609757846253084,0.5141398523542391,-1.3511640313065816
-1.954876562253168,0.8157114873950789,-1.3585254893353906,1.1345916937194438,-0.5826213369034472,-1.1968670341397678,-0.31274396131904014,1.9855681073179314,-0.3137115055658396,-1.0483385113842119,0.028251615362337057,-0.026481061609941153,1.2618500427172208,2.437941202164653,-0.8650058556834064,-0.9613127992183028,1.275918857173091,0.7790357330953256,-0.528085215220124,2.525406327726743,1.0790244867087542,2.5494076297921002,1.025589173826887,0.15511459839928152,-1.1896751395450909
-1.2490328122673668,0.36025453760319437,-1.4534364700669098,0.804199683125848,-0.9688227458514771,-1.4714161814448687,-0.38497048843851844,1.6376069812903087,0.6047025093334463,0.2858157769755305,-1.098982021124215,0.5448976451858716,0.5164238083129243,1.6313362856018694,-0.23236979313822553,-0.7932682534466151,1.3942764948238475,1.301866978399189,-0.616467252196454,2.134799249296746,-0.48866931199590763,2.3244018777515096,0.6083001068170547,0.11764731186420124,-2.492539322338883
-0.5335246218635591,0.6965328389866299,-0.9343511921684743,1.0787625066328341,-1.0448449553330197,-1.501749209788737,-0.3982438124580495,1.5187652583320617,1.086722470179846,1.355952480867046,-0.9251326533878731,-0.07306752928533344,0.14529096515819862,0.33459857555767913,0.7310002257437053,-1.017924650737775,1.1407775444984058,1.7335723534146439,-0.8406902633872289,2.689684211545225,-0.9333047686651896,2.325875342315745,0.5080404315458282,0.24698227244886636,-2.5739631965166465
1.5557948679116798,0.781094775350232,0.3828329173491292,2.3359551713559936,-0.7901555116708421,-1.035157446302923,0.4797688942508026,0.8495889976344169,0.5104320827293675,2.0414522002320474,-1.517978636347948,0.42555420985342707,0.08656473959307542,-0.718515537397006,2.955893294428592,-0.3569035319170997,1.026114993533847,2.1809093303009197,-0.5151452694857634,3.3770786774924284,-0.9308752612402575,3.7309693915998516,1.4083791353069572,-0.716839443092274,-1.8330570259176024
1.4452478636041723,1.5750497254049727,1.3206588365682013,2.461186338657447,-1.592229040483739,-2.386742865865703,1.026612459873197,1.9348555141109953,0.5352530122841492,1.6857022214890933,2.861608862697721,-0.2871990887511816,0.44913116740760184,-0.0021153865533795405,3.481769231110586,0.16326091687799696,-0.40206044158603493,1.0680038280018738,1.5075590575834055,2.882078016933158,0.20880425756066825,2.637684419655793,0.8400097148351355,-0.7881161362248608,-1.2142628917005402
0.9609568439979423,2.3121969846302424,0.8643365234577555,1.7294490274279781,-2.062190194291193,-1.5918724704070846,1.8230041756206163,1.7934520952395425,1.5502111131286695,0.5569734337555652,4.141291145917237,-0.6993002261886276,1.4095095499058725,0.2710647992760954,3.8698093854211986,0.6317251286517678,0.22171470714454983,0.7594950196080086,2.990954957957366,3.08970268390438,0.8775519287409581,1.7902904610254748,1.3135300151998148,-1.3078409088557554,0.3127370674651293
0.8960686619207913,1.7598414778026301,0.821927053451558,0.9152489170639413,-1.7393974705561062,-0.7342624327337275,2.0813584336353435,0.7499614920257635,1.5192703928814075,-0.3147723751397518,3.5225821804121416,-1.2653908157623774,1.382444517116324,0.4715457010159778,3.6884210339574324,1.1873710548723102,0.7558782265679397,0.8845496125990485,3.3199636940335826,2.348616028219175,1.3867024531851724,0.9152403585468661,0.4420727215948677,-1.6811412352181487,1.9001550457484466
0.8854653164452616,0.8600542789540166,0.07719154042700849,0.2541186043930982,-1.4514484829699357,-0.3554452319020045,2.750658194988004,0.34642775904991807,0.8051169152067562,-0.32632429700325183,2.5154345487262413,-1.1308353832723779,1.073894347294393,-0.605479902555154,2.9838195369722755,1.7582573460011566,1.4279359392809863,0.45504952639367036,2.8991454724293044,1.8339696793461844,1.7052032285918983,0.12811184116824725,0.2915336958649213,-1.5683457376267764,1.9533534052825796
0.7985221362081503,0.047004139482321246,-0.03061913474313316,0.2648430025194048,-1.5461939139895806,0.1711090046864205,2.08868826345017,-1.0813853441734393,-0.1903851911114786,0.3864203460330096,1.7890937898273027,-0.8545570690217105,0.6652618487364148,-1.6262497075262803,2.5642505278136145,2.0431450938018805,1.2288538504727569,0.6744615136939224,2.147696006470449,2.0446213682235235,2.045572079658618,-0.7756399433194971,-0.17221195751442828,-2.0263057230187136,1.6233080398617317
0.12658626286030217,-0.7647866217036932,-0.38568208241748103,0.4464367405033759,-2.377647333542032,0.31247996187941385,1.3079567286429339,-1.4961469398535847,-0.7831502931092609,0.4076601888586819,2.402824926085527,-0.750086682489066,0.7645422325948209,-2.476233082770137,2.1858887421602544,2.0590316925492393,0.6604445489728246,0.7398256418303824,1.747759108027932,0.764131740843973,2.094027874515505,-0.9248491383434014,-0.056796098768182035,-1.1837617901035657,1.5917024766509567
0.15061619254633818,-0.6337412067921262,-0.5182709271376883,-0.29143119401933837,-2.3053425085372523,0.700357474689304,0.4454541051000996,-1.7374136255201498,-0.5583229417506932,-0.12440680115314662,2.216937465497742,-0.2828950132094152,0.050000088740446605,-2.7712430723358756,1.1929193258942359,1.8339929373541688,1.3168265854858674,0.8497883519280963,1.2688113051380534,-0.44190360922812433,1.9374755108184238,-1.3406173074738075,-0.02503291633348571,-0.6657209609924203,2.497444440957288
-0.7198787980833333,0.02130247512917581,-1.0972908895002327,-0.16285343897852655,-1.8005267878356763,0.7430821482498133,0.34687933093554746,-1.7934826710807605,-0.08957458146734068,0.19242340411875336,1.4169526518939484,-0.6770949259046755,-0.2140729292963915,-2.0686259279773433,0.46669585984439743,2.358846113102029,1.3858509360708158,0.5518439158038755,1.3339520494892279,-1.6897125048716557,2.1395369226332095,-1.4643130803396192,-0.27856685044058266,0.016441565561769816,3.3797344549215964
-1.2409537614161619,-0.09792742048092044,-1.755405672338142,-0.3749896832439974,-0.7931972166189803,0.3957178000544183,0.4377809414289175,-2.83967674679579,0.0870287678482716,-0.10279718011626386,0.7449102996407888,-0.7962450691371482,0.34863111164249044,-1.9363987844483876,-0.4121315348041866,3.3728067388948033,1.6314695069503915,0.17758673472386913,0.821891354112931,-2.070834493878473,2.618334758190098,-1.7723443830147096,-1.0360535646364928,-0.16958615965983276,3.2254038215996346
-0.9270955768640707,-0.09988637998368488,-1.6523045250873991,-0.7840900157362972,-0.7924571566930374,-0.07000723463286779,-0.12391997272482891,-3.738474326003852,-0.2728012999995447,-0.5963109684850373,0.26784890895961544,-1.2707098040920162,-0.20363958786977343,-1.693048157464594,-1.3432106398896273,3.2927906297097413,1.8670202811062198,0.275687828085451,0.12590190051549593,-1.1751545491845978,2.60176808816218,-1.3619322422894877,-0.1664274563553036,0.6498885177815646,1.4497104751513394
-1.5461319237546003,0.00014584971211288036,-1.2493845781703126,-0.6210088266861605,0.277375630755544,0.14564188634390168,0.3914480349307007,-3.62236814913059,-0.34621527378767075,-0.5490995117145681,-0.40797833534695704,-0.9358342733244283,-1.2750196058200363,-1.2989704256669872,-1.4860843143938824,2.614319740249372,1.1953005294394037,0.1203302307352199,-0.6289516614107802,-0.9800444106377377,1.5717182260666396,-0.5791896120248022,0.4187735015556665,1.5664411800662845,0.5738256671730451
-1.7742000872773342,-0.026519870589535366,-0.7342259244217235,-0.6516191568061274,0.13347981894803435,0.13381484944607025,0.5933611571225008,-3.524345841498388,-1.4302205601190972,-0.4169718909015726,-0.5164517850788746,-0.4737795066191918,-1.5355324487585684,-1.0685258181335353,-1.195506441131464,1.5314349083341239,0.10754550429870827,-0.448227373215135,-1.1960076781002529,-0.6480804779020051,0.73947203557037,0.17832912558154274,1.0563659420685096,2.1993681888459116,-0.15324356742679845
-1.7292196523678651,0.6645103935281055,-0.5853773944814014,-0.41571919713497807,0.9256227821433121,0.9311025191716025,0.595313156791582,-2.8287160364780455,-1.8112899513591492,-0.5202734024071688,-0.4038004537853131,0.17140451671648765,-1.4374489704616609,-0.718288795665265,-1.9301224183109384,1.2075667991599466,-0.344419320291351,-0.8603852108772797,-1.217586405094034,-0.19388247614781856,0.2704816150216949,0.5642599890356295,0.7409470448806824,1.9730222530755028,-0.47828977260837024
-1.9403939747689365,1.2009855835437753,0.02321836713606093,-0.09434890674150558,1.2143336554099524,0.5596306055162479,0.8640680146569505,-2.6167234175598146,-1.5257411283133406,-0.6256935076236606,0.22680689131114293,0.5505712312042421,-1.888033636658936,-0.8891176060718986,-2.452341341424393,0.1227969117198198,-0.7802300769378601,-0.4812671246395906,-1.9668675029645593,0.5947923699729534,-0.5071847251915476,0.928225767567057,0.910191958419893,1.923428507234801,0.3819169102130515
-1.01856363414046,1.7153750825122265,0.6295876030309883,-0.27756233055893953,2.35940623510258,0.1655885746212789,0.9743844722565483,-2.4037849259949473,-1.0735594656528786,0.23887046973493375,0.5997199636086207,0.5196098178981191,-1.7476070160846868,0.1770677296006819,-2.4891967362642413,-0.2666736104942137,-0.5840248083896453,-0.38306432968128423,-1.2090240016860405,0.32894892193499986,-0.9080692855193224,0.38423626869014654,0.1555416204197731,1.797119401433627,0.5873557138757728
-0.6564716178773985,1.4573838648240907,0.8495681661694167,-0.3613970221743135,2.078020735781256,-0.31735093017751553,1.1063681110926127,-2.0073387973119434,-1.081377008531614,0.21407736410843498,0.3510438543372911,-0.2287893878684892,-1.4249208586855373,-0.11518063330956155,-1.4606781636329642,-0.6250499361064644,-0.10727209081148663,-0.6739654660541582,-0.7625357739540535,0.27148876002686545,-1.0351369895183722,-0.045622860644178045,0.42301291194106655,1.4954049202938562,0.9203953738190813
-0.6762525459834513,1.355915624084987,0.8946646188659579,-0.5045731246597837,2.2224053429211,-0.512010237678041,1.6775385571975439,-1.7441191930764604,-1.1717148276795746,0.3434066063526856,0.3774172703034092,-0.4714092161844537,-0.9194553647529082,0.06886904401473974,-1.5600953912623667,-0.6445022088365537,-0.3930796190050841,-0.8633884423954338,-0.7298822215987346,0.05136701192748931,-1.2119171180733548,-0.7999189849568196,0.3039116548480355,1.323443974668531,0.6379976760311006
