0.012320126366557835,-0.10384132391420436,0.09904775696861613,0.5295255465917248,0.08756222527067734,0.13117145948925146,0.10300262857925928,-0.0364389756503157,-0.3077337294290936,0.4159136282699378,-0.21749597507637103,-0.12228485452510073,0.3064986122076316,0.08424178697441549,-0.3357790670989182,0.36078716996289056,-0.5357474953141457,0.5015741992249386,-0.19359841286856644,-0.07362589623447083,-0.10459719131086645,-0.42112687726984105,0.27168052112666213,-0.054949643182159114,0.08727356182315359
0.22045267069771746,-0.02429822821863019,0.25158210003292564,0.6712569497677155,0.3515572244420119,0.48362305093357755,-0.05921159260898454,-0.21947281247375158,-0.3085416973088945,0.4574030145928277,-0.6840913207859548,0.13317505836096566,0.42141301018321736,0.023893891840827734,-0.16505430151560735,0.22516174891419807,-0.5559127294564362,0.6303447713647318,-0.2789358754562515,0.07395600789192049,-0.852516240762344,-0.2404641377544305,0.30528847087954153,-0.13078996466444978,0.6003909119933994
0.3235002292806608,0.4464180290383076,0.5484255610815557,0.8749920305670027,0.20087854225850382,0.7421654957406458,0.03475873581505001,-0.3367370136323958,-0.2940132883516566,0.6056393774932781,-1.0556327414113116,0.7932233460892628,0.4191813766873667,0.49226501290259317,0.043104676825283586,0.1549956326847142,-1.001127652231261,0.5996439655886736,-0.2562268468973405,0.35094006855418924,-0.8860123827229479,-0.2757285505202014,0.4278216091493392,0.2674945371495639,0.586027253146612
-0.12681743557016673,0.722086574717971,0.6272776937389399,0.8297967808559689,-0.22436274098466719,0.7868194469764005,-0.1789227580097219,-0.3257105493403924,0.1419233217756503,1.0161607921596012,-1.2374888895866585,1.472937139642499,0.21890432180569758,1.0444009787776678,0.2363694299744359,0.19663366373136817,-1.205509593077725,0.49036518402087204,-0.5025018200878695,0.3850988005222569,-0.5856749757964554,-0.2664552116297383,0.3524626675881847,0.1661110746582894,0.39655648830545653
-0.26476718849672926,0.7156088823794866,0.7551236195290709,0.9052066824752392,-0.8949664779939787,1.0724313430023966,-0.2042100408395343,-0.08302602167740575,0.05194088209314512,0.7962370131189006,-1.8656176346302715,1.7785241842023334,-0.32893639797867175,1.5719974483967052,-0.06938021301081904,0.3946807260006954,-0.8132846291141167,0.47326478149394074,-0.05144740403322211,0.07400957192371785,-0.6721170150925803,-0.36265908139503,-0.022681868872651695,-0.0340100390072152,0.5129434410930953
-0.23635328174876155,0.8215390302209183,0.598449751389182,1.0592796351987344,-1.3133848022737116,1.1680267537911155,0.2806231618666157,0.6003945041137396,-0.3786870886104949,0.5707934753729464,-1.9588188611100166,1.7903551921285445,-0.5847322296157973,1.3407807185916876,-0.599786318096335,0.28328430481819494,-0.7339909482924409,0.5584883776680628,0.3441678671873101,-0.0583752125375034,-0.25969022697651944,-0.26920799750056273,-0.3814293237628675,-0.4078340340862483,0.07172714593485835
-0.5837088807313962,0.5682874336709561,0.2946997233325358,1.144681120948692,-1.6889563481330279,1.1179603444317487,0.3375023143276127,1.0856000963446764,-0.5225198334599592,0.8474023802913572,-1.767612984416225,1.7197570996412541,-0.9510900738518137,1.4068272646747806,-0.8437627318968808,0.5884183354890363,-0.36434317785727666,0.49155863790506915,0.25806993582731974,-0.34009128610589856,-0.10470339123068413,-0.2611805706507579,-0.4179386682679016,-0.8757598690936058,-0.10793282052972472
-0.5052266617529707,0.20483795701209714,-0.18724734955915248,1.3107722364815069,-1.4902808722857726,1.0458469047439582,0.5467242931214332,1.419362123953286,-0.8735887692087104,1.5679244484024015,-1.44291255095674,2.0390497771848954,-1.4993659675362618,0.8617257671584133,-1.4797098599086993,1.381230438537183,-0.7835354660150886,0.5681534819090538,0.47964722805323157,-0.3927073876398413,0.16000642170506565,-0.20246093896199063,-0.027180056815125808,-0.8854823254543026,0.5136861245517771
-0.49550999831555864,0.05318295527466986,-0.01677531162909749,1.705455334581789,-1.3942036392920105,0.05115375511394842,0.27774075123659403,1.6775962782568499,-0.9813767361110128,1.1847171743028353,-1.0348042057637623,1.7200981749533197,-1.2149062838425004,0.6009020362436281,-1.2953290897091483,1.1369633991207344,-0.10688851633197495,0.5626459806900352,-0.12622735779912223,0.22971075938461022,0.34858255408156447,-0.5481956332206901,-0.3034383192944117,-1.2319117597211628,0.7664354366496335
-0.12139601498015828,0.184677723317312,-0.17974953326554924,1.635008512092608,-0.8585366769895281,-0.26532282334257434,0.003845441138146881,1.373012493939212,-0.9786423453791845,1.1070647527047754,-0.7502353073268736,1.4840806542577745,-1.0182342674004186,0.4586591649794608,-0.7920637567768228,1.073614152321234,0.29881875035596595,0.7131010316788855,-0.09597828726189492,0.8314569126489273,0.49765275100913764,-0.6623891052536139,-0.2519352526209659,-1.0466746479590026,1.3525859869611456
0.12448605010510863,-0.04755704619968815,-0.6437419160580592,1.7663939433273628,-0.5059426525923606,-0.643142297323523,-0.3179997670231957,1.1646350467367947,-1.0963457343064087,1.1029192140970074,-0.40800590105449164,0.9937350746640287,-0.6153243489868981,-0.0811550040460936,-0.7780190229937094,0.7828181928702838,0.27501535204816324,1.0177749354138594,-0.5695900138694083,1.1649205928276374,0.891366567216847,-0.7106918423778172,-0.13242463811595073,-0.8579537203541358,1.7332432726221136
0.8312775967814392,-0.36044216945326935,-0.4409382107058294,1.5547568680339179,0.3790581196720467,-0.827485299379935,-0.38048011056673847,0.526183106204333,-0.7110488989428736,1.0265472851987496,0.1358379397138734,0.498549540611671,-0.05394985155403591,-0.45202705807515897,-0.47551413781802293,0.9622204523318443,0.5760617170043202,0.9577329655264364,-0.6844164205456815,1.7340481899315054,0.22183416509386786,-0.4573374075302783,-0.17240201362950058,-0.44118579745378106,2.4630323859918213
1.4039299053879204,-0.2335167934130014,-0.2814617368932674,0.8856415025742275,1.444850518813482,-0.7948433976810186,-0.3480989181169827,0.11461093821758028,-0.24814779795834518,0.9478702713113095,0.2445516289180867,0.5220992441835342,0.29507995147464294,-0.8926807021072679,0.046420402717628644,1.2159898151536257,0.6458668327784375,0.7602239258584433,-0.651040072582014,2.181032584750036,-0.6158997721328523,-0.4512575614645876,-0.6028106870140447,-0.46089266744339646,3.3056921074635452
1.6140292289339668,-0.2073651294911964,-0.04805978549724059,0.02012580349587964,2.028911381368505,-1.0780269838418703,-0.25934112498208195,-0.3074602434086214,0.3620555046877207,0.15139167476735158,0.2997789258554441,0.2274144415599102,0.20474064866038907,-1.6756505834205833,0.30632890947851776,1.289807000263999,0.7919087485878759,0.604732616246703,-0.9997557839168241,2.350678630632714,-0.8764038995243588,-0.5802701923308702,-0.6936369614950644,0.31915416096158455,3.512010909411294
1.5671509330659348,0.3069507620071442,0.41333774373107324,-0.7428786967436279,2.2432735275216062,-1.2000804070368918,0.096398634436474,-0.726442395699861,0.6706849522733923,-0.34196993279862287,0.140077797677171,0.49114416982375625,-0.1053279750755225,-1.6324517269603616,0.5195830374654358,1.2742814746113518,0.6095328222697066,0.2952396303545963,-0.9762967864653447,2.212500757814082,-1.378408287952292,-1.3488750700046588,-0.7232683970843582,0.909285097011411,3.259524518836527
1.586029685243496,0.6503514516038325,0.5838038418289677,-1.6447191386380162,2.3048132835038277,-1.1772269502555253,0.239772594980041,-0.7251255986094968,0.4875226717718665,-0.7035233760259323,-0.09521816270852186,0.660946009048658,-0.35327853871947945,-1.4418322061424402,0.487954531765052,0.6135428603435376,0.6098599103592073,0.44379626566976776,-0.731182701051871,1.5739725517204683,-1.7955292286128794,-1.6127314435800348,-0.5474174480184321,1.3276665086777997,2.7250921608078547
1.2340835421593808,0.9350054369601779,0.6171626928879812,-2.1467537149885256,2.311275982720546,-0.8748186257727675,0.24853443689563717,-0.8110299014679245,0.6725377572556329,-0.930757640708088,-0.3235682077024259,0.44642004566947713,-0.563284796197294,-1.2492685239932153,0.5334813791728183,0.07985336197127671,0.6262209556433653,0.3908150813530593,-0.7337038187373479,0.9772984966676865,-1.8623489621769589,-1.4901293737046863,-0.2938460113369784,1.4878407464236052,1.9939302137143542
1.074694151377507,1.1067254835084115,0.8617748153431763,-2.511927081848753,2.0856083268088006,-1.0036318797235593,0.2553095147237178,-0.6644234104239083,0.8428532826104532,-1.180192512340153,-0.4549453314077672,0.5188943729699602,-0.6469959885023155,-0.8284455632477216,0.7819571402191716,-0.6419466349769436,0.4598787562141009,0.24522956683018793,-0.3829413648706813,0.9219686182623815,-1.5836062137715166,-1.068224673039478,-0.33414964815811893,1.9400449094047252,1.214536344328239
0.7141875224638948,0.686134020874207,0.7932340127958526,-2.9918811866610975,1.8166049212992574,-0.9830028546917422,0.06126973933925281,-0.6777125539110995,0.6191283321827352,-1.106147873325478,-0.3623101779274141,0.23889874252674395,-0.789212951012847,-0.8596725724497977,0.5504268291179388,-1.139046258637061,0.6985248798651317,0.10603616156053938,-0.14831971538482142,0.08101578506521513,-1.6932784027746013,-0.9841574464068926,-0.2608279601420452,1.552524307772899,0.6619353472139392
0.4043452099882086,0.5258625469751474,0.890545870721946,-2.966829441544022,1.3717982084708509,-0.8071004242950263,-0.3418999026253492,-0.8760013745682803,0.4964399589945098,-1.3100490706787995,-0.380745551130926,0.28416840218227774,-1.0569430917176952,-0.9155886614177919,0.44348449493801917,-1.58052566461632,0.5624194951812791,-0.33653337662848243,0.29674313604778124,-0.6941977452674956,-1.6848458325137559,-0.6259643606255441,0.268789942387148,1.5552686218480924,0.022751307398855447
-0.15301567209475003,-0.061795991458587496,0.9996972626974944,-2.7201142522002435,0.6462110332410099,-0.576102516289545,-0.990025578989546,-1.0220304677845737,0.4668912531105537,-0.9759136399954218,-0.40844465036225963,0.4996077548235409,-1.0876715826436558,-0.5236885397677151,0.41761622941893856,-2.1275360758464843,0.4386913475290275,-0.6540834882163038,0.7238321067698422,-1.320607449791273,-1.6401771128416243,0.34259453217177677,0.46918037686686415,1.1145768237322173,-0.583199774265543
-0.6544046295602504,-0.8317907800823896,1.261058300649108,-2.4702252336679673,0.5024161342021068,-0.676002506104952,-1.8254368376939012,-1.0434104496777663,0.5984299677966302,-0.2923946190273925,-0.5062700149404924,0.5091753640240511,-1.0051802111360377,-0.3461450373709767,0.2943918489485475,-2.4999616952979493,0.2942973740133451,-0.711663479285289,0.9984134480170801,-1.648018916578867,-1.7854306391054189,0.8946867400508909,0.5778510768511019,0.7374984712742825,-0.8238832168015011
-0.9860763846761876,-1.092272551606167,1.3397730862936092,-2.098402728478961,-0.00021194366353671779,-0.15225957677840693,-2.1810879787662776,-1.0851003188148023,0.8127957729440313,0.23786678523976995,-1.0118598646451382,0.9443207677759775,-0.7597575637953325,0.16915532663937768,0.4041873612236702,-2.3462408706123896,-0.22790039746112475,-0.8459288755898942,1.2858870430785887,-1.8954329782057404,-1.6919727662613724,1.3548944265244922,0.4442304850428927,0.35197335259646345,-1.053784299781739
-1.4550238424783013,-0.9555211334814089,1.4092164581484434,-1.4877448975431495,-0.6095650634244734,0.6192533390602148,-2.2610447896448527,-0.7683237471803709,0.6934385836821756,0.5117243029713088,-1.6455027107729099,1.2619257251173428,-1.0546890825323698,0.777647668928233,-0.016785264980178377,-2.2949722634412044,-0.23917927154571286,-0.4868751775826444,1.285705380683966,-2.2650456681261644,-1.6957240627661894,1.313925105832198,0.31342074644395307,-0.3128818166413958,-1.271627967478385
-1.773939674139236,-0.872881467135012,1.0565840498012835,-0.3690078892580893,-1.5489660746272347,1.1763156387742788,-1.7203304888895117,-0.004364126168708418,0.4261452488220816,0.9736271170027355,-2.016832878827314,1.7763213275042702,-0.9509942193983877,1.2244657651869755,-0.5560338714407567,-1.6896963652827013,-0.8913385201781776,-0.22382303436675655,1.1966130652735292,-2.3149047357010737,-1.1542996407498145,1.5942267160735981,0.005678057188427399,-1.0152876406059888,-1.613871292519487
-1.9770490513272565,-0.28851258043490774,0.6948983224177374,0.9380169924827374,-2.1052748216795156,1.3555671194963714,-0.8427542288938691,0.9968553003194403,-0.16574028695288956,1.2585379316315384,-1.953438706949958,2.2470679319776723,-1.3599404270399718,1.7741062686642757,-1.3865446766487306,-0.652506965715876,-1.3240106026864351,0.06707755334054036,0.8295464537764976,-1.8227956237590204,-0.4310152656836408,0.92397414373522,-0.16496585857480053,-0.8976259641262427,-1.2044029889901071
-1.8405186658732764,-0.10973525984719898,0.2137519042694453,1.7421831603770266,-2.7125155716806866,1.1105828309570596,-0.2757359106279861,1.703014766421774,-0.644110116227346,1.2687195415291674,-1.598364928661821,2.2982879245957415,-1.6441594755291162,1.720620014309991,-1.778460472749703,-0.23190414104134568,-0.7179861229439778,0.3235010120371529,0.17275666389476635,-1.2516597083836423,0.16114461034892433,0.23699744967234304,-0.3995190764477815,-1.5952677654751137,-0.8190828711044152
-1.460830663025349,-0.05235731957850728,-0.2581425473536082,2.3306582806430156,-2.8658412800649593,0.8269145251137111,-0.02110650111918877,2.084848838269166,-1.1846672175697364,1.1837767171229352,-1.2062812328626933,2.054664931009825,-1.6195902135029898,1.4368268248575533,-2.08192498623463,0.28268332231750315,-0.33856907327479857,0.4530731218259568,-0.03385139973719112,-0.8377304025793448,0.6436356230068881,-0.15126010322717992,-0.5144817136137199,-1.7408651028406361,-0.36118835837155705
-0.9579570868612821,0.09026288902127534,-0.6978991442962246,2.4145804138840514,-2.4344273509262653,0.24977806408568312,0.35059308889816676,2.228296321550773,-1.1961493705268746,0.497739442063851,-0.6177203881679518,1.8971363687102867,-1.8518380002761523,0.6890490286356463,-1.7159220988518888,0.686417554107619,0.31098302761258245,0.3399886629193191,-0.13491557774113438,0.0015550755064021315,1.0665047583273104,-0.4608970659067074,-0.5650128264293107,-1.389310088613981,0.3727188787199378
-0.40275279943022924,-0.1816332838272065,-1.0641887346902608,1.9844542561222522,-1.870679330155822,-0.4047027724451556,-0.018032352537015288,1.7315113568280114,-1.3640107892882827,0.008087827015426846,-0.4141118021556434,1.3251195461408953,-1.5504162206171608,0.3376920466228729,-0.901282436990123,0.9326360467520376,0.889134207721733,0.380443334119821,0.155148558250279,0.4094008240414346,1.2066260430495401,-0.8567100222439953,-0.6156139983152402,-0.9875680720755189,1.1476613598134189
0.25648023638434725,-0.5504261233741293,-1.341304421917251,1.8862871700410495,-1.3102066252903595,-0.6663081336071425,-0.1492830138640421,1.2095369131610194,-1.1294875124533417,-0.4918691314852448,-0.23955219516823895,0.8139080760923938,-1.0941593583337634,-0.2121539567300963,-0.5176478676044276,1.3137881992017173,0.839538266485647,0.27190868169328253,0.34357665877569354,0.9301491847447125,1.1308577894628398,-0.8886218485921837,-1.1218053465923334,-0.7638690595771395,1.955280386398947
0.7027740813973005,-0.377068221986817,-1.15521571597026,1.0444157560007237,-0.4949795796912547,-0.8474498908672451,-0.03696574026416561,0.8923897450467948,-0.9800454577935398,-0.9117530040101777,-0.3255861478980673,0.08762037993667662,-0.657065171299498,-0.6159329201217136,0.20629808944601266,1.3778763345626852,1.0291493068769504,0.08049696082425747,0.946838723397233,1.171030122435354,1.6491911311830516,-0.6843421409481332,-1.002690974481282,-0.07819277930253482,1.770490053907947
0.9143646714102626,-0.8343739215922522,-1.1032696290799784,0.2892264475124119,0.10837195383125527,-0.6355094735709237,-0.39691798089408975,0.41545386308015797,-1.1300302724696254,-0.8656328083361569,-0.5428615717364937,-1.200171662181574,0.022646271503999615,-0.585841058114294,0.4237172032555284,1.2373556243118735,1.219557457772922,0.436502776183884,1.6634045168199003,0.5207055478898736,1.2627655683756163,-0.3969519379728981,-0.8154922631229563,-0.17437510756489052,1.3011354695396455
1.0694420255841524,-1.3059649903501567,-0.6642920769579344,0.027392605699104133,0.16467473031694446,-0.5886831662128834,-0.7204401375874349,0.11355933559570727,-1.3059957328207281,-0.5848892096527009,-0.6753054492377328,-1.781735244349609,0.3852343772352856,-0.8141678002284707,0.23153894497865726,1.0973312500676198,0.6420137081592044,0.3528567119067874,2.108243672513561,-0.1830336741498062,1.017894029819965,-0.45826010729386035,-0.2988649182311392,-0.3383180098138574,0.7313153645988325
0.8517002059159954,-1.722791330776982,-0.4731520397013079,-0.06432932377196554,0.44545296703324677,-0.3837245895388355,-0.7123626245401127,-0.17014809455504198,-1.4375626372912873,0.032181647847184025,-0.45734133071071525,-2.311352120559499,1.0611110502620154,-1.1469848267510852,-0.02729995436440477,0.8608862882820187,0.0009728581057083935,0.27623821483729355,1.975481876298643,-0.5029912297329664,0.4229750338246364,-0.3841983203596918,-0.11124633499363687,-0.3532951684266569,0.7884481835380254
0.6628747793639657,-1.8284833752664826,-0.31659291885323787,-0.024660382288510307,1.1254628482794926,-0.3820894265851823,-0.601437084304672,-0.3787144509709741,-1.2908332889586025,0.08623802342316253,-0.29134811368748376,-2.1954279387572897,1.1140546725710665,-1.3002536755149543,-0.14031694474647022,0.6893170163004171,-0.5214604422487066,0.45394501322805114,1.182362560286271,-0.6642700975429012,-0.3808377505124574,-0.48047654429552866,0.275932665714845,-0.1369233482282753,0.6690547444180606
0.8209556614409765,-1.5794832942200336,0.046488055572213166,-0.10377663794758896,1.6981589236563968,-0.22305162620378644,-0.8113769294425848,-1.0601750273719937,-0.6700268266470599,-0.19167441571215724,-0.2896528261529522,-2.099368068122809,1.604583121862121,-1.538578422296617,0.3694218780995817,0.32007768856251456,-0.7106561521091114,0.37244968976206383,0.8604062142643489,-0.4350074915592169,-1.0183091826378943,-0.3368353290892926,0.4714235084147202,0.13444611931575218,0.6114868303556487
1.3356811220581815,-0.7479629847886764,0.27109136183448423,-0.7043610393901613,1.7764819325957117,-0.13130419971393864,-0.26886191687677213,-1.336326658503386,-0.48305872953676154,-0.10094753655575077,0.20798663323105776,-1.7930880643862848,1.3681643614373447,-1.4882827333845854,0.1317184336680373,-0.11549426607042024,-0.7676475544448693,0.1627041419365919,0.5360607074585203,-0.21217132247625842,-1.4481196338900166,-0.6805306479461685,0.3586426594786424,0.7809386066951995,1.034886006795795
1.1698084655392587,-0.1361314243630428,0.534273429083992,-1.4934784852350618,2.0306097397860423,-0.3140118848134983,-0.28432576357402356,-1.4497850751635115,-0.011567902497445576,-0.847839478757423,0.09173589545652862,-1.6463602091342135,1.1473244442720625,-1.3023909393796032,0.73554449726034,-0.8088947655677979,-0.22453579866972562,0.17664448190482185,0.009303793582186304,-0.028222889670354787,-1.5520691759389298,-0.7496946672345366,0.3928550542823544,1.1802558922730568,0.6823121972740758
0.9611048167806973,0.11392002802913337,0.7079425625612958,-2.291708311531345,1.6373425474057444,-0.4889214872148515,-0.17595301842462313,-1.2144642050645715,0.1244407681220816,-0.9074572024025991,-0.12297718533332941,-1.2656538367166936,0.45803301669397767,-0.663393731967397,0.4482289578056199,-1.339617407575917,0.2002701966394248,0.09681654336073363,0.4166812267167019,-0.4740358772248317,-1.515323699645991,-0.5708201742615411,0.23216738442047605,1.4210498621062375,-0.09517457851124189
0.5834886121049556,0.08388320537920355,0.8611791385786813,-2.551068612950708,0.8189984814036882,-0.4843327820281314,-0.7315609888287121,-1.2179451191946191,0.10621852520200933,-0.7764366369789146,-0.16337779302059047,-0.6101511428160435,-0.18082484501787374,-0.130402985579882,0.4262923030596046,-2.0048206629095477,0.32431818918082633,-0.07898613205347521,0.8469539504016224,-1.1416250956459224,-1.5832062643413467,-0.49364277474483237,0.3502682623737121,1.109638350712885,-0.5881042669289124
-0.10660071260269165,-0.04824513531151711,0.6387963783990473,-2.179584147439045,0.15319025739256875,0.08075191856890554,-0.9785245685984649,-0.570690751448759,0.006098474750947019,-0.42836905578332063,-0.39146873621876704,-0.6498089771079375,-0.2465715451937593,0.17851617846200746,-0.17006227566418708,-2.4374321338411264,0.12993737864031862,-0.1310209037116887,0.7862838491580871,-1.786159652924064,-1.2130106256913977,0.37261618413340125,0.34802171216030464,0.6360814927538695,-1.3004336461663046
-0.9534132393785848,-0.6909453230066144,0.8200579776544313,-1.3954113494320943,-0.3000729693309994,0.32975400345444444,-1.3205593921165235,-0.479382653463082,0.17452376872815756,0.2567389883751212,-0.7868554379607625,-0.27915959391807776,-0.24068497645428705,0.6552152203242597,-0.36233035309870987,-2.361713912144894,-0.23559542731213773,0.0683863901157872,0.8173082166758641,-1.9693457470427373,-0.8875812981064968,0.8338755927844397,0.45846624276140013,0.0572105238120734,-1.606857529215712
-0.8721884593396282,-0.6578926373401697,0.486523020970108,-0.6961063099267553,-0.7310096844399211,0.672797531849095,-1.2421335159587528,0.14287432732825325,-0.4090352052331365,1.229070712881275,-0.9471272850446911,0.14747983528114222,-0.3635804024221664,0.9485702456928703,-1.1636529635651383,-2.061889796899602,-0.7263477863595765,0.30159746281772326,0.892376876075159,-1.995165083284547,-0.5034177982997639,0.9151640422479349,0.47926265360041076,-0.243272758747345,-1.353313082177954
-0.9148634958845259,-0.4305556039214877,0.40591692637433735,0.36461856034385914,-1.2246969226348656,0.661455271168792,-0.9659262885109661,0.4854429314868452,-0.89363929119839,1.0634299799050981,-0.742021248404776,0.13980956654306942,-0.2788586130888961,1.0379419540001533,-1.3291474385783908,-2.004326259118267,-0.45337985458315166,0.5388778996327793,0.3133188549800889,-1.549104002347689,-0.22016439921738268,0.4492800620673817,0.6125115801231775,-0.7194549471539433,-1.1547983305920868
-0.2753702204032644,0.20629946115579267,0.1075833652413351,1.3978262035406606,-1.9020201697671506,0.6148464367936246,-0.42209670131152516,0.7570232402075728,-1.4184192930873454,1.2063207705946506,-0.214908575342797,0.3286001996811971,-0.19995258523293055,1.163496596293573,-1.5493143433919947,-1.6120351793921464,-0.46354748464508977,0.30148721577717574,0.24980814877436722,-1.0311609440301326,0.16273070422092062,0.19301870613119423,0.5453782348272813,-1.0089180888499043,-1.0664453787013464
0.023421557576720556,0.3036046845224854,-0.2026566893435694,1.8122873264310966,-2.1436690213066627,0.39978667796408995,-0.2554941180738355,1.057833071608929,-1.5772948138460112,1.4579016130531823,0.02897688407102683,0.492971701592949,0.06610485093558985,1.0158120112204192,-1.5894817709041427,-1.548285306946478,-0.25614573297241705,0.3068021823145459,-0.11632479711030073,-0.34075742761871614,0.6586883898476089,-0.1281568017302552,0.3958822406334175,-1.0972123541105119,-0.6062546702202161
0.01976483727911746,0.19728613976796525,-0.7491955993856854,2.265386796032306,-2.05051303572995,0.5277161018855527,-0.3360185272655737,1.233024661899576,-1.790997371022187,1.3081126624272255,0.27393763368296864,0.31986711666600254,-0.10141963217229068,0.9907847145403826,-1.6865947911782087,-1.389739288177228,0.2845380190990684,0.54121352201344,-0.5594609730292419,0.07779185434387925,1.170634169349928,-0.021650548384857138,0.31679961746992014,-1.1005998656056366,0.0018939868905774038
0.0264712898878739,0.10351358371995507,-1.0290003673863088,2.255266844040191,-2.1362358993242623,0.20327159585376509,-0.3955514997273111,1.3678449886941062,-1.3860024469802423,0.9466822787519016,0.16126819290971092,0.16573430406023837,-0.08163413669561292,1.0689044022534553,-1.2997452135971457,-1.051753776935509,0.6596755682373129,0.7728763792475227,-0.6150258651615554,0.7881369741940496,1.7298300872087782,-0.15072472085870703,-0.36647798238967433,-1.055120082448777,0.4375621612287535
0.7888187234686399,0.4009789873346396,-1.3464564402214192,2.123824867243004,-2.0510529141169025,0.2181913162679464,-0.10117994372506013,1.1290668863405606,-1.1832713396885297,0.7203884637072113,0.6019093514485929,-0.06835203676932691,0.06820475636058684,0.8169714970942851,-1.258138405814037,-0.7278229213931259,1.022148111590746,0.5356833271914494,-0.5029481713002394,1.2156004749541363,1.900220892146485,-0.2409044402039514,-0.8384420535380689,-0.7756089534965118,0.960029340400707
1.3035380548505209,0.4267620159826461,-1.6123433278807586,2.3164533850329994,-1.8261184125018035,0.008482395008509724,-0.12973406481357863,1.0137393306050049,-1.1407200885478095,0.3857385732693284,0.9815767265781102,-0.08799668891091544,0.2228925282351663,0.37524276097366555,-1.0185276898430136,-0.23677105703300605,1.367380531860581,0.3688810333219552,-0.7038027736745308,1.7449774672005536,1.694759551133635,-0.2494828863462269,-0.894572179170716,-1.1059537011341356,1.5514267748385728
1.924633514574059,0.5824972256495247,-1.8106654595879415,2.0051676594743753,-0.8643639136196113,-0.22981645189244998,-0.09541359177257545,0.5818570683434774,-0.5179717118388962,-0.07736697704442608,1.502482944433214,-0.26141574014940266,0.6096643478596888,-0.3726972106588301,-0.12043126424275895,0.08622224034008125,1.707366331591052,-0.020333399127906437,-0.7712935468570505,2.7497542283658114,1.7288039755807068,0.09713659831227106,-1.48339586651493,-0.6282330428475512,2.597441336780159
2.2120399541381213,0.4443528851197871,-1.6300281559093373,1.2143478289281662,-0.3110943473146571,-0.049238647976376865,-0.31590415309940867,0.24727731727848687,-0.05395196245626366,-0.2296816546059227,0.9708983462997147,-0.10685531411531951,0.8233132487049944,-0.8110879513184477,0.3880030384457914,0.586271813663471,2.105885703789068,-0.13974019688678663,-0.4421968820914094,3.058691239778263,1.3845649319560702,0.48064795533041205,-1.648783974233066,-0.5474875827710974,2.923222305307916
1.9753517869047807,0.4624265584390862,-0.9293871672033569,0.911420243104951,0.35194453644424323,-0.09127312469988955,-0.028920211083775835,-0.055938443984916125,0.12180697355060716,-0.3677291959021692,0.6321935471456632,0.108305833492012,0.8237096633223123,-1.144530380641156,0.6599250956991977,1.1459839739178692,1.4258798148347531,-0.5649066115570005,-0.4218563890764167,3.1218765422902863,0.8254857123041379,0.12434719942846317,-1.547216066733644,-0.033234447186225965,2.962649899417539
2.301256595128909,0.6971526790519342,-0.618550974647375,0.3171102701471753,0.682013243198614,0.03839981954492784,0.3156314703598613,-0.6294516277063898,0.6217422729865629,-0.3154761222546738,0.6197983854013748,-0.06769419332105542,1.0671530429378078,-1.1550810002292944,0.7838531019548134,1.5395120189153677,0.8682108431920834,-0.5037623052443114,-0.6022259303603973,2.8577438711197236,0.1544179809370616,-0.21966860338208105,-1.3836727102077928,0.26770654532398425,2.9466136880826435
2.1929501729573193,1.0209895441032875,-0.1512999838470063,-0.5310430892335336,1.6631817684895511,-0.058700485349180515,0.657196053329942,-0.5560036801301284,0.7477118560817712,-0.8371303233210994,0.428138507336115,0.22765561928988987,0.5753961958157928,-1.5724015074522684,0.6041428548504961,1.236724440493268,0.8789211912516011,-0.4412371814260356,-0.6563799958090837,2.5074534405408437,-0.8314617756296214,-0.47321325842396483,-1.2423267967539167,0.9949306146931249,2.6803019963584545
1.9603557329306067,1.1441596359899266,0.054052502077199804,-1.574612344172804,1.8858880315166762,-0.2846051446265761,0.6972155401426856,-0.5496490163157612,0.9380568248966932,-1.5828859109686695,0.18548497777901163,0.3948134230783037,0.08145836975288046,-1.7706395078645878,0.7297256763069784,0.613468360536673,1.180314657879101,-0.6795885933820467,-0.3160983811855715,1.8482279994894766,-1.1760327661392829,-0.5141498703965084,-0.9949408727867814,1.28682240425633,1.9030091718166653
1.6461285526921088,1.214400679907686,0.3672585951182358,-2.255382679259794,1.6741101963131635,-0.5909394618582511,0.6148746633537473,-0.3325623133666998,0.5640089478332311,-1.573312721139644,0.16353933247071556,0.31589159330533945,-0.5617728661737511,-1.6025211644781763,0.36058894640674005,0.026058590903263866,1.0890062562568847,-0.8536980237492858,0.2591386139575231,0.948518082079186,-1.327343988028276,-0.521433968275014,-0.8439214839431458,1.4127453518988489,1.1749896400593614
1.195010161803021,0.8043252834601972,0.20523514529053902,-2.666510106383323,1.4654561215391315,-0.7177128206233516,0.18505025956263618,-0.32035431413619825,0.5498454747746032,-1.6795675387382014,0.20182740417463152,0.22545077406974487,-0.9525257876801674,-1.3923542514434228,0.15550022924030907,-0.7049213649495338,1.2314887468310785,-0.7914537777032146,0.34679263436468166,0.2491563883403216,-1.3531860203068726,-0.6888643697275414,-0.7102594054516416,1.4573886484561467,0.8852510486020545
1.02027198946515,0.2592701978126548,0.12564382232907734,-2.9132014228167673,0.8804105513399397,-0.9143466846668851,-0.28864998030499706,-0.28108226951815474,0.6413293094432317,-1.4849179884062838,0.04771614889351916,-0.13006688172575545,-0.8951559704479276,-1.0669358421467305,0.22710281797298779,-1.1041769683807727,1.3137696277537891,-0.3783239176577739,0.5095594864270923,-0.1958406794713055,-0.8621534519364114,-0.24995019358462828,-0.7166030770291846,0.8710828167305518,0.30475966735772564
0.5591471308016739,-0.2822714455511428,0.1331179158470357,-2.7822114978492296,0.5368161689437269,-0.6787649381001806,-0.586699022314475,-0.34356763021195263,0.46023850112624193,-1.1449271043514033,-0.08641692697081146,-0.4046631173056231,-0.919136440681361,-0.9245092974871154,0.10416928711332404,-1.214069057982118,1.0596179430472208,-0.6190094243731151,1.0154198996318073,-0.6836194655259223,-0.4751415373779984,0.06403644658609652,-0.7375236100827025,0.6525034384576507,-0.09661509064363344
-0.1955744320651001,-0.7243465335008369,0.05328418288216599,-2.4082820793959794,0.29469232099312365,-0.533674929658534,-0.844479759177469,-0.10467206687655728,0.031678492366778464,-1.3613312054280307,-0.7231437443694042,-0.5375758760478917,-0.8671059735295304,-0.4919598745849911,0.3100961511984398,-1.0931801300876727,0.975346088489674,-0.2628436349037179,1.2624553842213386,-1.2151395975827803,-0.18747844476940068,0.17735362441236602,-0.4593308864204216,0.2920623211104362,-0.4487593548007679
-0.27440488904354926,-1.4804376000264714,-0.09249113983505494,-2.0726918354361974,0.020161324778362508,-0.0627785211642915,-1.1502200510470015,-0.25382294012406553,-0.2395051613020837,-0.7640282648987744,-1.0165279234949227,-0.7154417293241941,-1.0804654934141877,-0.46762863993250164,-0.31808992716450024,-0.606869847381424,0.3807245262391104,-0.11462397117415202,1.8522761080818348,-2.067526054683862,-0.6224476474301449,0.3267461717577025,-0.05882920932261977,0.16598124769199105,-0.27259584170468254
-0.6174995822017588,-1.9420939220828972,-0.127499130081567,-1.1552381818773336,-0.12872936149986608,0.01057986045429328,-1.455453265634249,-0.33536104124749183,-0.35810808089848684,-0.4747359060792323,-0.6135126905332616,-0.6544437847743126,-0.7997721198714881,-0.5871725344560235,-0.5268366930764552,-0.6000983719477427,0.03152661077457294,-0.08591519604491049,1.7007332093269172,-2.228259003485358,-0.6533886403159579,0.6121204794250569,0.37561993869678956,-0.2673299898032788,-0.45982328171911946
-0.6795114537206522,-1.930042908169191,0.2466576311977118,-0.7374764311781925,-0.18712281806514838,0.14092216481768174,-1.4047375060573535,-0.34374699224231564,-0.1796206354482427,-0.27290989135654453,-0.8652607069291751,-0.4539510662026449,-0.46349465952531216,-0.2725677608951803,-0.34535857089325983,-0.6752633737085427,-0.2300796306947684,-0.01043678804935743,1.560794184287302,-1.8954340812412755,-0.8207968879250516,0.5397397616768568,0.011216205824590528,-0.5597282199279748,-0.6436963467213666
-0.8941705210621669,-1.5661594052167318,0.19029118908962867,-0.5571429670800356,-0.05333574234702192,0.3843558035659283,-1.2596733686980144,-0.13625429592205043,-0.08220257706705314,-0.28995471598030864,-1.38423171786609,-0.47913369863010796,-0.22868626676077916,0.05056795982058088,-0.225392994575092,-0.4222826483978138,-0.3473781196654119,0.1969749621553443,1.4369904269517528,-1.815694864980203,-0.695282905610179,0.5587151208310963,-0.25388778221163005,-0.42191088539358307,-0.6174912202644218
-1.0866630136874766,-1.5986171048044386,0.1944533552537791,-0.5529465721244673,-0.41431096671827244,0.6432346000021136,-0.9479736439406716,0.03700394441206448,-0.21797978585115757,0.1368649234090343,-1.6404512294024416,-0.048988980266513535,-0.6079643072139973,0.5962901406266718,-0.1056445354632301,0.16321822134554914,-0.6958550966768338,0.23870304967543549,1.8439479281929643,-1.8909550864788367,-0.5200586180040396,0.629791002362329,-0.3159826799637555,-0.32009891467270196,-0.39050056572917824
-1.2350431941497246,-1.3702494198668065,0.18212374483005928,0.11947210777786815,-0.8476393880990554,0.480573364752162,-0.5529969662758992,0.1552880351856714,-0.4630897237712318,-0.3543399596956602,-1.5740032308408443,0.17026979034351825,-0.6590735298195352,0.39917396221922885,-0.14615893569776928,0.5990733567843868,-0.9300042878980596,0.03788287481385596,1.709446067851519,-1.7642661927572654,-0.1828970353680024,0.495729894197296,-0.1385228296553049,-0.41257988012825053,-0.6436103433412121
-0.6886113768055007,-1.23644356312565,-0.09100538125502225,0.5543614603939,-1.270929632849914,0.2886012043773133,-0.8192760843850919,0.2769726907186056,-0.9002746590416706,-0.49445398578905697,-1.4628267879847134,0.035348087574638226,-0.4822926301161028,0.685333594062,0.21642330972297996,0.6542368482789276,-0.23819959574376973,0.19437470984673377,1.9725718737406923,-1.2631133331272428,0.10386793746014003,0.06034467613277511,-0.3853523463335686,-0.6863050974984881,-0.1785146340336397
-0.48664842900053595,-1.3563488689857646,-0.2484406333380963,0.8270744294516964,-1.1042835971378926,-0.007881340199786514,-0.6165592170675529,0.15510947159691268,-1.030311177223577,-0.7715199569690914,-1.3728420346439634,-0.46278327407604625,-0.2586139108797159,0.32959233243261676,0.30925113828868456,1.262668807019997,-0.20198970267486338,-0.016555437841145923,2.0838267605807466,-0.9641284075407435,0.6180040772002626,-0.1507037503681799,-0.4063724826665987,-0.4553684875833974,-0.04123963876450438
-0.22980020672988655,-1.5916190557741086,-0.40435360177817026,0.7873905839638102,-1.0265159931101668,-0.09763310351040236,-0.5508411834026307,-0.08264073746607069,-1.218703423504379,-0.9777011796209127,-1.0694186245705637,-0.7341984593125062,0.06270179437689287,0.008229875043055307,0.5680677141766144,1.2091692151712716,-0.2501851143212939,-0.25940662540794346,2.3677170153015186,-1.1329944114379207,0.613641052413553,0.02537508584037368,-0.3417050359926239,-0.5774412037780022,-0.10622252781042847
-0.22724104681195634,-1.523414704859157,-0.4059910921849528,0.46419296980958136,-0.5500499416501465,0.09467910845407423,-0.6083944893200517,-0.03781101723578891,-1.2189484622823559,-0.9492423311744483,-1.12996544495747,-1.4097215539919348,0.33597567812505635,-0.18739137557536234,0.4646946963195374,0.819658863430259,-0.0624622284131872,0.009261370230696814,2.363592793954017,-1.2894825082009505,0.4799405518278129,0.09728718541021562,-0.18232226947590657,-0.39467731015336033,-0.3663086810449515
-0.05434199325666065,-1.509861875912557,-0.2309012194290243,0.3130016694749668,-0.23068630598477635,0.30496026684335453,-0.8723492791137553,-0.284537261834634,-1.2682526562087508,-0.7124031072711761,-1.2737580395720365,-1.4846578263136838,0.45407119835173376,-0.41255619016481426,0.2855636528600841,0.6611061274994231,-0.2632682428750407,-0.09475646836574095,2.7384616699268762,-1.5666191503451565,0.12075240825334674,0.33098193820040034,0.31343917962135504,-0.13950780875067814,-0.4617200781698087
-0.14409132351238463,-1.7052571053523966,-0.22780990629117379,0.3588339738742277,-0.02381218016973098,0.23997950668852955,-0.801933781366843,-0.043202722434050544,-1.5472397907095465,-0.0768473014585748,-1.02830059203937,-1.5589558696784227,0.7946520682728044,-0.4160396934240974,0.038304741750877475,0.4985913654252798,-0.7564391164904817,0.0006845837507664654,2.2469835630573463,-1.644847855221772,0.05521180000908891,0.3546731658345648,0.6458164625573666,-0.6283382814145817,-0.5649836840397586
-0.27751890175274796,-1.9384312481975903,0.0906664210185584,0.6302562562061661,0.16779131051752677,0.4692720879721336,-1.2078950249833034,-0.39654515190232603,-1.0805458143798008,0.30025998300151635,-1.1278876770405082,-1.699815563633469,1.0189681652108207,-0.35824069542740544,-0.27393643195271217,0.21008128608531998,-0.8237151539176438,0.34444185003828043,1.5481773812069684,-1.6018840486080572,-0.609247340526761,0.296661918989723,0.4987696485122972,-0.7842459497486443,-0.27001975964844205
-0.28921788954501637,-1.8539663352017874,0.07354210106926766,0.35076944917961456,0.2837867244828835,0.5136804898288995,-0.7669516115484082,-0.386347052525486,-0.727645525527114,0.9714707053092879,-0.6320449909454549,-1.1679272373954244,0.9975852281295151,-0.2694640059284129,-0.10764909585765714,0.4772814618056584,-1.3177838251705305,0.1642410251562128,1.4908816674752794,-1.4839358189532854,-0.6690224657176483,0.803673524582453,0.4848421398947333,-0.5739282384198363,-0.17431977344051408
-0.13278275378833687,-1.242314428084511,0.4173003954055486,0.6492535144068531,0.7657308397538258,0.448058242039951,-0.5854379330533946,-0.30809173730740186,-0.7280475512278365,0.7413863766627165,-0.5586590201472951,-1.1101596087642023,1.183529015181453,-0.09631182286862605,-0.13305967924071016,0.3539311195783148,-0.9861962079727825,0.5024619263563651,0.8334905874220295,-0.864010582151782,-0.9845585680120962,0.6408078979168153,0.37777386625955417,-0.7655535106640954,-0.06678267585851114
0.08500024269892588,-0.8411866339759608,0.8180034319242413,0.6248199877570169,0.8708929377927888,0.12406241202110614,-0.5873217581125482,-0.2781099941748321,-0.46043968197208385,1.1770852708959232,-0.5574174039372536,-0.6409471614404999,1.211816890976417,0.04934119789759968,0.03744748080065537,0.2141059274335158,-0.9531232287638531,0.4322051915204132,0.5907032022665539,-0.3358897146620585,-1.0536924055655836,0.32226133063772777,0.3453095161604026,-0.512841902198594,0.06464435176387695
0.12181497506489455,-0.6938817306761007,0.7832961671768601,0.27661651785890673,1.3439445395747058,0.11382033465640168,-0.5155728207369569,-0.24295503859061243,-0.14726440528971885,1.708903974167404,-0.787421597603812,-0.17598774208164025,0.9465891093219977,0.2322316721985078,0.008909565177117676,0.5434948659591959,-1.028225603882541,0.6972144929820151,0.3302409771798293,0.10789919163876369,-1.1298744378550034,0.5576666896294257,0.1759592815711396,-0.07858741631438027,0.8879011472775661
0.4701938207643706,-0.2858937062783826,0.9277937522252729,0.30226767627536866,1.4438473267303316,-0.15427869665982558,-0.4305458183522659,-0.7246177842074236,0.042697853307684365,1.2625396963443198,-0.7303377579664507,0.2593066589889041,0.8492477572118978,0.502983702988276,0.2888659934535375,0.45253073297717555,-0.7806150552285108,0.8023591260226145,0.23120006668487858,0.6112510157804988,-1.3719680165097397,0.0477226132534121,0.1086880826546689,0.3760378844441529,1.2290036788373992
0.4380308919935889,0.09613972855462409,0.981831574111105,0.19755864098939296,1.37876858240464,-0.4901014063686414,-0.758912467695332,-0.874954923391309,-0.0004450847459506954,0.48810610153334155,-0.5566791133348983,0.575340066617577,0.3220383819276412,0.2340002248787638,0.6836302109835859,-0.013491515858382415,-0.5107415571339785,0.7434593743655955,-0.019888554158844454,0.714011669123095,-1.4642241435987626,0.08665082542913574,0.53684948873588,1.0250178444661,1.5463825055828904
0.4526717950494864,-0.030607863250705747,1.1395195318911768,-0.22899441537550397,1.6758866770486762,-0.4660611313602865,-1.0136047779525494,-1.1565416902420602,0.34895152122608186,0.9481210619017726,-0.4037541702666243,0.7482873274809453,0.2529523069823991,0.2825263055682238,0.7090609310891467,-0.3594586357624987,-0.3043796337619175,0.39254526292915237,0.07393562218851406,0.6926233370572846,-1.61132023611806,0.5443260100385614,0.5842980613243002,0.981723741014343,1.416475697616763
0.2120610233162359,0.3165627779673319,1.6758324406240113,-1.0300285944503111,1.3568882500036337,-0.3961228046606343,-0.8997383867327502,-0.9537450627585571,0.9056215777206637,0.9080735595980636,-0.919199099903094,1.1365190289241682,0.12735008983476703,0.03833287739521701,0.8267000525844986,-0.6632823541961506,-0.3771014585928883,-0.010344184447381888,0.053248675245519655,0.4814200264566699,-1.678633697329222,0.32407540221160747,0.2396744568773386,0.7253735038088122,0.7623295984802781
-0.27548525919971234,0.426017915645362,1.5702001893217234,-1.164985176538213,1.2146454202960733,0.045526410865059264,-0.8623282131039962,-1.158006727985695,0.6124977777629067,0.4471306253379554,-1.3255459021534468,1.5671114382412599,-0.34430379776617387,0.5462719659062503,1.1177689048500261,-0.893703571279915,-0.4818190340763141,0.2543494449485461,-0.025662909764732685,0.08486061399466187,-2.0083092797567397,0.1764647329896892,0.580338412103315,1.143351743476369,0.7755006441656804
-0.1798011323212249,0.25896546129586495,1.5416050556010694,-0.9354067307834149,0.8848211140544434,0.3309932962635209,-1.0616314282477144,-0.8658614073535231,0.539474482419155,1.3484586810645267,-1.583021440728965,1.2108056934304703,0.010901120089109768,0.6699279898728063,0.18707635652763643,-1.292891534288703,-0.8155822036431867,0.47926205125139887,0.08421177597381349,-0.4174765117155291,-1.8426418425853954,0.35995862082341323,0.470985095808056,0.36332270753319035,-0.026856349626201877
-0.47474299624879107,0.2916718293320495,1.674561771646605,-0.44842718288845984,0.11427074663785063,0.5318510169057721,-1.1989232502437708,-0.7165016988527388,0.131020915867882,1.3527345336307848,-1.5635365025975598,1.2694185706859957,-0.22153464475883772,1.2760646959836435,0.011447231686727018,-1.492256995280779,-0.8593257696291181,0.4366759019409724,0.3469603854656156,-0.8450915652820752,-1.697296039048193,0.17210802195154612,0.5851041802137985,0.304422163194007,-0.3364077651994247
-0.7499759879200963,0.2657704469579767,1.3548641175272995,0.039251974236911256,-0.8054464410646569,1.0153439894829073,-1.0729598827433438,-0.5066761122667752,0.05541030051214448,1.2631804315830832,-1.842991134891284,1.5004368051564214,-0.4517680478554804,1.6262121705164725,-0.15146110884817393,-1.683667900803326,-0.889960428517469,0.5819391159936461,0.35096484059489247,-0.7959346938492199,-0.9514247600468027,0.41660611450540613,0.7174060603257408,0.15209857880675978,-0.6335483696267721
-0.7604799230925484,0.7059232849356445,1.042710193960151,0.30841358470710284,-1.127872234893457,1.221290278898503,-0.5436711980965226,0.12912824763950614,-0.09572240604611142,1.244090664624057,-1.8497386283750474,1.5433905423163157,-0.4982551169966605,1.6991175195713202,-0.5889545816089917,-1.207233150319022,-0.8452262217503839,0.4790048242471212,0.3772114151686593,-0.9740948574821455,-0.5826625737954276,0.2919308498394838,0.4234869071798628,-0.290160653669532,-1.073293126941454
-0.8223142229436606,0.69281616954864,0.5856202810949785,0.4858279937965195,-1.8042001565126855,1.3263773614836172,-0.09464481901336644,0.6430475291267367,-0.4227626458850809,0.9178554468890847,-1.7345374788125536,1.7563230960350769,-1.0573168906026027,1.3563355284164689,-1.0960080705391304,-1.363967214787877,-1.044851392472234,0.3946989842615759,0.3075794040996262,-1.2358133606812451,-0.32257093078908655,0.23812479909101317,0.4274340408495588,-0.27398476562791985,-1.128122337103155
-0.883486331509462,0.442671012569026,0.27171807960688543,1.1237966767367167,-2.276662668848968,1.2371757986807537,-0.21046230073254624,0.9621977009070243,-0.8008658406945632,0.8665204404482854,-1.2149016366444543,1.687723761510246,-1.0006079438343107,1.520324857024746,-1.3320409258208876,-1.147854661442949,-0.5374337419045531,0.19989334126381286,0.3354643098634516,-1.0956069402691984,-0.004228662263031341,0.40259116887570384,0.22299884082408566,-0.7250329589469555,-1.182224282075501
-0.9846767653669621,0.015955716516285523,-0.03514787151136728,1.6319834956165566,-2.312676972272075,1.0699839506086954,-0.5809775471635716,0.9187525430113239,-0.6635348908157449,0.8349571996467782,-0.8560248582527374,1.4060914687467942,-0.763533496423003,1.3284076180866575,-1.0105595712905118,-0.9080406026346044,-0.20416801027023515,0.0828391823770879,0.3719963619226603,-0.8066621564410139,0.3600063679072327,0.6615867025199244,0.028674854043990755,-0.9529814008902893,-0.8172721389576283
-0.7764346930516519,0.24050334022221442,-0.24152616843133293,1.8135756613004153,-2.428267444289343,1.078336920119631,0.020935406107621013,1.1846750720038992,-0.7103030120502629,0.6315020513246024,-0.7637959171116926,1.206341599895775,-0.6201532280434502,1.2506343647378784,-1.071655543670527,-0.4098157588828518,-0.0639505944840557,-0.10538833820190956,0.2051828547827109,-0.45855500549571904,0.6241295885348274,0.48714695523029744,-0.414327095052384,-1.1165190577993553,-0.5701906787516525
-0.4141694044902832,0.5400787125664904,-0.6537659347721999,2.176692793204719,-2.4190739899256917,1.0030068960972216,0.4246600672913306,1.6443741241148366,-0.9516683253636363,0.6123378186777035,-0.28785099541572456,1.3123415338026323,-0.624365892189986,1.3370401977875899,-1.1998127131235512,0.14820142738449832,0.28739664159124384,-0.1955560129978812,0.21982946792280234,0.06305146310938964,0.9488999871606074,0.3557926104840137,-0.83875652085711,-1.2336945601986882,-0.13492873353782803
0.04650110497594216,0.49843634380999235,-0.9459458647742897,2.1982555471027085,-2.5811747632507953,0.5266146910346751,0.3624621522346366,1.8802861658984027,-1.084500071555341,0.4950097523663396,-0.34862302813778023,1.1469101527688415,-0.7233398166894549,1.0249363965542968,-1.2736182947890307,0.3314401032493679,0.7394223609878103,-0.0027013377734080857,0.24259420546764282,0.6316147172179699,1.590464482863726,0.2663092789900257,-1.0360088885869951,-1.1534491434445175,0.2552051745670441
0.3399700700354406,0.13757051347432692,-1.2871305912130957,2.2264865574743236,-2.1725374963302637,-0.019961664688495417,0.002276880777069848,2.1254443714458864,-1.0907082408716304,0.6615960799592363,0.10014829837492509,0.9624013693571762,-0.5221370231136139,0.5456762381699449,-1.1005041556470292,0.6004973265749276,1.1984649269239414,-0.15235609014961676,0.3246623268688936,1.2287344530132454,1.883582195282103,0.20007702493047685,-1.6021918082138913,-1.4618612411772591,1.130023797865771
0.44484099688877016,-0.1184895000461435,-1.5655858302563996,1.9574168994390362,-1.3028453073997492,-0.15656941414453573,-0.1213358181766293,1.8521128737784447,-0.43822146136240814,0.3888699128837747,0.23821334122395108,0.6586627634804322,-0.3875296950039083,0.06476705764984278,-0.3674305056240785,1.4495322597871694,1.8538488854267254,-0.0573094378757496,0.047494368526770636,1.978861462117489,2.083980582691008,0.5464734922777036,-1.892562037845521,-1.5016760035594543,1.9520615116698186
1.0121474213874464,-0.45773452760607597,-1.6620591306509944,1.3858056596536454,-0.17257195262233077,-0.4589833289998281,-0.44544276528321514,1.1807368125266153,0.033242846247735436,-0.18053811537546463,0.04328203598340394,0.2044554222861631,0.2683956216205282,-0.30843477962160154,0.6128841628505666,1.9857910429540335,1.8156752649871333,0.046837193124273535,0.3917980145641019,2.425665877268883,1.7846226019884686,0.4835430067590586,-2.3274884576470902,-0.8600523576327423,2.7753476127380434
1.3399480012107288,-0.44417755757022065,-1.198116752029314,0.5768711134473181,0.32313185101649244,-0.10176788589805327,-0.18383594455759972,0.31594291533133756,0.20131617707239308,-0.7636199829671969,-0.4958847070900848,-0.7293977224412765,0.7045845227368218,-0.6251761034278069,1.0621651561930485,2.4187359294954707,1.7170310808666494,-0.0964877086297854,1.116823565460896,2.218796751319606,1.7350083442067228,0.20996178173630375,-2.1313511548388795,-0.45222061119863105,2.240043219185819
1.5893857936782934,-0.3041415313717709,-0.8314047925035536,-0.05790405867119916,0.2914044007353612,0.01050039498171007,-0.17205682438944134,-0.1982308665579148,-0.13634739687929637,-1.0669118233478805,-0.6251665176390435,-1.722403919631738,1.012306909296376,-0.5745249706695463,1.0677946375937657,2.0121647451581604,1.0965625865496074,-0.045405088879225175,1.5556560013012604,1.3378469356202056,1.550959097006392,-0.3295721997598676,-1.8643580031821019,0.1400813651668329,1.8241043542004636
1.1713132855861472,-0.6736002785075784,-0.7419170786199518,-0.5965818207401489,0.5574942741246626,-0.1860477234533871,-0.0580701803989421,0.09888649034036573,-0.7956332714653135,-1.1490113008497047,-1.0294754881331791,-1.9659566520846163,0.8914486406328169,-0.5264298647604748,1.0873809851221756,1.7878974087012827,0.8714260875997852,0.20726096019329202,1.9405038962776193,0.5494830420279095,1.3981776217142488,-0.5263667156386161,-1.1148806607439234,0.15740331180008854,0.9021349730177392
1.031227467936926,-1.1283028065175849,-0.9127108620249463,-0.9129666974638908,0.31886628734524725,0.0391068224614725,-0.022414266616122544,0.18634756041720385,-1.1217512020856228,-0.4729001570477006,-0.8935363354224763,-2.0844090836391262,0.5406452582698162,-0.7615112118063541,0.1243141421826362,1.4474907409398492,0.12493827390812108,0.24177243882073912,2.3623610805422186,-0.671001835367988,1.0066708494706649,-0.5408388612232818,-0.5583714566207715,0.03523617781008402,0.39519919295435224
0.7449161889725506,-1.598715057284784,-0.742119337108744,-0.618234650135046,0.35800582717136475,0.07362754391306321,-0.19553102216280796,-0.3157046598347289,-1.2280426043054737,-0.8450193748075352,-0.7020285311371661,-2.4505522172929246,0.7393604166429003,-0.8946782655373151,0.12708453510557577,1.1495437888064939,-0.04210805069257528,0.4107813119746586,2.172358699039692,-1.1510611914304594,0.45808603175014595,-0.708999006168879,-0.11110068893437042,-0.1005074646779155,0.1143303135754013
0.9936931690597799,-1.2841637515673467,-0.5658970197394652,-0.7286316801300728,0.4327027546052909,-0.23147095688284278,-0.2876374363773864,-0.32914696557109446,-1.3134530735516599,-1.0713999371396001,-0.3377986998165551,-2.773657998400514,0.8695489637842514,-1.0612882467513494,-0.07422812964103004,0.2982434418485181,-0.002752653791013901,0.3587375327445827,1.6573086758636928,-1.126333028265084,0.26984394538062373,-0.8663152829744674,-0.04678350616457838,0.08907842077044306,-0.021427338213910907
0.9991707597071678,-1.2327725645346586,-0.6196327659590628,-0.6964955010828198,0.6873990298073159,-0.05301542308908405,-0.21711241084689425,-0.3617511235193774,-1.388120671576638,-1.25875144312557,-0.14952979128774035,-2.91391578639734,0.8793065923619883,-1.1910410932416051,-0.32482802472539724,-0.20182440469051297,0.12482559707292562,0.43495816778562857,1.6026145283782718,-1.1936954959820198,0.15925325656249645,-0.7589111961583879,0.3125172537798581,0.4582658577869205,-0.40450684737572956
1.0313944847344227,-1.1968877363785386,-0.507605485247704,-0.7321906713306249,0.8393037012749157,-0.22612754869571056,-0.5024243430610077,-0.4835101237141638,-1.4765196507617924,-0.8468353431552563,0.16067267322701073,-3.175393549018235,1.1258709723476918,-1.129775992847908,-0.3045130512656672,-0.5210614078816663,0.23427650520567428,0.44931174538763924,1.626367197296102,-1.339294648509548,-0.06500272923569339,-0.6846302108888859,0.4960603362487431,0.2603878105633645,-0.5096112786545827
0.8238162454783604,-1.5049412164560538,-0.2216387443168492,-0.9895869380747769,0.9935734127720723,-0.4529430905535313,-0.7449748886738322,-0.7444598036740626,-1.2978910927550265,-0.6354991913428372,-0.03995825892527112,-3.145684795005512,1.2144098944850388,-0.8420380914866503,0.059289634205395535,-0.9078726621074324,-0.09714404808563559,0.6376778172044765,1.4089048545665148,-1.301979915859327,-0.15619907773521402,-0.6633166645013038,0.6474233579050478,0.4030609223588595,-0.566015119373104
0.8883514435035931,-1.3998204582654008,0.03477818717427944,-0.9065578902607361,0.9975729596167688,-0.26513817033212905,-0.8540997315595769,-1.167285893541297,-1.3460624502992566,-0.5326572816937487,-0.12262150901303757,-3.181026817953286,1.3693107164508558,-0.5031465189484976,-0.07008167405516966,-1.1865016284001988,-0.375970294368538,0.7082666976033234,1.8320260866303344,-1.73391967406612,-0.35335035961896405,-0.7182177760418873,0.9636258639243799,0.600627676900291,-0.9637225630094658
0.16781856465439063,-1.2748038575226028,0.32930560838371864,-0.7894671408176853,0.9997683805171351,-0.045760281463600075,-1.1472274925929968,-1.1194207160446854,-1.4550850724689326,-0.1816327331231489,-0.4616228627345573,-3.1914884085817854,1.4035403648125673,-0.3817333968230313,0.09161317520766497,-1.6994212975709857,-0.7948241381666177,0.7988247704205191,1.4963438059872947,-2.1056520975309687,-0.7106497402777516,-0.4545875857073196,1.5534546302296888,0.4580903443933531,-1.3304873092829168
0.1698149605573996,-1.5023424826361955,0.6536145818135906,-0.3094894491163776,0.40859754788854413,0.020298218149332914,-1.3505350344641072,-1.3748581906254553,-1.6712810449054838,0.4482661483961158,-0.32832466061525567,-2.695554565963418,1.5709390482939904,0.11252452102918499,-0.33059446647662655,-2.358004638808959,-1.4169648910934924,0.7567817028739862,1.5875406937643715,-2.418708053571722,-0.6181329299426521,-0.20552871430111913,1.85978740106125,0.45140934272842875,-1.8322333557241341
-0.09003122745117285,-1.1195085827916487,0.645579805124728,0.35394884673475313,-0.31608733180247894,0.5802819361917121,-1.1957433608864136,-1.1165504705451046,-1.7029565790779384,0.8602669823568021,-0.515398345341934,-2.4379197232689527,1.5722715965463594,1.099175989712797,-0.619565945109983,-2.458942904374117,-1.4495566344357511,1.0416017135261186,1.2070235806514513,-2.3473170373871763,-0.5805558151901806,-0.0635457862694355,1.7234408459847652,0.12906915673062713,-1.9742730391461683
-0.23016366449551703,-0.9833744791469164,0.6891407863046003,0.8615365238962412,-0.8830406638874926,0.6425158436565512,-1.3722980742296227,-0.9479631488089982,-1.7002979569213519,1.3235200525829685,-0.7306536342245259,-1.7988708246901206,1.242234724443687,1.679125204833661,-0.8108601492240091,-2.419496161808736,-1.3198277950024184,1.3134649130864684,1.0706298273386912,-1.9785002939736294,-0.14606876509619687,-0.04196310250763738,1.8075295329285581,0.15574562108351267,-1.6936363204530993
-0.378670597244398,-0.5394932559158993,0.4718150652909016,1.547153274376409,-1.0847150054880077,0.8329395800755582,-1.2574033765079067,-0.3595538961348904,-1.7011030250072656,1.9746663735418446,-0.8704508094641836,-1.3871221345142093,1.27131463862782,1.7677399512482816,-1.1522077488391227,-2.3095128491348462,-1.4947391830593646,1.63194438573978,0.5275571619098083,-1.6221639196673443,0.12126492560042484,-0.19531294574271452,1.4526948828551127,-0.3904430891965061,-1.5494442290333388
-0.3440905657050314,-0.3540271462758703,0.46633311566096597,2.2028785084259037,-1.3210657223222633,0.6396427258604056,-0.8296397954803605,0.21638983161455005,-1.936804774132936,2.4377676510361144,-0.47850856244117584,-0.8567840454178819,1.186362911141957,2.1901830504565183,-1.4051641165088227,-1.9581434489961131,-1.4337682236987128,1.5139858575699787,0.18989718309225526,-0.9430612389549822,0.30352093348298387,-0.19914075329814013,0.9898155817790842,-0.7947538734654419,-1.0758684653568549
-0.06469968760636458,-0.32684278231065916,0.029610063787625845,2.5286436308731797,-1.4647947067212455,0.33812888312609934,-0.6578800093630146,0.37971604514038027,-1.73012615259983,2.123279548780764,-0.3734389763345259,-0.5598500319165476,0.9316710101416759,1.821262390108777,-1.3728828142849834,-1.4922676657468497,-0.9995819178513523,2.0869038264759974,-0.6198386678370377,-0.24645057961532751,0.747571011346968,-0.5284846482743579,0.8475518564288257,-1.0447383234381873,-0.25986735499836827
0.18992055704596933,0.22285079784618594,-0.2875133133684231,2.665695480037588,-1.1446745189475636,0.3975043716152869,-0.07026868960297789,0.7705171814413199,-1.6902524957864506,1.817942576819019,-0.2657192592354492,-0.4669600903988366,0.9783000748118669,1.6369106886406115,-1.2589611961056892,-0.6940106892982436,-0.4302568723577849,1.9207555700472982,-1.1391097416451896,0.7953061430118784,1.1677760004766555,-0.9188145471625682,0.4452727539758746,-0.8930321458181156,0.47042054988542176
0.8362955118606993,0.6290281889928881,-0.7131279852155219,2.5299336357250892,-0.9932811895172523,0.3638480824207798,0.1684246164980172,0.828257880217568,-1.6562333589597844,1.4976157069786917,-0.08409484528777256,-0.4477365326311534,1.0589451405031247,1.311489796078918,-1.0314822505980474,-0.5436416133158772,-0.01834384301951339,1.879397237189297,-1.2240220193857436,1.2489849083500033,1.2629004691256849,-1.0968029721675308,0.03338436048614096,-0.7373030111030026,1.0781947563719003
1.3058767375024831,0.8274084791813875,-0.7677780121519133,2.383420089230253,-0.935728756470601,0.6582195210167405,0.11686709709765164,0.6189457329004259,-1.2611265420710305,1.4653890164248031,0.05804161087744672,-0.27190469995349503,1.1436726882891062,1.611842925724487,-0.6363502175356421,-0.3277001101972805,0.39084587082487077,1.7452917442227218,-1.0681060562915037,1.8571965206646952,1.5124299443842233,-0.7026475833396624,-0.29569665566585457,-0.6656360394845906,1.4937378077708416
1.2742659236401253,0.9766755488290081,-0.9260384717695758,2.402505458210813,-0.9090832422285571,0.8228345032775265,0.20139685480133135,0.7642345281001858,-0.5622931562896483,1.6025983155822359,0.011030562543265565,-0.3022312307060559,1.4384297779329178,1.678072545390766,-0.3199738966963913,0.20167905025324473,0.731773148698556,1.3752782362147449,-1.1686177579317096,2.3647996083649847,1.8135589137671626,-0.24286315990306934,-0.908395113732411,-0.8276281420239591,1.4347834920968816
1.460359688834051,0.9983924310364017,-0.9035533051844385,2.1886544790499265,-0.8492769783350403,0.8696547935526049,0.1061466879353836,0.43322229907250787,-0.47459808354135674,1.1075602898357155,-0.16474289020128896,-0.6785379604187738,1.9049932407446688,1.729330521177261,0.3008625654808458,0.45808020961929846,0.6463919295618314,1.2716345128861315,-0.6321938893614935,2.615334927218141,2.1129939612229536,-0.21099793597673186,-1.1674767224625937,-0.3875695400656881,1.4667505687183897
1.582913469292198,0.8139148200868199,-0.6379045659067257,1.9598470012288822,-0.6206963441806139,1.0250601049208918,0.27288328856832916,-0.10760246336620147,-0.36841009175709927,0.9009122246829642,-0.30394123711430077,-1.1641235521535571,2.097169609392,1.5413783113695383,0.5344342464184355,0.8200123691481753,0.3123503750174535,1.063375618616094,-0.3336913682581864,2.259777946419787,1.6118980169037276,-0.057876266073746685,-1.3740458618394829,-0.294929966696601,1.5499055112559001
1.4589636538873798,0.5553481556541864,-0.3305674802916323,1.5549920842292322,0.1431019753028628,0.8476633829987721,0.2484607935260884,0.0752782169501236,-0.2338581265155414,1.2107993758684392,-0.543775158559175,-0.7979376710496409,2.187868667603033,1.3772590227582076,0.5784897935008155,1.2748175797713068,0.22366760819086268,0.9864306435891427,-0.0018255803810247884,2.122918744805047,1.0284735239809788,0.17880347375241026,-1.1162290907671804,-0.23315213386858546,1.391525372244796
1.4382449042798744,0.5781795155361773,0.008952556854362421,0.9344484844632982,1.1575380709394176,0.553776858163408,0.12679660933817016,-0.06621877920967881,-0.11314706410657008,1.1956396418718485,-0.6130155326709315,-0.7027687419178268,2.0244089314471005,0.7878275345168584,0.7966189644729251,1.271261683867781,0.2906903862285078,0.9516258796402247,0.008651438070710685,1.9218878872620966,0.193377597272584,0.09368964755872947,-0.6704868807275566,-0.0016046238136531443,1.4981079781087765
1.5455588599913583,0.7288672331235175,0.3421190299577715,0.3231985643854253,1.6642461218622986,0.4680774415910144,0.1657564966275094,-0.3292698852667987,0.2977368637622922,1.1019144077796534,-0.6051322327326918,-0.5037361303451041,1.7380241569251165,0.3414381374477208,0.6179771811194054,1.094980434937039,0.0692650683765787,0.8793376635522815,-0.07865015713092377,1.6784917262829466,-0.3770783165030217,-0.03378331419079625,-0.52523934640892,0.23766460272110057,1.406200613025268
1.424101219966612,0.6548462199011965,0.34386317074274153,-0.4984676926146363,1.8477569071139097,0.25595213445097864,0.05494355536542751,-0.46233254512720073,0.21192403394681936,0.6703171029044598,-0.6541379160235191,-0.17554287466419913,1.031788026879707,0.2883663876794429,0.7331664743613828,0.7722306612767321,0.2469859494618188,0.731477362426579,-0.19409688558086266,1.398625644229022,-0.9684219077190954,-0.23757894663556872,-0.27540508773637873,0.5909149965290855,1.669534188835043
1.1626627491638193,0.8790647983429328,1.0444120712267153,-1.3531251112380396,1.8360816651807603,-0.21524617712843944,0.08136864402587544,-0.5871339105063603,0.6707861357201663,0.2874761553620118,-0.7124575207127115,0.07408762176061778,0.540400938832091,-0.04420150290931549,0.7017067107662047,0.20295817652410333,0.22421792044836414,0.6406722964950848,-0.013131607896006078,0.9568878131617451,-1.3063624948656802,-0.6003738445119424,-0.24272371307001023,0.9622654036166631,1.0063024088815196
0.8291016871449339,0.7073430516745237,1.0216411721684884,-1.933780768982448,1.4283918313714254,-0.4194893565403478,-0.1986623692086798,-0.7681687417681198,0.5183030559558918,-0.2146277681700977,-0.7929123622679651,0.05429060222599724,-0.15056560919859074,0.187141353063489,0.5493983569410527,-0.4435916783913837,0.4070043965112731,0.48187792643110916,0.1924740836874793,0.14100445863943706,-1.3825067891697336,-0.7406150061728956,-0.10483099616956523,1.0621320404816748,0.6457232831535513
0.3657493442260187,0.5473332738229312,0.9404555967374906,-1.7032317754161175,1.087450940834503,-0.27740942331734486,-0.22607025844561232,-0.42067690808607117,0.2912264013928754,0.07389477147756485,-0.7177469322541472,0.17859516666827116,-0.11739988372438458,0.2488767896898367,0.24761217836199517,-0.8850909825416707,0.16914724169527548,0.4680492324753585,0.2006981642092849,-0.2182405982836029,-1.0530089804763092,-0.4244823397078262,0.052827724410344126,0.8420405796708399,0.0349211522711895
-0.011937673030860144,0.2206637889181678,0.9053211802521053,-1.5407450794192485,0.7021826248361192,-0.12181412893473612,-0.5672828633446112,-0.2845504872456419,0.3288924793304377,0.4405409506293835,-0.8125508709441762,0.32848497945277305,-0.20186745454774088,0.6779543722093586,0.15948523885097465,-1.1739841265381388,0.08274307000858219,0.58418106945275,0.28639476615826465,-0.35293028676769495,-0.9868135821045905,0.030963162893298986,-0.12945933647540714,0.7135005718303025,-0.031139761770323737
