-0.29054406177018055,0.5279824000204565,-0.2083478083984748,-0.0034814502189883904,-0.32604944056469193,0.13685519688857026,-0.6277992837988529,1.1241343904849221,-0.09393319923038028,-0.06834218152855287,0.35192661755204546,-0.3208039258280386,-0.20111178476533695,0.05138746767678032,-0.06463578323857859,-0.5065394094230891,0.46809759379735527,-0.31712176612719056,-0.3420230093918827,-0.2427654569673805,-0.5942668197408851,0.1269965404586266,0.17300188550150739,0.21240817278591165,-0.21641293124451771,-0.3849480154361848,-0.2451616367224625,0.5890139511130816,-0.09879093021648465,0.5396178018908675,-0.33831966611553943,0.3915059819927588,0.3175985880816122,0.22941567852499067,0.3673579392449685,0.21123902712585854,0.05891152980526253,0.12935306925428777,-0.7591241322888576,-0.26294787314877427,0.15835679429481392,0.17040292547141087,0.30625034301023674
0.22488448549577927,0.5114456735959226,-0.14604028737707908,-0.14187134427047832,-0.10909414588992966,0.44162236983048364,-1.2323809051505714,1.419751489249138,-0.3303566136900564,-0.199956381785632,0.08195087086334651,-0.07062228340701965,-0.16545112984480398,0.3518894682971745,-0.1805058538489508,-0.7615226731600678,-0.28405202299023924,-0.48152161493923945,-0.791896548864482,-0.425088116238605,-0.47145576928556504,0.3196654383686629,0.03364159434398011,-0.4478162213028439,-0.1600124526559586,-0.4356293568221528,-0.3904694646321441,0.9551043713416296,-0.2232035033044366,0.5054796622533693,-0.2477850072611407,1.225968618313908,0.030893257221949945,0.608290845857372,0.6066631298067896,-0.11766110399938282,0.15294691752654765,0.3279044730499032,-0.9837608085371689,-0.2821913001340497,-0.04653499800919439,0.44767988728426295,0.6657871572776489
0.7571833623092615,0.7093518191921425,0.19632243894657392,-0.3579216023331908,-0.002048463515724512,0.5719461079411916,-1.2384282098522923,1.2689611469572952,-0.813094386758275,-0.32506162006956074,-0.015533161786524419,0.13323384160169624,-0.46692390643722714,0.8808806408866807,-0.2122567476248218,-0.5807533917694394,-0.8879527333417635,-0.8521116139665282,-0.705323144795355,-0.36479297432492974,-0.3977262128009214,0.5570771843204405,-0.3236101452797231,-0.8195369824338535,-0.06986556997280008,-0.6100457262285837,-0.21873848838763726,0.6844244348197047,-0.5509330848976,0.43447054030429316,-0.07993929558795818,1.9581528537806316,-0.17305317110401924,0.8023764635643424,0.6797463932253576,-0.5375152768516267,0.016000156989038727,0.6017373710300805,-0.56932081800902,0.02495364199312622,-0.7476381416846859,0.2777721678090652,0.6879960009422299
1.3773384246218066,0.8524033776577788,0.41409276149381025,-0.6210378160275613,0.4458562551270187,0.2980391634550556,-1.0252611200511992,0.8562893757052391,-1.0825527729724018,-0.7007148053623751,-0.2639577975895715,0.7343212513201888,-0.9038791139671141,1.1687842227840324,-0.1535937682387771,0.020640586868639732,-1.442131580295449,-0.7618173543970586,-0.9635776140827476,-0.23717606581524542,-0.37851395372872576,0.4875004275529397,-0.705801306432814,-0.6600292988466255,-0.36622196559992964,-0.5615111242799595,0.16659463045463246,0.13964547630545915,-0.8367183852445248,0.47024068502227717,0.492902813181887,2.7560812341881094,-0.7280668780786543,1.2608152197542781,0.4596295062998417,-0.8870367602695445,-0.027887115520700084,0.7390837785865102,-0.1638768996026512,0.3050560317469053,-1.3009873523717475,0.10618885701348539,0.9542146043476651
2.0058910347676826,0.3593935982397678,0.4022039438063356,-0.8064436578968533,0.8571215191456876,0.141327078904524,-0.5376422256648047,0.4376054344988662,-0.9142443584010858,-0.6893823085600757,-0.26484847332525874,0.48804535117465114,-1.0170756802765981,1.6000531769871265,0.1967303786165401,0.1501473692318137,-1.3901211587196798,-0.8388324165321849,-0.01748473131879369,-0.30693860037777215,-0.4294513007533557,0.7960795026108567,-0.6299399767521373,-0.8846419758840135,-0.06138760067447871,0.10012218129461159,0.2520518193649297,-0.3844021368501648,-0.6099593898036649,0.40831041452706274,0.4554954835609922,2.880434000677308,-0.33863702622023856,0.6359993185330594,0.7814862113848744,-1.2951285401869321,-0.6626237663052944,0.9676484238803391,0.5075222906381791,1.0973591329238517,-2.005329119278491,-0.5565443799448135,0.4172195379174606
2.118736961837219,0.06359100253161157,0.5683662226197855,-0.8943953091469083,1.2054933588108456,-0.12291336733238209,-0.056531498253422685,-0.07918456925353644,-0.8422697707370081,-0.7463326052942274,-0.3609092724693901,0.4941612483891351,-1.1922375244482644,1.5665422231881148,0.1735024191269496,0.8369184608764785,-1.2081441664313726,-0.797403648835436,0.3162377104578555,-0.3884704527900524,-0.16306714385686974,0.5630414808153992,-0.5908769046046785,-0.8324614022684942,0.07223563103780162,0.5798556467643703,0.281342668372619,-0.9304100287887539,-0.3566787489326979,0.3007486094466433,0.9237818532339654,2.490204256176214,-0.5322737612204971,0.7943782132598289,0.878215702576868,-1.3366144939370428,-1.02014155233792,1.0872952492987116,1.1103149531709593,1.536225650235706,-2.1483177851741977,-0.5490760010144192,0.1479484378268755
2.3829263528443456,-0.6856429088253089,0.6517186266132321,-0.8891527573178861,1.4179365279089775,-0.45497567548227313,0.4210774541276227,-0.897416423529611,-0.5122184010404947,-0.34421630296839734,-0.4055437466082263,0.6020021762275864,-0.9680304877612368,1.415972611077512,0.14888330885245543,0.9255481919775855,-1.4275994189666008,-0.7149043177886719,0.8025354470059856,-0.41683554690355284,-0.029733940223342664,0.4197090663991737,-0.35915331449912785,-1.026703927497099,0.20676273309675186,1.049351167823751,0.12609169193321684,-1.1468851141693368,-0.2162680926296091,0.24121202479261103,0.8745156020318329,2.0512079011135196,-0.21660431273736522,0.5982347531804036,0.4432487270332158,-1.1468803491016677,-0.8529324495880092,0.9259764817151388,1.391326750517087,1.5407766988037015,-2.139706678204588,-0.6364713934581379,-0.5030686694223026
2.22256184136203,-0.5243953459441223,0.7534227137880517,-0.8516456202813263,1.1450293081273293,-0.6718154861475062,0.45968617525262584,-1.7242058169132484,-0.36321095409984183,-0.12026892762321248,-0.21571402543718912,0.34046131064952545,-0.7141452565258906,1.3204826806078485,-0.12915142103483968,1.0910215232687104,-1.6663619192140684,-0.15087027821131865,1.5588176497802873,-0.3772432036071407,0.14086506784253308,0.4099984669247838,-0.08359221668158753,-0.9673572208033099,0.15009506064723982,1.4817556182331435,0.45745354233582813,-1.3037207395146964,-0.39539978984184476,-0.07905494966571644,0.7384815171880988,1.5294597341609089,-0.17285288642475033,0.4870236058821057,0.3432179676245819,-1.1841444027870163,-0.7975755813525036,0.7234101017381084,1.4907514443634236,1.2255299509364628,-1.5275928448316498,-0.6265186707530012,-0.731027333572437
1.7975172790155052,-1.0104290502892188,1.1896425230275045,-1.0118547840709562,1.1331942265646233,-0.5908204884025194,0.43718749191661055,-1.4433938420120496,-0.01139371278165996,-0.13098549636413728,-0.2160003288504789,0.19950017482818533,-0.5037681819789004,0.7353291304263725,-0.0536630675611007,1.0036896629188685,-1.3719374183894728,0.11162631759859076,1.4807840153273124,-0.5193358101377543,0.3944424048983016,0.33412572298023735,-0.1473098367857737,-1.0971681740029713,0.338465257667418,1.1446438710949272,0.5089780668744336,-1.5996218025267037,-0.5668267266704272,-0.44825647088487974,0.7461935747488304,1.3350324586731306,-0.08797068140609576,0.3880890154742832,0.3144865387731616,-1.6233223244446027,-0.722336274876034,0.8442137913605875,1.3936815707490435,1.3206898825656859,-0.9765564040722711,-0.4070704331344547,-1.1723209173650897
1.1202176429122626,-1.2819024929036145,0.9868997466097026,-1.0176036256426135,1.5078762278746987,-0.6720206264093521,0.4642997079096436,-1.2849516740199327,0.510284611202042,0.11173352447425816,-0.27726620570185273,0.3949679991926417,-0.7188298021822479,0.12002510829536324,0.3704864827310768,1.221878064700443,-1.2011072616515923,0.5914062576131452,1.3868418647291307,0.11223850184867484,0.2695120224635431,0.07974883373492511,-0.3702929629170253,-1.010427919008783,0.44237995123290974,0.9626529717753654,0.80349562867351,-1.3601585406062662,-0.4103993679170025,-0.7949882945718844,0.8878302032173039,1.0825266138155187,-0.032833492482524484,0.6266540678883152,0.04081951327864486,-1.69857750001013,-0.530046686588433,0.6777896823021872,1.2789482940248333,1.226298273435436,-0.4959727767338817,-0.2976331638653933,-1.3497613057275033
0.8669372819822315,-1.5376699642620548,1.3303391295287856,-0.7365054769802085,1.5043387124204615,-0.42392159082467135,0.3362860923840655,-1.273002962687829,1.0225251148784404,-0.058506874669975575,-0.748155891488992,0.04790109560010969,-0.799156484600419,-0.261871619538957,0.6548797530722791,1.1867358784338038,-0.8672883841832006,0.8971451187100974,1.2543643683818804,-0.03812149727477593,0.2823295666073753,-0.08661303483249172,-0.1076261905444974,-0.7399709222029419,0.3404599553753613,0.6275738862808288,0.7120174068997467,-1.658208451311814,-0.46128225551602664,-0.9074125266586077,0.5565085097309503,0.959036503921592,0.06449823602563207,0.4552173483929595,-0.07647382575358841,-1.9114433410310012,-0.4005154616761617,0.23790274813405848,1.383160844286347,1.1230488439017323,-0.3461697400072591,-0.2710462546368805,-1.5315449836472401
0.6645129356430481,-1.568199104502311,1.3007299231958331,-0.6143797000969898,1.280750290561851,-0.4745677490410903,0.3334345297148231,-1.0680580838091283,0.9870803005385527,0.1183668931400979,-0.7276374599891164,-0.18240653160368783,-0.49586701487458834,-0.5055927019736502,0.8667977477698965,0.960866043660232,-0.6678744373647802,1.2691329813237082,1.1808244645286279,-0.12103739722832926,0.5204967408533862,-0.06261766188942693,0.08836492958520364,-0.5003653322935893,0.36010878360219684,0.5027576847040593,0.690226966076086,-1.5413370617707647,-0.24302013863699265,-1.2085184204584272,0.32240258411742606,0.49720229014517053,0.18168539095562722,0.3378174965640393,-0.2325675410758158,-1.769641560664513,-0.5089028712658596,-0.17425097912077497,1.327614904676332,0.8875360613675787,0.15246549640865303,-0.06506743075301735,-1.536804117353927
-0.2029186531113107,-1.538641943817627,1.212736190109121,-0.5323950688097018,0.9401241730963175,-0.36437046012092844,0.3005686971293026,-1.0207394795413853,0.9663566624318507,0.22542095642080628,-0.8371751802544031,-0.11994907317092135,-0.6473283487641506,-0.7431930149413862,0.9461764831007708,1.2306080539637314,-0.884758219217076,1.4293793151596388,1.2427156548465534,-0.13802827747581364,0.7072376632757241,-0.13752313008634137,0.0673361971318196,-0.150107618694275,0.3247135815451897,0.5693914650687525,0.4779912383351878,-1.527033189564185,-0.3719633668108421,-1.2258637923627131,0.27070434739249716,0.2644778190658543,0.252675732709384,0.11084191865551912,-0.47943632135421965,-1.7461364513336324,-0.07847998494683439,-0.5742830080013135,0.9609657008138067,0.6234255251391336,0.5548024475674129,-0.36218465692503676,-1.3236488963802242
-0.6379968275997938,-1.2680542388564267,1.0100102049793542,-0.345228697443296,0.6517621238554061,-0.19428700848918798,-0.4098606276944093,-0.6666450238801557,0.863346528621928,0.4076443205137722,-0.5667285876868351,-0.40947368008999063,-0.18294355427544,-0.7194086832410456,0.9133349723691218,0.9947937361630068,-0.6560019170759767,1.621946837994959,1.6611989819763484,-0.19551873353337373,1.1351072932293524,-0.1346513114114864,0.4379996491508802,0.022639515255230225,0.26336352708701755,0.6399970919191695,0.4226606513430735,-1.1956432932735783,-0.536215994278883,-1.5441182277048242,0.08113916828902357,-0.012584568649009364,0.671910382212104,0.07078082454135404,-0.46089587883285366,-1.5517213650673487,-0.0811679881962159,-0.9315321457407835,0.6328147635191197,0.31294189355773405,0.9935663026747028,-0.4697624132173147,-1.57455000625427
-1.2322824168123632,-1.032452149043577,1.199678425137785,-0.2654874282753004,0.6359965594824115,-0.03738050343224755,-0.6576497251942792,-0.6403895150585706,0.500219778256814,0.6353115879868464,-1.2311226895766927,-0.5503808357029804,-0.20696696806478115,-1.0296529193638961,1.0583250591793654,1.3291963367036685,-0.474387079631465,1.9484894494911684,1.274764126823189,0.023877012225597127,1.1875431960728924,-0.1223672030980114,0.33769125778009357,0.4021592568358062,0.3227617777065165,0.12330688369293288,0.6734818097563038,-0.7979444621677881,-0.6387474381412738,-1.5979808023816382,-0.18721422308327507,0.061804379896661904,0.8883670505082302,-0.04576332924992177,-0.4928138778102751,-1.6341828230441926,0.13884315903674616,-1.5509096651139131,0.46885055745131665,-0.11943222140708198,1.2061093936831915,-0.4587398320322884,-1.4141340258462833
-1.5873534458422003,-0.7706987235235201,0.8233375465844812,0.1207880241612766,0.5453610415852177,-0.03854742193567534,-0.8491779873039708,-0.4867526601908392,0.45253067086337195,0.9471910693574406,-1.2531637108213707,-1.0496768312223552,-0.13606704088267216,-0.8828992327697066,1.249161834879029,0.9425523130565807,-0.3186474025362033,2.300275696534893,0.9527150807366552,-0.18388871235093396,0.8676173226162939,-0.013227759517497772,0.49608901538900224,0.699317363242386,0.32212163838713337,0.19681899842571737,0.4404054977338353,-0.46669488084453437,-0.5945897135031265,-1.359009262700637,-0.5209295167679726,-0.12284471301640423,0.874267175690465,-0.35707109592500086,-0.3935763428917298,-1.1726646820608617,0.07969313860750427,-2.0343179697478466,0.09114570544507838,-0.28458105761825725,1.2369780672903834,-0.3971298573973864,-1.2992765430323967
-1.4426435545253902,-0.7598413629732597,0.5565175243657309,0.0017142967644206697,0.04302897185175829,0.14433998650974708,-0.808668359197039,0.37914547909206403,0.5349835622013542,0.747368751458426,-0.6977538635544254,-1.1771156615952556,-0.2955520000947661,-0.9364159163671557,1.2004394964065328,0.6594289032632772,-0.017487670495391065,1.66628962259965,0.7490777517989168,-0.6121564003502773,0.7138348283029263,-0.23077203625168766,0.6426896213350739,0.6713927407825107,0.005743398941500846,0.4969971226748243,-0.11728641599050396,-0.2874144673781637,-0.1775912529085581,-1.1280722519576203,-0.8488922958521086,-0.5858121707186906,0.8973830873089885,-0.40458575916916273,-0.011379927442191157,-1.1038280111037433,0.0017181142183723963,-1.9461904504884568,-0.23312582145193841,-0.53336030343659,1.2982575604092168,-0.1322867940352272,-0.8280331502234621
-1.2346022174315183,-0.78750714884384,0.18166785889646422,0.3365275431378892,-0.4089348021007555,-0.052596552531864904,-0.3142642714848167,0.7688644247249481,0.17213019636454852,0.6236689030708455,-0.5202243572373675,-0.7500868423360249,0.001341360770888006,-0.860164937884777,0.6872107577727242,0.044597037085936764,0.1190560382501407,0.7789107508830336,0.19464449012058233,-0.6210871553838655,0.8441482665735488,-0.35664137933643947,0.5029098814798607,0.5577876907666371,0.03338896716616474,0.6699658623726077,-0.9118070725646388,-0.09154259339325885,0.20757592756396395,-0.6278583893652535,-1.2177061008161978,-0.8630527252097965,0.5728567151068047,-0.6866513455865841,0.022595681859260655,-0.521648995986195,0.1445414727383024,-1.5345183683259735,-0.496220670415389,-0.7754183423039337,1.2356387658249715,0.15763391952375247,-0.5950909813192032
-1.2455246644701221,-0.3303077894136669,-0.10210187372392643,0.5961235469612718,-0.7007998686168431,-0.1709085250836868,-0.3797374860507479,1.15062929694483,0.4288894052999997,0.8413687209332821,0.007361513646884086,-0.6420525166175839,0.3409120801228058,-0.6783563558724481,0.35560393455023354,-0.4418818159574488,0.3893019099495688,0.6385901055114791,-0.12078028347942714,-0.8397478699386502,0.5882150184537067,-0.3386646303630978,0.3928792741327902,0.07680176697561245,0.11329556282744296,0.6503659338804569,-0.9500720888227163,0.4532266865605177,0.24487144831071153,-0.2380367518682024,-1.0185658724807471,-1.1752013741792666,0.18049376432556524,-0.4619748097978439,0.11542786347048059,-0.010237944109736039,-0.14574692516935228,-1.0812642932434002,-0.6993848943784369,-1.0246256192251229,1.2537475460946501,0.4439297843998861,-0.30122980194167964
-1.2664854438604989,0.07642043771723467,-0.37260541868868424,0.7027505591057155,-1.033372699009795,-0.16655455739943945,-0.4281232494029853,1.4356112214363153,0.15487417490453992,0.7793227307199779,0.3950113033254221,-0.41600699150163634,0.42633792983818974,-0.5098692594199705,0.1240563876052071,-0.7315539727275145,0.5494218530386351,0.28586579222390074,-0.10009173936276662,-0.8706239881588066,0.6404674476897045,-0.14421521987011213,0.4203937847875932,-0.05417867973973575,-0.020501716121473404,0.3530949564198652,-1.0752872470966348,1.0031218202702574,0.32187714682974156,0.038488377237559046,-0.9968727717360784,-0.8811442352113403,0.19624091072500022,-0.34201841798192234,0.34379632781933295,0.36566938333728594,-0.14729979687514394,-0.7435239287862566,-0.8484037469333109,-1.1894328604722253,1.2842537892074926,0.6855723249383642,-0.10283381344298025
-1.0532677829550185,0.36466039753984014,-0.5437481638782377,0.5850382995062506,-1.3686755438842464,-0.25176666992349517,-0.6582945742467229,1.6743162808712582,-0.1563841450119861,0.8246387981289485,0.46190467061557466,-0.20238948826839503,0.24831756539067668,0.026218899601324952,0.026265239480286404,-0.8590914294908351,0.27868250293698604,-0.10592539591886076,-0.448123892134593,-1.1140466903123705,0.7433341530735874,0.05918786833142639,0.13324805593986241,-0.2048184801547184,-0.013370700174263228,0.1996109494601159,-1.3385800125651466,1.1763665448710998,0.49577587490469804,0.3251936884257626,-0.8467262107453674,-0.47368183474346426,0.2712899060706174,-0.1888747170841094,0.4178756508677088,0.4615723275052547,-0.18700300721109342,-0.6266725283325872,-0.7906477455724799,-1.4099197801508028,1.1284508156281388,0.9058524282595481,0.040514012113948894
-0.7007418093177274,0.45568923049529986,-0.8160755439151045,0.514887173385709,-1.5068405312911857,-0.37470671150705637,-0.4169528871538322,1.7190460502085094,-0.30593309550077413,0.611085109153108,0.7217281738799513,-0.09188938184650106,0.3227640614052721,0.17710991520304165,0.14887810477941832,-1.2237351330479969,0.22353645333652727,-0.3526543281227599,-0.5461912787285479,-1.0552790408834827,0.36734481865030016,0.22506897343903762,0.24376916850223568,-0.2427817348022677,-0.0442322036873499,-0.01156362631719382,-1.3515354848082515,1.1974696174701478,0.4860615775133803,0.5206480680474812,-0.8208596588801611,-0.05764375460661879,-0.13164018603290972,0.03447440984730485,0.46331768209756335,0.319808647319095,-0.21250522761639218,-0.16524476351001405,-0.8920189532769662,-1.3831787078828774,0.9603935998045321,1.1199143970938727,0.2988059968595208
-0.4375071718320549,0.5991361841972991,-0.6125736887294155,0.37912688104331294,-1.3241825093233683,-0.22715532728224833,-0.6892602995835936,1.8075808279460668,-0.082515154677816,0.5205464347644004,1.0555309299889792,-0.06923568311616124,0.23777752256733725,0.45774950302194206,-0.15466400987163073,-1.1418262237652874,0.3242135828939872,-0.5245427540667091,-0.5165413135270717,-1.020592266381042,0.13962274002145694,0.10367265308925547,0.14674911035531382,-0.8325012698020683,-0.3277317918927291,-0.11827054686401331,-0.9859551680940476,1.431405843648489,0.2521400631229021,0.7767894060527154,-0.7408421956407877,0.17259877014147496,-0.180925200521649,0.07652847479820457,0.8119268044393626,0.2886363678795459,-0.1782274368017201,0.09904957464509982,-0.7393890816154796,-1.0829974122847774,0.46119324492144487,1.2375076720520988,0.22298472761480154
-0.3230898654934311,0.5780612819821997,-0.700769095911498,0.38746275844860123,-0.9965250353254288,-0.024727101248369188,-0.7510689402021702,1.9897443032375446,0.05768341549957667,0.5606267596016796,1.3153735377927611,-0.06519502510178743,0.11714229631723232,0.3232783856368464,-0.12454257136235633,-1.3016609716181458,0.05923853981175632,-0.5910653944912829,-0.22208699529315398,-1.000607649050788,-0.1267970235160347,0.5486512169997249,0.24635898879512724,-1.0773897076389287,-0.207161502604907,-0.4130886931447853,-0.7520497366359757,1.385769604752615,-0.0008092275926949999,0.8353482608358781,-0.6157193804591617,0.5273475435000712,-0.3294710028627701,0.25201979945700803,1.0034674746061913,0.07751282128349773,-0.25685784078731605,0.4016421931034281,-1.032515471991433,-1.089740182562009,0.37353427073715806,1.244563894087955,0.13979729890759834
0.23328376235826054,0.8280754153513225,-0.450647664657604,0.13950473293260235,-1.1390432306067486,0.019847300065544804,-0.83497195844976,2.027589911150212,-0.26507626189297173,0.3264752907427436,1.5779555475571443,-0.17812190645430206,0.30773176780543166,0.3945141906745253,-0.3281040035813439,-1.621818497880249,0.03790711794299839,-0.46952082204135015,-0.24100995105328943,-1.229735197684539,-0.5387119612101864,0.7365763569081689,0.3613602632286271,-1.052061501970704,-0.2736366580055087,-0.6678795947491458,-0.7612462187739704,1.3235324891794569,-0.19939421134980767,0.994657456776781,-0.6492972761239868,0.8998427859837789,-0.38360553336483594,0.3213484123949189,1.031613336133615,0.013575695712856412,-0.036338798194830685,0.6709692836057609,-1.0506148706794236,-0.9944219023516585,0.36004879881022067,1.1936108859928116,0.191018645306628
0.3899673425214569,0.9271281007184301,-0.6725732436721441,0.12457550069351842,-0.967150988947716,0.16595086831805828,-1.1408767599836116,1.9791850679354692,-0.2504704003709516,0.39708863592870636,1.7270329640215267,0.27954584688575446,0.15657248806050045,0.6072717102861351,-0.25614504673787625,-1.4617539951798113,-0.6530281500976114,-0.9571772850596055,-0.8091371180117368,-1.0521122525114428,-0.5093477018894357,0.7912034015247978,0.008547821755828577,-1.1761193188468844,-0.36688011912343904,-0.5329929228876886,-0.4316569159697164,1.1225011094673847,-0.39754458129882964,0.9989600187962364,-0.596907213940716,1.0956265422731544,-0.681345456398222,0.3906554010995048,0.8243601995814206,-0.4624686550497995,0.1275086854495707,0.5454229866324549,-1.4137204853051866,-0.8071086921734923,-0.12150984074370752,1.1138754993567046,0.5965899421321814
0.7348533369864744,1.1137498525785154,-0.08102292933540285,-0.45627761503451036,-1.066741006912324,0.6639026870187146,-0.9813508569608873,2.000792342274868,-0.7894143203992112,-0.07527753223501382,1.4637116697409152,-0.05597641677877552,-0.25302271519782266,0.4544005420246199,-0.12083839680350417,-1.3912110392878507,-0.9982715990924097,-0.6283853774981885,-0.4731097938180602,-1.0000693977750468,-0.6297403547865574,1.0204534914997478,-0.31478271999970264,-1.1439928774423338,-0.47967024175052836,-0.6728712614584691,-0.3273171417118079,0.8241392342181378,0.08642697322197662,0.7942913255770689,-0.357536746588853,1.2520971213514533,-0.7855305010189328,0.3312686551652722,0.9800961186943353,-0.3703291703381687,0.1680510349497865,-0.015062580684667745,-0.9520033559405829,-0.489097908366093,-0.560335713139238,0.8798216751066205,0.9221349690414573
1.384311347179031,1.3638621071128951,0.24536393497823875,-0.43797391219145865,-1.1146808359079157,0.7053334730984071,-1.1043947501745979,1.9874656494031504,-0.8449572077038365,0.015705754017148327,1.2604788489833383,0.3200625944598359,-0.4479882737344787,0.6309697974507239,-0.40652886808161426,-1.055674984692014,-1.3147106405936615,-0.7585570870392124,-0.17159193465655376,-1.0230395439188191,-0.28642963558709367,1.313035736721508,-0.4910363146020044,-1.1666994736931393,-0.6088350205140194,-0.6094139730557013,-0.2050778766595006,0.7398014002942561,0.32882243746454853,0.801105575956534,-0.037597666108754535,1.6641857894622731,-0.20229358489345858,0.5349911123241644,0.6904316267726932,-0.46318149585785096,-0.06425945507493193,-0.16207982081111033,-1.043040161469937,-0.1878615876203925,-0.8695870984549223,0.5873790612534926,1.150673377110649
1.647503462038059,1.403872103456658,0.5115474533288716,-0.7777119601466439,-1.0579187454187877,0.4825211707554263,-1.090828717667133,1.894260730736518,-0.9979862194996192,-0.23690012240406108,0.995721528059653,0.2825772015385209,-0.9449312458788768,0.7025054973829713,-0.19383803244863554,-0.29608885455648437,-1.2981877917478368,-0.5645975483775654,-0.4394883334107592,-0.8172835377143646,-0.12742761471620298,1.2039465932136588,-0.6069945942990773,-0.7050957742760927,-0.8883905743880375,-0.7898656738313989,-0.012705221547928747,0.31061133257995904,0.6085538395917682,0.734306095505368,0.28922064069488945,1.8606233893003026,-0.06657019452546875,0.5733075724457388,0.8731756717222449,-0.9107549027341219,-0.3637703041775907,-0.6015849104099101,-0.5686516477987278,0.13908311537673812,-1.2188938127270654,0.4166785292860367,1.3643926308021965
1.7428529514640096,0.8491246556836402,0.68903171155701,-0.644799199238239,-0.3236353025358293,0.5609918661797128,-0.1962691589887987,1.1274665233983423,-1.2429712247966342,-0.2341143074913864,0.2625625755466755,0.5870074780829748,-0.7260239177946258,0.44316057453459706,-0.23396370991643559,-0.2437820721304268,-1.6188097289970114,-0.7163460938778461,-0.46560289688369433,-0.5630762286046496,-0.30065049604618976,0.9540603125346506,-0.6907094856568867,-0.6976892171506424,-0.4909193559467168,-0.07585225965177227,-0.3557784993094316,0.06025764563541003,0.47452825921322106,0.42286211125893985,0.4664387672857583,1.6481442028494662,-0.8394988897298098,0.5176188893818017,0.42533039056043087,-0.5111382565434209,-0.3671178955713432,-0.28790656957745514,-0.12056804282373203,0.40850977974491626,-1.6495449658227486,0.1339560142612842,1.4937230068697736
2.2687300810226723,0.3546814281154847,1.2178751611134668,-0.6404081779598861,0.25000149223665263,0.4148695538097431,0.3834865510797561,0.2843848240614997,-0.9243232821187447,-0.49668151943882954,-0.2598460016137916,0.7689938018650109,-0.7735105199560163,0.08180112952730019,-0.2800165279732919,0.15918506877960303,-1.6975640115802024,-0.7431994619526839,0.04417145442560183,-0.49354858798370294,-0.0758535160277919,0.7395666180296228,-0.8679526614877732,-0.5968065122544799,-0.4018549858787968,0.44888970837078923,0.07120355025767622,-0.9374448913896074,0.6433945775544108,-0.05137155758566567,0.44173178963684356,1.286144662256268,-0.7034439960567413,0.4041795298445242,0.4086722913198953,-0.5655571761837144,-0.4533862408513696,-0.38465212615584005,0.11517565340415015,0.949987476998326,-2.1707002434435245,-0.2092334389156375,0.9507751378069015
2.0411299701967387,-0.2648994533224046,1.4325893474184248,-0.8230531272259111,0.6055705782761323,0.1510815406340911,0.8161544714965389,-0.46035164732858613,-0.8717748495353522,-0.3827439020587634,-0.6151742555975963,0.5162496385328026,-1.1288714317483661,-0.28544548234322364,-0.16028142440979198,0.6082787712078388,-1.9714139822776617,-0.6666815542534346,0.10852762964504847,-0.4705549507575011,0.18502771735273132,0.699444117158876,-0.9659063585263923,-0.5766547586451687,0.039334719498284,0.7670366874136949,0.07386502718118107,-1.3002384701439,0.646998084354582,-0.3537433890820244,0.24022505496219906,1.022647212589343,-0.6982238905529947,0.021204978809255356,0.21352649063674456,-0.9575750481008702,-0.4923217416209157,-0.38068610873888126,0.36728614953601163,0.9152921466880314,-1.891845052618627,-0.5371341348434555,0.529392700961049
1.9226133892075254,-0.6182312401734197,1.700616429576393,-0.9011501545774676,0.9257001271911531,-0.16236591655647065,1.21598162412801,-1.1315217672891662,-0.447480011919928,-0.20049590318047744,-0.9847852731744803,0.38029945944890303,-1.2180550408368556,-0.3992451830827202,0.038138944089344,0.943617157769654,-1.827792951237067,-0.22098214415672626,0.05644131044414555,-0.30859011785952944,0.33545191308428546,0.3426346987079389,-0.9453346545887107,-0.4105485008711267,0.11812666341420436,1.2172179899630728,0.05743415010841674,-1.504015262798038,0.697527214034686,-0.5642878182923969,0.3312173813624403,0.6207152263977914,-0.41808026710269297,-0.06777707145156386,0.08963312593216644,-1.0069083408010244,-0.5251597590685666,-0.5656229366438182,0.7514761660337742,1.0370051310354096,-1.7242001252460981,-0.37713438158580226,0.1381145015625575
1.6535235183914105,-0.8621936231190711,1.8600146120368533,-0.6518271348909015,1.1612764153195723,-0.3767896520490249,1.3714551973455213,-1.50950277946687,0.09648809816205946,-0.04221457699002527,-1.3183489873000285,0.20062699208138482,-0.920024933748422,-0.5757292974639998,-0.16043422200144786,1.1188738111227134,-1.1896343582685591,0.06018771497112935,0.4301090814539664,-0.4270186076624727,0.5253470038565841,0.05837862748063269,-0.6983869482526799,-0.22953622447114783,0.2881938511663058,1.821291333383001,0.15942600469272744,-1.392864481554436,0.8140719134244054,-0.9131031200352415,0.347199280795254,0.14952697997401537,-0.11345803057114247,-0.11560950765615807,-0.007187782125513437,-0.7126844764225789,-0.7410490489905232,-0.6294805538674778,0.92604730171258,0.9334946274637824,-1.2896350725284411,-0.654734267032021,-0.24239186862342063
1.314979964088093,-1.3185073464918795,1.6066651774901854,-0.4955015820290153,1.195414076314124,-0.6269981495543422,1.2233529697712506,-1.9328993421929919,0.31630505395962905,0.49748797469236716,-1.3276734772675827,-0.12039377018420977,-0.6749840993759718,-0.6021091816899257,-0.05919795766390584,1.2563841258514905,-0.9282559110902142,0.6911593594532692,0.614694347300467,-0.6214476901508967,0.4876814948746001,0.07264851634298453,-0.3015414758308835,-0.11438610114018626,0.5785665894728517,1.9301058384348122,0.10605306404741349,-1.1334111868332444,0.5185442688543559,-0.777592886642998,-0.03161615985936464,-0.17259843561648616,-0.0005568750513349902,-0.05946473716909459,0.0010878161821482185,-0.6722741997409426,-0.8055995037763743,-0.6799500528010682,1.1665977261032523,0.6061902614455654,-0.7157473894316001,-0.31729881626870343,-0.7155502422415371
0.5931683728759768,-1.4662915243986359,1.5842134714962364,-0.44582911172786777,1.2342742859564437,-0.46948051829776954,0.708321184157967,-1.675369746057428,0.9911440872387887,0.33430841879090145,-0.9664612922863264,-0.11335800457692831,-0.5724558488492557,-0.6774264038450581,-0.12308231832670607,1.1103064483562797,-0.6437693850899995,0.7046667755424165,0.7502399564108776,-0.5943047095284919,0.46113266246169043,-0.17684435228181727,-0.033157904963368345,-0.24837421735651224,0.5913963300613824,1.8815446853449447,0.029497187141417226,-1.2427037828230634,0.024057329698465274,-0.636465939814872,-0.22428366198298608,-0.48716993832776273,0.17144932574653712,-0.16099604067611287,-0.17990677806444932,-0.99238704325118,-0.5201918782286973,-0.5229939775947479,0.7481402219964572,0.487958441198965,0.14757123576610953,-0.3614179293566754,-0.9749941920128528
-0.20976461693737086,-1.4720696422981363,1.0746783113534408,-0.42235802925833305,0.8082547378212932,-0.2922661118758349,0.3608400782126994,-1.0994102412347748,1.1220540371081644,0.7717448597655495,-0.46006726614562,-0.5066502090803284,-0.42396222508588866,-0.7972894179040062,-0.028205137329566303,0.8656181849443829,-0.4417049112111282,0.8367175351459555,0.9122515421790561,-0.4989175546023419,0.7517634337832498,-0.1442409861420723,0.10644243468178194,-0.3609410236526023,0.7852209809093491,1.7673424779167444,0.008858760442567386,-0.7519857808018275,-0.10258239441652321,-0.9277534492989288,-0.5367869862292654,-0.676401038175125,0.618091317370628,-0.2612509288650591,0.010859843794084001,-0.9485107991228179,-0.3342641784553292,-0.33241624763825084,0.29420581489441544,0.30066267485040343,0.8746231139289871,0.0027541064550619665,-1.2663139486729413
-1.117584225179498,-1.218345571888535,0.6180602855245476,-0.31912207339900556,-0.04006601095831708,-0.15254920814990736,-0.12460820052775845,-0.28577959950156745,1.1714858126451655,0.8292766520571881,-0.14463248516645588,-0.5964312266343713,-0.3398708513000473,-1.0429321059225694,-0.012811699539905741,0.5741425198391248,-0.043581669474338613,0.8823124454447101,0.8496960335513806,-0.4510420292101699,0.8343020506262289,-0.15955085908389796,0.19611062007516816,-0.10177495684667617,0.7980430900782354,1.3501005966459174,-0.23332828137861555,-0.2913131981795748,-0.02470278824122113,-1.0657178868227029,-0.618814510343805,-1.0470680635307323,0.7051121325704882,-0.009432271639714468,-0.08586818347192082,-0.9253745608794001,-0.07716273651588273,-0.5194154696768407,-0.4756366858032015,-0.23926814835351987,1.8384455556511354,0.29936158980886457,-1.249463708109919
-1.496889473481425,-0.8917903437672761,0.05529585751460887,0.07384046064253177,-0.2271306571457763,-0.20205976851926122,-0.773944912543514,0.4198787326908484,1.061033207298686,0.8856830420557668,-0.055467487627109846,-0.7214111933865708,0.06300744760780955,-1.1108411753573646,0.3418423511983556,0.03829189010215456,0.35455471105656866,0.9260068088693421,0.4453001857028036,-0.8281499786695146,0.5202171204437854,-0.18511489433643247,0.7288228739902287,0.38119277234649007,0.6353752631574546,1.058088956902402,-0.7177091996008109,0.26133011598669487,-0.3131108413411547,-0.7639906017431306,-1.0469590041330317,-0.9509935273064313,0.8841691310445441,0.3832127834096314,-0.2812638396662134,-0.86934534157782,0.2059742157655201,-0.7130442556252773,-0.9855490615505957,-0.9176662921019646,2.470771579119917,0.7008381874457907,-1.0175189968664495
-1.7549433267395467,-0.48343557279068905,-0.1474036628724891,0.633266642925131,-0.28923112345725327,0.29335123382450523,-1.0227240775463753,1.2355107947321022,0.870848666285285,1.0538305385745914,-0.17120844073836267,-1.0993597914061422,0.32046891560043517,-1.0136814193626453,0.2332473436399196,-0.36078953574016076,0.7573248091727622,0.8175844874737032,0.31527593048323144,-0.8204661608068238,0.175840508047219,0.002309105456412691,0.8348517833958198,0.13759049082522934,0.4957110025644595,0.45082972743943683,-0.6971330408550933,0.8773672404979694,-0.4464559879027368,-0.6010771661619853,-1.4047252213540817,-0.541094296414427,0.945713768432021,0.2335813598376073,-0.009717351785266809,-0.3578153190946315,0.1784503268065462,-0.5709872922591579,-1.3184213000917606,-0.9664858196275312,2.19923902576748,0.679467905271387,-0.6107262533647958
-1.5882694725804491,-0.06381460622493618,-0.15910045994659214,0.7286009194871372,-0.6901500232579558,0.3734032321370099,-1.281913325289205,1.4337011392462498,0.4052982385611499,0.6276633341783574,0.05977291366427941,-1.0988039240719856,0.4484354471220703,-0.41655296063123676,0.07645725402480438,-0.7305941186960287,1.0328036543474421,0.29003371410008805,-0.33545361367014603,-0.8103768872346013,0.281483872323263,-0.11409990206182699,0.8411513200612809,0.028244027316657427,0.34615915504172395,0.08247366869068062,-0.8578514036951894,1.2284055313971118,-0.46595069070152983,-0.10117017347383055,-1.6194742076971604,-0.44635672845216223,0.708513986189012,-0.06324705472930534,0.504923017323253,-0.27298718648940334,0.09974465340239805,-0.260054624885526,-1.1973952641990584,-1.1426341024794964,2.0261194060280143,0.8589861669050579,-0.4501494371770844
-1.3990053402867777,0.03765381033842152,-0.3973543117283304,0.6862914771686651,-0.5142357784181713,0.3491571285172822,-1.168948466933303,1.8110208704422313,0.36495943714760537,0.49771376493389424,0.1989437265087733,-0.7988457151117856,0.20820396379207812,-0.22922622974261084,0.24868754549134578,-0.9402583490625291,0.701399349998605,0.20668892896492388,-0.6130628746650424,-0.886984853649198,-0.14542299903769215,-0.02519620836691628,0.548424845400048,-0.025676775534882706,0.2476701070655755,-0.16336357393955608,-1.0413224377206436,1.539870211441555,-0.17627593814491438,0.2940693250599793,-1.1720313659469355,-0.3092388305109971,0.3856270981842429,0.09320052030236736,0.5632051000677378,0.1894889996487103,0.0996861693492721,-0.26272679470721727,-1.221891521764285,-1.176053863911902,1.4488529776759158,0.8516950203273098,0.08772747406848505
-1.0054958348408636,0.25749939253225695,-0.6466717050621135,0.5955691759770114,-0.4595818504067505,0.25990389497456345,-1.22804663222782,2.025298307117436,-0.06716925566999138,0.28130491159089965,0.3416151001718938,-0.5238087243780929,0.1327839203850442,0.044971415498556655,0.22314369408287518,-1.2478682440652649,0.2611800773857619,-0.207417455431732,-0.6780428070753297,-0.7336423067359803,-0.36033900094762406,0.08689089229885519,0.4610305585009521,-0.0023462422774181146,-0.006012582986397744,-0.4690532334848906,-1.2295323529240794,1.392936844406078,-0.15892601294833186,0.6434596405009766,-1.1765513352878638,0.27063114848755326,0.2170496432037718,0.1601020169377772,0.4794208589730137,0.20885436105212857,0.36187566653554126,-0.14044949579164756,-1.4246796695273014,-1.0477178077322598,1.0096113138920604,0.8598824755976469,0.3478620544130171
-0.4936731561895664,0.4726194685250059,-0.3801296982711057,0.23814050375374932,-0.48738402004299075,0.567885042681316,-1.3926019369719678,1.9089138024661392,-0.2046394727275624,0.200472462673216,0.3523629014205175,-0.3724437006573862,-0.20108440544429187,0.13774361065177787,0.18923516485217703,-1.148417453183057,-0.17877617624089803,-0.3153740718168647,-1.0664625107685253,-0.7026785123740209,-0.5378205893372207,0.4389210720517983,0.006418911501283063,-0.3168613187653727,0.058659860983659926,-0.8266058208297621,-0.7077609789727092,1.4046982635826655,-0.06803700084557934,0.640049856147314,-0.8443756521417736,0.7062740766643885,0.09568994158759034,0.45604006554816134,0.6098157067249864,0.04146313603270685,0.3349281077998486,0.11793831586208053,-1.4636266317547522,-0.7080725491185904,0.4240824639265678,0.9438872087512593,0.7841351813489517
0.1808541932835417,0.6195449848189609,0.1680756734349724,-0.027635217415172907,-0.3927378255765616,1.124101613876072,-1.4019107070343173,1.6429969207100577,-0.32909684306785103,-0.09124468083151199,0.29476107573052235,-0.244025827663075,-0.25236773485607666,0.013903321038498728,-0.10476422723390312,-0.9808325114665016,-0.41205651494200823,-0.3951818160126408,-1.171313949334579,-0.6403787165097132,-0.9113075948079342,0.7521040023355445,-0.08704111883688923,-0.5043871436032759,-0.011749528149836333,-1.119073658853137,-0.30587458414921936,1.273088073429367,-0.2367515612282199,0.7837200188116864,-0.7113930039876785,0.9962191141842669,-0.007840533417151588,0.5737679571627854,0.4955397611252438,-0.1502561694075059,0.5266041205598728,-0.00887938568190845,-1.2635693099389256,-0.3848211553136925,-0.12090157517726519,0.9076849312317102,1.1045494040056294
0.7785049037993776,0.6986517644536681,0.49824406533493604,-0.21807324447427145,-0.0539058131242592,1.1613899923425517,-1.0415480303432074,1.4176467567706554,-0.7530315862932384,-0.48037581140410585,0.28680849875044695,-0.24501333372343548,-0.4355140686539495,-0.08515893521274161,0.23018729111187114,-1.005422012026049,-0.8252294915164217,-0.33860884422659177,-1.4933403922434159,-0.3481745686749489,-1.1409619228063,0.8912865435530828,-0.31830494668454734,-0.49499878329579494,-0.2429048187217421,-1.3500881833875813,0.07986952817384588,0.7550652494130201,-0.09309006179652524,0.37671938501223184,-0.5640957950562708,1.169044682254023,-0.6233249479493703,0.4405715380574222,0.6089322017863044,-0.3504752856269886,0.41627784349751507,-0.15659510683682412,-0.9471100258121861,-0.239120536325874,-0.5070587447685672,0.8765589498935896,1.4155467272638695
1.4502319068560843,0.5551643540675716,0.8410839341045475,-0.26252354134572764,0.285495571674673,0.9555866037369624,-0.7190505746276769,0.8916513465664625,-0.8941644748540238,-0.6137723850915386,-0.030030888624835272,-0.10168974751805905,-0.376427426312172,0.23259449299910412,0.22553014052565384,-0.7621786902705172,-1.134057133421136,-0.5691064028166521,-1.673297011917582,-0.5771857257792891,-1.0119614035453335,0.7726477079591709,-0.5477708048450038,-0.6086995297600822,-0.17897217358191894,-0.9016836512987063,0.12902471386605197,0.3435808904254242,-0.14205624011059192,0.4592295276572465,-0.5830952747008693,1.3131961178221674,-0.8137882588773071,0.15448420187595785,0.6180336396078846,-0.6357080496705485,0.2614158742901028,-0.2108493479492303,-0.4161824321637534,-0.09111569682864568,-1.1831514021392562,0.6442012695056084,1.2759803762851119
2.116773150807892,0.3077482259808366,1.214947206450409,-0.5910025827304212,0.4687564865463766,0.8533450705971655,-0.17166018162401558,0.3527528779581333,-1.124818539595163,-0.8594873856015527,-0.16702210057891098,-0.07235447636735845,-0.7325463578679849,0.22406315985753583,-0.06081953537025303,-0.4191357586248969,-1.2961343220497272,-0.7525354733318734,-1.4147741431895433,-0.5470422629683231,-0.9166226824632848,0.7482129000592622,-0.8733856901166696,-0.5745187161400485,-0.13752653223247302,-0.43402932010727713,0.10984782050983674,-0.23636856801783068,0.2550925115615187,0.15996537862477278,-0.4567461298481329,1.1929577888803997,-0.8357663919910417,0.07376539199530302,0.8405366357027031,-0.5025546874784435,0.13874011499621686,0.004473752864939326,-0.10057536044015791,0.5270606394668585,-1.7714559581071376,0.3282076780641282,1.1665677070096823
2.4165165158614,-0.24526677216032766,1.3824940435266873,-0.8274582683667553,0.6472116943892601,0.6911089048347514,0.03720338857716626,-0.16222588872511673,-1.0496207547112526,-0.7328285560409572,-0.35437435919499793,0.2020818868504239,-1.1420417334626036,0.5815763068067126,-0.33999650170232976,0.2056707798711661,-1.8189194804947109,-1.105180746594522,-1.085261948366838,-0.4257474781777538,-0.4428119427806862,0.5663528105552462,-1.0697674241654143,-0.9238509376001909,-0.05874880864236785,0.27664157080792806,-0.027816448901004376,-0.7250109871307828,0.6380162308633177,0.3587622869033933,-0.26086736511787767,0.9573399200074272,-0.4865940794786634,-0.002084724543447526,0.6535121250356817,-0.6550155717661481,0.009234930382325115,-0.13514521522559453,0.2505491261189735,1.094772267520879,-2.1912474406340534,0.12741866170039096,1.071563771923258
2.1880483033122973,-0.4414777067321299,1.3698400848820413,-0.9485876362937413,0.4996619808423284,0.42557279060208675,0.6068090445056389,-0.6916450564592433,-0.7021285183161039,-0.36378295169729036,-0.36153127335608604,0.3477892063068708,-0.9517473872997932,0.3258529342121372,-0.4252303687446953,0.40887167436084104,-1.6977201037041694,-0.660567000686959,-0.4995544930469409,-0.7660232985406781,-0.171026272738448,0.6654741627084422,-1.022810434500011,-0.8836637382427475,0.27306241934714676,1.1346148694647393,0.07559949423888523,-0.7773498460048,0.6774009093570503,0.06356133486363746,0.169130875055439,0.646504233636275,-0.44668251789556424,-0.01859607165501727,0.3280462860365317,-0.5310779908497152,-0.28089725061221776,-0.11366767925997001,0.4234991323509402,1.0950770573505078,-1.9486907661431954,-0.08739768937668968,0.8223915296973512
1.9783479211931658,-0.42670113576432267,1.5594859751619823,-0.8450840261127588,0.68089962042692,0.05815183145451522,0.7167001878572264,-1.2390901603273834,-0.6193835629353861,-0.01173702857198193,-0.8096883793920315,0.2764015845651473,-1.0167869952855664,0.29685771515598386,-0.4012384172443965,0.8244548835434216,-1.7730340807474914,-0.3518489341459696,0.20072707921551539,-0.533595392810363,0.4219696762951852,0.4656211181798564,-1.0074775632236397,-0.7975205172368642,0.3472661992831896,1.4353513582302961,0.1925326422927277,-1.1228109681914218,0.46720730873777,-0.2298455368991496,0.10385548752032017,0.6284289858436557,-0.1714706819045997,-0.17002705030937643,0.21346395569735896,-0.7898170189363458,-0.5302996037967436,-0.15993093858032204,0.6879676491604786,1.113574427622306,-1.8423397734173774,-0.3705946132744227,0.21989348534634906
1.6420524174743645,-0.6735885904050701,1.4407361114255095,-0.5553895079469824,0.987049295907051,-0.47227941453320454,0.6539004451245757,-1.843094474640437,-0.23470304304533904,0.6115564443631901,-1.0787884815460234,0.2456907835501211,-0.9525127474788357,0.16794090183451127,-0.16370207301528028,1.2382867944527312,-1.6768162470465926,0.776261536952059,0.6256029160243253,-0.6216000486686024,0.45514550163470263,0.5731179177170671,-0.7490279663272,-0.3453384071293252,0.4554682819385012,1.543402309565033,0.33551770680454285,-1.0094014784684773,0.6878704973107463,-0.21089984741968776,0.57108426066765,0.35944359441445445,0.13008179963241961,-0.005229727042847632,0.015175061507515436,-0.44969983408370495,-0.7355924629202943,-0.8157077110376105,0.8921951277186211,0.9691563595749918,-1.441139313423016,-0.4686426696071593,-0.12503576261872063
1.2340137241718803,-0.8885381515525682,1.6572727250547699,-0.67729370364499,0.8384059313493479,-0.630760488066098,0.5786831543361378,-1.8981970452217563,-0.014359194263018016,0.8898508254179068,-0.8132302939583733,-0.10276623692660937,-0.6654446644065206,0.033207547805540194,0.15141977764527836,1.0964700727666694,-1.6524854862197722,1.4300278443471777,0.7503700921068628,-0.7647866414956214,0.5040553993691818,0.4518017648322825,-0.6407855300674977,-0.32831438514820077,0.4131736242656956,1.5149114125055012,0.3912784960905811,-1.0406866774562262,0.45667288328525635,-0.5922325840774445,0.4827127818910679,0.26110690959913446,0.18579549783323407,-0.16662797401337986,-0.02448551023744691,-0.7329022256882022,-0.5567489145027683,-1.0947591734933007,1.076325236113636,0.9149389668415147,-0.9514549852505125,-0.49202916173430167,-0.6311330741587041
0.7371892064784819,-1.1224753822426514,1.711805015850897,-0.8934350800441301,0.3997842347178733,-0.13376365329543574,0.5673817995501848,-1.6051704480180542,0.5211617105037569,0.6213144560551789,-0.8286920315301292,-0.03249743884044442,-0.6315853511082773,-0.5461418555521489,0.04267722348535284,1.1985279289749986,-1.3667406253690768,1.224178687090574,1.0025345311583245,-0.5073511962681297,0.61845768624504,0.039205686126799075,-0.29267095732320714,-0.47333970518365776,0.24611407287533568,1.3113059724589418,0.43041293027520167,-1.2402017801041425,0.1045156110333781,-0.7469699582724646,0.13022781233076752,0.021750556806121403,0.2635829466672461,-0.05992702042644393,-0.5247135429279808,-1.208077090652777,-0.2178359818883535,-1.161309791257334,1.095396682505959,0.6030793836162942,-0.14163849174167675,-0.25164793875429914,-0.6544454640097898
0.10379550388316797,-1.3228378083961667,1.2609503288602977,-0.6199765000689987,0.16852378541677365,-0.3759465613672843,0.20021530527689785,-0.8393892234688118,0.7098188013911735,0.7716430640121106,-0.5231826810800241,0.006368724082655167,-0.4556546338011306,-0.6957406650246942,0.2447220512476349,0.9632887239912922,-1.0755229377811417,1.2665052841234923,1.0097098273378327,-0.49651324775088423,1.0248684513787016,-0.08672066767276376,-0.08516469698355855,-0.5119982120523514,0.05415978014910122,1.1569402467596206,0.23897755110428148,-1.1756289860429032,0.10587114791079327,-0.9545565286351865,0.03667579675570609,-0.3072207021538489,0.5170366755321641,-0.09248352030925822,-0.5003668516189882,-1.2474984295001563,-0.16348690384598058,-1.0700949425105202,0.8031763136416838,0.4144925093476416,0.5602339046653353,-0.03580706093994995,-0.9071107488484657
-0.6260148965301493,-1.0341621268920025,0.652521260127972,-0.06917429242927496,-0.40117208230613544,-0.44232136407138434,0.12586504998564185,-0.4255251646080177,0.7956148170203001,0.9881959256398428,-0.36341220229931825,-0.08367963364773107,0.05519121496665748,-0.9726871112999153,0.3160943152450656,0.6471183250682899,-0.3820232102044892,1.1547815348020878,1.5116424701675073,-0.5538954938790746,1.2899246284894157,0.18712933536851614,0.5705141803466315,-0.039082285748913925,0.33224353489095926,1.0029159950201623,-0.20061874116218542,-0.7366784927163542,-0.12109994571504082,-0.8937092450760067,-0.17618675816605797,-0.3598173171390467,0.7966333407610924,0.019208481518532106,-0.7888597901955567,-1.0834934818768738,-0.37051238990129026,-0.9501466093027968,0.3681235101058181,-0.31399742297912847,1.5261378971089519,-0.16631267912501632,-1.195384683549284
-1.128133455562922,-0.5599490735311414,0.378461107910568,0.1563596376214793,-0.5100079417298383,-0.6092357477594388,-0.6615029579278363,0.4893290919878642,0.8808829986498661,1.1562034847136988,0.11606963115357316,-0.36549653658060677,0.23436292746555562,-0.9931924515511021,0.294329906108302,0.37990514083845184,0.06075239129316208,1.643172644836838,1.4032882950012389,-0.6658860512097584,0.8845040323028039,-0.17019101596564212,0.9432776815477599,0.04521493038499125,-0.28739754212040247,0.5741734371146475,-0.30881263433418027,-0.3901995701417683,-0.46367859649139376,-0.6323215689534395,-0.4545047790491212,-0.5199811292131151,0.7944865203223299,0.0855787113038488,-0.6641675400774705,-1.0775570653575093,-0.2770949722538444,-1.147173112481118,-0.20456552469753425,-0.7133690348088331,2.147938105017176,0.09848729226530743,-1.1143509824942495
-2.002650784143481,-0.1391394857890199,-0.45368204316423394,0.2437428800995933,-1.1244783244387615,-0.29156683740741196,-1.0401234593508806,1.5127842715615503,0.9326275634840187,1.121709911746784,0.5639978422746368,-0.7456054560056743,0.13923006732362975,-0.6117776796276069,0.5481032665545156,0.05585652017102655,0.6292158219708643,1.2241320393302766,1.3920354685445033,-0.7728289973673501,1.1212060299562698,-0.22294465472809002,1.0873737497232299,0.33369010280605593,-0.12702984460804728,0.6575185601403877,-0.5876576750108548,0.4742970672410919,-0.28959243903244697,-0.619097170213608,-0.8716091598602853,-0.4765451858472084,0.9011680154239171,-0.03927873890429398,0.08949784903330452,-0.8704695192035533,-0.3087230611120574,-0.9995115225778823,-0.7577712726904422,-1.080504606074546,2.3929653837519917,0.09676973793412792,-0.9054530851063576
-2.1809435840197744,-0.10963839104562884,-0.5305586967816156,0.27403818678872804,-1.1426519970423181,-0.25387951683404997,-1.4562335765644239,1.9490287108383644,0.31717127004797807,0.9224456970278653,0.38227728154955226,-0.5117677577689237,0.5077873838798952,-0.5014349764990714,0.34208630417965497,-0.23521502971334063,1.0754537804755266,0.7422419149006716,0.6609146608086838,-0.5367227115311499,1.0178263817780144,-0.3685570806898239,0.7153502556337014,0.06344589781467563,0.16020959242810132,0.02722464029585199,-0.8186392079410166,1.1285552832029027,-0.048380320568012586,-0.339988857926937,-0.8105049428028102,-0.8194716763128089,0.9163972826035618,0.23706242213931097,0.5635175265834059,-0.6983001606541839,0.01875362467542467,-0.7443339894764271,-1.079700029681957,-1.3186341651360616,2.443991029648285,0.9764467621302094,-0.8281677176377006
-1.7608818318727064,0.29468226728045066,-1.1608667568956899,0.954945147103242,-0.7843386186293205,-0.15468446544592146,-1.57092075773273,2.3404324545095356,0.6296470605447297,1.1240922463444771,0.700705745862188,-0.7008148773321319,0.669465587256066,-0.05920929929289542,0.6133370050522899,-0.8818288285603719,1.1709317442688019,0.5799530689542013,0.1663917550221982,-1.031955932553034,0.1714208930399416,0.08384038679802044,1.1353871602776358,0.0898074783659385,-0.0015743933219035597,-0.21349112854180952,-1.0014772011449529,1.5171698588757243,-0.7185568168769716,0.33343252130135237,-1.0890779564245476,0.037921227942835464,0.698453641865739,0.2607469582557477,0.5560220313343651,-0.28091943512223816,-0.26163466710347294,-0.2635677904569216,-1.4182668479492693,-1.5090092061650133,2.0595715730831308,0.9888512927118692,-0.5214877444176309
-1.188823268935902,0.5746526950747061,-1.0680845050671897,0.7530689244619769,-0.8187995115434451,0.24717685523249944,-1.7223443690380478,2.654197371957004,0.09659033685753995,0.6067029476257458,0.9210100432566831,-0.8694343071482967,0.6902875700956503,0.258838350900934,0.5322772863345033,-1.3547985137924812,1.0775070987110038,0.3309421472646664,0.08012403152968138,-0.9740812817640631,-0.4170087062160182,0.5703174732155286,1.1460161494842174,0.08104755826136167,-0.08521078050559998,-0.7692595470815351,-1.0983369282196715,1.5572356789315753,-0.7172185692431983,0.6721264857494689,-1.1347896105134034,0.4882650070954993,0.5448662695425395,0.5030166060681653,0.9969746669372606,-0.2244075128416455,-0.22508588780557065,0.24351500514066665,-1.640588948550869,-1.1515727127310984,1.5778678646762916,1.107794639440093,-0.03595073489765831
-0.9850931079981244,0.8848499215337768,-1.117925691004328,0.651215641413848,0.04492291087277045,0.6905365299767079,-2.0570316722054716,2.890075189273508,0.12334647697846321,0.017203142235037217,1.0244293221186838,-0.7190939328018227,0.1491013930616703,0.4695247418241136,0.5103814981147862,-1.2738792849347877,0.6389966324174035,-0.3470691779694952,-0.5139985377246692,-0.7933923245652179,-0.8060617281894533,0.6989894712019423,0.663010169588136,-0.026671638153905636,0.018434503623640963,-0.9440344752786429,-0.609394829578862,1.5129457833879447,-0.9135653571545581,0.6703316252745983,-1.056075462394586,1.0244999576385803,-0.030362190219983543,0.40055475617193664,1.517167188876847,-0.37610036165294347,-0.027004747056129597,0.49939678054969067,-2.0660676860924134,-0.8632588604492624,0.8124907506176677,0.8057991092294553,0.27158297702596224
-0.2246387714077341,0.5617455948979838,-0.5766602093409172,0.21983953674379125,0.5407278991633724,0.9919128321412243,-1.877822138010588,2.113077544311909,-0.5243756454189996,-0.8608652490395117,0.5459697505133798,-0.7443054372514963,-0.27297302107346166,0.9975510634611899,0.26407486865940616,-1.241114876032018,-0.058839625576776744,-0.894885622718645,-1.0053271633608187,-0.6245320130951473,-1.0698372650846923,0.6896082371858269,0.1584440833738755,-0.2963876894635985,0.13218069623648307,-0.9073561147696574,-0.7317296765171496,1.036807596224178,-0.8133209788479638,0.7079827410867738,-0.9580979096956888,1.379012870437137,-0.40470615743147154,0.30815078412188,1.7301791286892434,-0.47540819643430154,0.2930544042770808,0.8876466682203781,-1.5760354016257383,-0.34007945142210394,0.11454750086630056,0.9340463590828804,0.5195301690603992
0.7590388325713253,0.13823996793175303,-0.2334829876754851,-0.2298637568822354,0.864337239279112,1.1967363788417449,-1.6405254955495088,1.6229636495109745,-0.48849275261369013,-0.771165373110805,0.563398290548431,-0.7259316246260227,-0.5026709790584146,0.9953948820648971,0.2455038899624238,-0.9205689857124866,-0.45917555154320744,-1.0219732297574244,-1.081499715808261,-0.7333911168238719,-1.3195313707502703,0.730264766515084,0.006320403265178978,-0.4748370041310471,0.16132212510201283,-0.5148940552390376,-0.42145820353216223,0.6576311981844469,-0.40173762355802006,0.8543930576871681,-0.9337454852470077,1.0650985376380828,-0.15952728813401248,0.33207081562243906,1.6503965291924574,-0.4434632669304873,0.33204939513135245,0.6440618431220795,-1.2564798592567996,0.32953646441659534,-0.7172843998224414,0.8242838162765317,0.7281156676903852
1.568015811841101,0.35161184427171155,0.39639039634084505,-0.6302260822548359,0.49973109224251766,1.273291849967983,-1.406477368814886,0.7756956282243913,-0.3814233958420431,-0.9012069119499386,0.44427358559094743,-0.9815037575790792,-0.8171872416413666,1.0865238513182638,-0.12505902643921574,-0.427266476654995,-0.7193974143714632,-1.0039457290002416,-0.8498676662117055,-0.6329888477667484,-1.3000702821989933,0.8889879153113254,-0.12853148915163226,-0.53966276897472,0.09952331859830106,-0.15270031282923147,0.0608005762029334,0.2801218064242349,-0.30140172679813415,0.697238627305981,-1.231159515483817,1.1251390496803908,0.0689845980558553,0.14841504570111208,1.6183050983538,-1.083977074189461,0.186355324023102,0.4515591925101408,-0.844631685698215,0.3993032014689538,-0.8233497468483663,0.6819582911702421,0.8222223835823561
1.5732869980993307,0.10741164317340818,0.7962111573434116,-0.9554885041137232,0.2405043026438668,1.1838319719272652,-1.0145441244178015,0.41914441297672106,-0.5867080617792128,-0.4239298577145165,0.45032163487735494,-0.930243499603732,-0.9420196218867123,0.7278302237242938,-0.17430046833482918,-0.3198031195303746,-1.3120127784109687,-0.9274455139200279,-0.7895965842796777,-0.9563735360457442,-0.7286644891655374,0.8987570025591707,-0.32001840604957243,-0.992625923766913,0.2026866932615901,0.6637951766895835,0.17722484343066588,-0.041260805547378765,-0.12154167011783082,0.1010718309550398,-1.1508462270833029,0.8214693868626389,0.005846328672205789,0.11423956133709427,1.4465744555234097,-1.214219675646939,0.14595479130712044,0.15430351113522034,-0.5642183895083954,0.33102787864392125,-0.8552972886890908,0.717538056096356,0.578307131871854
1.610622086411334,-0.21854920181973475,0.844393557317963,-0.8211641562615792,0.20383220431262045,0.544875516640647,-0.277238864814444,0.2982397751480332,-0.2992156229023132,-0.22400189711748744,0.23155655856310703,-0.34187310630828316,-1.1014719540905726,0.43033685785864323,-0.2366290483752236,-0.07709207886823544,-1.184309302684977,-1.0088019472158996,-1.0502324075482803,-0.919339262103881,-0.38740176827791784,0.5236038529976187,-0.6575718768982797,-0.7407752582833691,0.21104856938291103,1.0024212524645106,-0.41605072079930744,0.046829328582434715,0.5462557739918883,0.2611180038364199,-0.7583201460780777,0.676013263828834,0.0473162044803796,0.1606599714043771,0.9767280037981285,-0.7028721602944568,-0.03059954375577366,-0.10060769462790056,-0.41691319051479137,0.35587308918361493,-0.9014194564979061,0.580262753012259,0.5118801647127901
1.6371651694958824,0.27232173150453104,1.1233618561830043,-0.8125195573381155,-0.030426179643146402,0.40390248843834836,0.02296549970113522,0.1256713933253209,-0.25905716278674107,-0.05199013161175378,0.15388711475436362,-0.13880617562506886,-1.175049304660815,0.2344386868541382,-0.6763434477105357,-0.00759583249442472,-1.1863642787393858,-0.8554206402279374,-0.5552050948080463,-0.7444237610762167,0.07456953386591109,0.6547981590081953,-0.8412855467805292,-0.9444320794292251,0.2084600766799793,1.0882450798241052,-0.196329938908246,-0.06003667753674444,0.664552383927696,0.011002902649862215,-0.44240236985256404,0.4064139268712054,-0.04455497535899859,0.13448150522839594,0.7039442057225085,-0.42875588925232855,-0.45914690336812136,-0.2560653485459183,-0.18380319220165803,0.14577731049087325,-0.820377510331981,0.41613551896227796,0.4366949363243121
1.682612005660979,0.048648112856088284,1.1919876018238493,-0.6575555460521805,-0.03623740106947956,-0.10658761558915839,0.41258377614824493,0.12971024683361804,0.0633762360968792,0.33331483884740165,-0.0216306195765317,0.20047056140668812,-1.0919773975991418,-0.0345439932162685,-0.6311966030215106,0.2979479388617609,-1.0634225852291082,-0.6413223493733733,-0.2940261035815631,-0.9062594371651002,0.11195478901051682,0.4082246991978954,-0.8472356446195262,-1.0715273388206734,0.07647690454596559,1.1841053072712098,-0.27532900412989925,-0.06196323252901804,0.8371781001257,-0.009767821945158368,-0.1402144249588289,0.5481008892807604,0.09591261206116572,0.5500227316207806,0.41149443759600773,-0.48904397892895496,-0.5638668677978979,-0.23642441316868124,0.06986687957789564,0.25577186817576114,-0.7986075273388324,0.4589418993036869,0.34179386166664666
1.4390121789102497,-0.14732067138582902,1.2084562609744784,-0.6893028435807977,0.062172248221792126,-0.47903062151574477,0.5804076657672499,-0.008512038819468992,0.16580029891594372,0.45770370274098726,0.026999699695124696,0.3877267403743452,-1.1497412490158443,-0.20276223059780416,-0.4766130932899192,0.35906389581698506,-1.1097276983738402,-0.24346690922397457,-0.16072542181851732,-0.5952315978374502,0.1936794234297685,0.2052005096890807,-0.8258719689267128,-1.1709251159109961,-0.1608326644775212,1.078251501714079,-0.25759350087920047,-0.2449095538607528,0.5918129151055791,-0.05346271379350022,-0.09107700507486614,0.7386190359581041,-0.14199530581309147,0.4772083815983088,0.30887764586221467,-0.7046203489569497,-0.6702155347930945,-0.16338232451080925,0.13706973669742425,0.2368495292585021,-0.5971288650174259,0.3669880712996532,0.12728822854824762
1.394773704613212,-0.22410442435960312,1.3367858429431303,-0.7308538764492436,0.045307827571693216,-0.8379029526001303,0.5935614907501106,-0.044485009148600874,-0.010053143036996892,0.31148730862070784,-0.1358693762243851,0.31941281299048707,-0.6735341860603198,-0.36967449073826353,-0.27453755070770974,0.29620948321971935,-0.7966954297205662,0.12207302235956005,0.15491208090931463,-0.41868664710839076,0.3039907434668234,0.09945687162952256,-0.543531887047056,-0.899054116322672,-0.14599833633007595,0.5082640462634146,-0.06411728720130924,-0.3396594583071214,0.54196896381983,-0.35101004112139444,0.07472468214147507,0.8597802762674678,-0.2677705729127107,0.683099049773082,0.36133420061253685,-1.001473413340755,-0.5750171482027272,-0.10920830145053245,0.5123072862775419,-0.01664255617016358,-0.46090900701130083,0.49617462462981,-0.2832656552453361
1.2177550286074317,-0.4181457808776197,1.3489845836650107,-0.617966949769306,0.4998996952455252,-0.7556198981270729,0.8000468891357524,-0.2399320490827695,0.27397405514375217,0.40145851749783135,-0.35832105224653255,0.3930280443317715,-1.0382378205353817,-0.3790345219472875,0.1823380892254143,0.4993413349984533,-1.2069874558100921,0.35203865982810684,0.19787460150388736,-0.2398826386804829,0.39110747394549833,-0.012052233331671602,-0.7195065368758305,-0.9930690954279169,-0.2774967433210959,0.39243451633643345,0.10706511293803186,-0.6717615688997812,0.45122160872493455,-0.5406560845692657,0.3175988885891833,0.952295221358622,-0.4601251147251122,0.3444863415228179,0.165273310758623,-0.9746810547234632,-0.6633707541319036,-0.39734325674896176,0.7141008206040248,0.188387158925169,-0.848118658335445,0.3147229670057122,-0.3652196268736877
0.9579811835041409,-0.5700299976600984,1.4950250480681826,-0.6002953137489997,0.37812362262155264,-0.6328489257865502,1.349466924488792,-0.6939608573048631,0.1072082898420798,0.3444459664516153,-0.47115852547691733,0.4456009886956662,-0.8089809029519612,-0.7261175038741647,0.5481909131939667,0.6242369519396661,-1.36516076497147,0.5676708169269898,0.3092452495670279,-0.2899343603007546,0.4880738467863204,0.16877760173593068,-0.6330156988916436,-0.6789500600814704,0.034316812642335326,0.4908140895096718,0.20872237934352822,-1.0291813674982628,0.6058856506312724,-0.773191397429033,0.5569758339283009,0.7145044583098401,-0.6796919304978793,0.039301167829992295,-0.3063440071712514,-1.1816379711786364,-0.5919896212554814,-0.6449172095686186,1.369566224127105,0.2677259448452352,-0.8451923450382874,0.007883473833740218,-0.4753293963211066
0.5996724162484488,-1.0914895127586892,1.4766222174075039,-0.22314330796289442,0.7107898497555704,-0.7265851397668581,1.4975215526790502,-0.7458493468598588,0.09528775414291563,0.00857792095767258,-0.631667418087061,0.32473528102628163,-0.481609992795231,-0.8590348281362659,0.27411276001470297,0.8739298718433374,-0.9597952768582317,0.5340802683625112,0.770761489124891,-0.40085260622768887,0.6595395088325388,-0.21090902396497463,-0.387863821464539,-0.4667686172027051,-0.011906819806401264,0.9441878852797468,-0.1507830362060458,-1.3562138603326641,0.4113483789419861,-0.8946390853474535,0.4553944549432031,-0.021282874762757767,-0.9885738678588016,-0.29497735084358856,-0.1499070587281545,-0.9176121190828722,-0.7902148879753907,-0.621126157819928,1.4367748952110497,0.3620471694183982,-0.5948723596841997,-0.2318667430041235,-0.5520726449083722
0.12712749013205443,-1.2606293040836256,1.005519748162191,-0.13039634529133148,0.3701929047791882,-0.8667189380205824,1.2877747800626844,-0.7696717148137056,0.2895422079688841,0.3439060751464117,-0.4160117714412115,0.1746828577650449,-0.27813082672769185,-0.8950490599934956,0.37709363885365926,0.830664697890431,-0.6646248655023657,0.7157376870245737,1.0736600908729228,-0.29526535610033056,1.0122022177821233,-0.36058441771770433,-0.17339743788232867,-0.3568875631614548,0.011207237076071547,1.2189465845891954,-0.18615299086762818,-1.494949891650791,0.6003635328407073,-0.8749484956438469,0.024122183977048323,-0.806278959570677,-0.47825232099495285,-0.6562317434824896,-0.06294770004579457,-0.8180734685743712,-0.648350996943871,-0.7032588890651984,0.8951333617259696,0.40527125039751366,-0.1613071590294896,-0.19642400266327853,-0.8211579004901068
-0.8613425598791762,-0.9817016680448694,0.2659989009065605,-0.02590225321900544,-0.1767400176222943,-1.194043459711735,0.7732197452596041,-0.599375398590241,0.16967613658088132,0.9749837333567284,-0.0823514346287658,-0.008708445862341041,0.26406350088621416,-0.9099941406966675,0.4211829716140298,0.6466540492888883,-0.23992234798313503,1.043209405098666,1.3958273774942722,-0.350424422028199,1.3117261166080583,-0.2812496155570593,0.046117002900060405,0.1354928049445272,0.23857559813190657,1.4108951431487744,-0.33934378871753973,-0.8076896200210653,0.8471126030862174,-0.7742332735932276,-0.11134738383390186,-1.4708271450965924,0.007050780673223678,-0.7210678766041181,0.1673110768758148,-0.6845043150842949,-0.5109537751956523,-1.1516471261120593,0.26582471728532164,-0.12608362123156708,0.8118534793041833,0.10164960626433253,-1.1559035008467766
-1.3393267189575082,-0.5524525358431089,0.2647087779243331,0.12177306399586917,-0.7027960920062681,-0.6233199657919695,0.20749922004743304,0.6215850731028135,0.5712890015331746,1.0007652679501664,0.27528231934812997,-0.5093215415931562,0.3586499990877863,-1.2626568205225819,0.28212352214344827,0.25573848690242906,0.5041486817522441,1.1834949765691838,1.3627952827017156,-0.8477743791441255,1.1923102225350042,-0.22192703033110356,0.5464290875869366,0.4839952236053576,-0.02246123761632504,1.2006880859130789,-0.7001703083176676,-0.2908450018040073,0.5721649068333536,-0.7466166456993873,-0.5903755263972014,-1.5084712327272256,0.40244960651536793,-0.6803061077445467,0.34649166520386043,-0.5744660672353958,-0.464824010515169,-1.4961776408736416,-0.3843992295590142,-0.7454574469187154,1.5044555956010974,0.2162373727259467,-1.0512753873306295
-1.7485175516767484,-0.027613591137308213,-0.048729124616574235,0.5340669847075997,-0.966171679412734,-0.2731453694616385,-0.5205206286361644,1.2479800454257561,0.515504486465845,0.9383790280009534,0.18039311884776446,-0.8677071324190815,0.1803485469376652,-1.0005366863528868,0.17638536575398958,-0.3657158175398344,0.5719346452178692,0.7794771125328355,0.5843509207162895,-0.6523938841551586,1.0228509960223084,-0.37608612730076346,0.6723911671453827,0.24758269749795858,-0.2033009083925274,0.5772614959896638,-0.886925448908874,0.5250496813311147,0.36571735083141554,-0.6389619638530847,-1.0286900285099023,-1.1600788388823813,0.3554804530697458,-0.4823896612858225,0.1602855931636762,-0.2702134402780668,-0.24179605801334061,-1.3827726611051965,-0.7760740443097335,-1.3158485268608318,1.9499444717601948,0.45613832177440317,-0.6722731521571715
-1.6146550340586916,0.3811024677984279,-0.247713395117232,0.5278071986173588,-1.3872853212612433,-0.2757768317388499,-1.0831925189842897,2.1425918212419863,0.1897910593341124,0.9075692994526519,0.3332452927584963,-0.6096192341403625,0.3376279650992826,-0.8128462203824223,-0.02649627700719756,-0.9231538305694342,0.48622601272321286,0.7811605397068015,0.132287513163164,-1.102972289720109,0.6094946588796751,-0.1460299369058904,0.5652739298785937,0.36258397460175235,-0.40355652061619923,0.22091228987365322,-1.3469691938461985,1.0330826475736288,0.43406428134477004,-0.16563705355352124,-0.8312518688361715,-0.39121019422520514,0.746412416559942,-0.044427735277489194,0.013645623678618435,0.054724456208603514,0.2307474658292098,-1.117673892674896,-1.5596516871062311,-1.4138335413446559,2.0490965017279397,0.33986698076683275,-0.05258594264331705
-1.4329795160333254,0.7182180970506684,-0.6584238962284799,0.6040366029728869,-1.2974407581831693,0.04670522917775713,-1.648575627362673,2.7721071767444596,-0.12848185888172128,0.5690856448712766,0.4253401195110948,-0.4778881349035044,0.1348520433989434,-0.4259667941679483,-0.029162902581325395,-0.9073396777388612,0.6596354292280715,0.12564191960129034,-0.217593191048543,-0.5835211340530118,0.47025442453513583,-0.2339217400679307,0.7872827418009739,0.2950105869929051,-0.7461615969904836,-0.4755336658544821,-1.2606756739855458,1.3331560746553466,0.22066959835955333,0.3696544756291253,-1.2845470338498852,0.04534980423700836,0.5861084487065418,0.2207152180536188,0.39419847953730974,-0.0539738121353745,0.13647803121758212,-1.1323528800482054,-1.6880552750978046,-1.4379806067623875,1.7373728219520306,0.6588693252925815,0.40581228673314473
-1.029801059167322,0.9416762827975848,-0.6561452532838614,0.47668021587831094,-1.0636201665478862,0.4051349176759015,-1.7526847194146382,2.9280156228100105,-0.36652353113659397,0.32242584048264716,0.4178063308448915,-0.5637219049627454,-0.06329663758645897,-0.18773516016837938,0.12332533982724389,-1.0693168132157784,0.556079524895466,-0.2317256082928332,-0.8379210037264733,-0.49629416085927963,-0.022758784151834466,-0.07214183933670427,0.5323933005981836,0.2430030080999799,-0.5466916985221648,-0.8662409587074721,-1.1308772668380598,1.5585588491171039,0.15802871407566638,0.48384712697933085,-1.2647589728309228,0.49770774340461177,0.33167852783651375,0.38778926124652296,0.677593076372428,-0.001159666943966825,0.23137873205954151,-0.7997607657619609,-1.7169607956318544,-1.3041907105154429,1.131582842504994,0.7398738919337728,0.7726367678735613
-0.324169547691833,1.030462938969381,-0.4349745408397918,0.2667107599487896,-1.1223114994368775,0.5934183777318547,-1.9157351616193308,2.657851917924402,-0.8399181869483732,0.06309917300929395,0.30067036938472935,-0.40053952715005137,0.025569455539482595,0.11048898241280747,0.007342631698056629,-1.2336325306091742,0.18222393683147234,-0.4779955646410987,-1.418421119560899,-0.48665329442633,-0.24478304294445186,0.21605443688750398,0.17136348884743002,-0.23739746957068342,-0.5485689316173814,-1.1253729185205992,-0.8151884133106978,1.444430294403634,0.07448795041632411,0.5552345050748665,-1.2361307740721512,0.9108644417945586,0.1129383748989295,0.5701698554313049,0.8070401445413461,-0.11430149141891716,0.3697519141468454,-0.3314966919656066,-1.6750485172365746,-0.9872201718152678,0.6782152490190668,0.9313922173433605,1.1553966318558393
0.0885334157052532,1.2066776801229646,-0.2675323064362014,-0.15161917031197975,-0.8949831999124993,0.7665164859467115,-1.7099317468466402,2.374382339312731,-0.9779378643771026,-0.12859493056737276,0.228581637229839,-0.2498465955787521,-0.5004114353434835,0.2660764639372962,0.04649056466863852,-1.1674947846997503,-0.7642339768061914,-0.6264425196897611,-1.366385001832743,-0.27248262623464903,-0.36477226709300775,0.41338099190489735,-0.3032191067649704,-0.16278051120545162,-0.6610588433587987,-1.1372673711341814,-0.43412195112492674,1.1308946072858488,0.11146657691302793,0.5059600788197528,-0.8712717935323764,1.53349999389396,-0.09795865835032555,0.19838639652854312,0.8384269664449577,-0.4890003790293346,0.3783368045755344,-0.429865578541449,-1.8055617830234958,-0.7840125411037631,-0.17761774472135328,0.5588343387996643,1.506283035866753
0.7674975326987002,1.1735051988059162,0.05774598999227892,-0.3913668053757927,-1.0540534248149138,0.8744482616494603,-1.4045877180236106,1.8734030222415945,-1.3742610144546896,-0.45753738889071943,0.2099533015888415,0.0709335800117403,-0.524647553183803,0.35722909296320093,-0.07504262402564459,-0.9772385919613399,-1.077028525757809,-0.8585662181835135,-1.7788409465934254,-0.4111806433951543,-0.40376078481130806,0.5229986273755678,-0.6762997578098165,-0.41464993379766757,-0.5924827813591238,-1.1836900508731825,-0.3659845788545757,0.9022924730130724,0.46500448544778983,0.4998550387109918,-0.520850553266801,1.3817516069424902,-0.44058740767624704,0.27838617389106446,0.48531223574552057,-0.2259876583718545,0.6239150016291521,-0.5360373708297483,-1.0038617078881162,-0.4480539109141659,-0.7290367696311028,0.6347420362073447,1.7360280116772404
1.1164166968188258,0.9609014696229925,0.2760045179100008,-0.496030669215177,-1.07600970826694,0.7504676473093604,-0.9469181759950701,1.6014634511575767,-1.8074537615827173,-0.2679096431459313,0.018563261939558706,0.552094867861326,-0.6234162351389458,0.5636493921344048,0.0007840802422140435,-0.8038659910171493,-1.7599681885299447,-0.9386601522460025,-1.5552314289878297,-0.5203616740962265,-0.05325820075023467,0.6957137911946278,-0.8139834779333418,-0.3803231727746612,-0.5415334280664685,-1.0858616969525263,-0.4604958392215758,0.46288180739386275,0.6721579071464809,0.5798199551009613,-0.0999931588117122,1.67090061945572,-0.46251120794317224,0.32343297169711543,-0.005943575565299564,-0.26173937723023655,0.5847646993163745,-0.7550200281549858,-0.5823027259709133,-0.12014298721777436,-1.2931820693229383,0.44508564707187087,1.8313270594574818
1.4938921252106043,0.8093330066292751,0.47593084958961407,-0.4194728492658961,-0.6434447779039066,0.564298919388466,-0.4730951956623893,1.2667035308057115,-1.898393124253632,-0.28991392253117704,-0.3009972597389336,0.7978432395135603,-0.42430382339903977,0.4283344697408902,-0.10344887542524664,-0.37733911595684616,-1.7340451014119296,-0.7207381475705004,-0.9276417052100023,-0.28960274782417433,0.058714951982154734,0.5983497741752816,-0.7361327252450398,-0.496231643957514,-0.6330977366415996,-0.8433968681474256,-0.18356914318010073,0.1292307074204867,0.5096873111941459,0.4220665881235521,0.31171732616453307,1.710875919477567,-0.5912437600919948,0.4394820226064543,-0.2862854249772005,-0.10885557365808612,0.3437001538106899,-0.7827765368099344,0.024151504907227977,0.2820711412191567,-1.9237868938093188,-0.03391523243805479,1.6965398910054357
1.6894890056224767,0.6511575308903891,0.8310063748528792,-0.3988427500010252,-0.2910874764359603,0.4242880720978844,-0.2376088200017475,0.42623640492258585,-1.8115979714155457,-0.3235874383338391,-0.9033932754363813,1.1243376848436093,-0.4145682452113592,0.5670628402957478,-0.09777665700133034,0.17460684255971826,-1.8284557160814223,-0.5701354272728502,-0.4129431064028589,-0.15124544312264798,0.35667994488710275,0.5798175863423454,-0.7550717242268861,-0.39429527254313856,-0.46563435406005155,-0.6141870657096999,0.015326815972307645,-0.3615126505095387,0.2684909520930681,0.172529643301642,0.8832978613895419,2.03540267037799,-0.4668152363457236,0.6082985469166886,-0.4196242693503235,-0.32874298851699046,-0.06267181229495918,-0.4255910687366693,0.4710240355125934,0.8386531041901933,-2.3089876282137407,-0.4897676577795317,1.3481676755518912
1.698967125757958,0.35085224244859137,0.8773246416593188,-0.19888401804545422,0.6382545912204194,0.2126902469940372,-0.012169346804898895,-0.26241252235718066,-1.9678362257229525,-0.49478885030524367,-1.5324546648819497,1.4501695842404965,-0.42921681945892787,0.7228296508791097,-0.30231166229530454,0.8538876513666102,-1.6186600553356987,-0.3904556050297634,0.2820148278677863,0.2152711183273646,0.7212401345825971,0.37670882660092814,-0.45311675740158924,0.22052789071324713,-0.24567840316554201,0.022879601445977615,-0.06311192643641278,-0.888464290005993,-0.010135521858560204,0.031476895152349846,1.3061714395707222,2.0724990038523075,-0.3675021512067117,0.8769980088532653,-0.88106227946626,-0.0528719279847743,-0.41535391648929715,-0.21363069183577305,1.0518325347652824,1.183748569100716,-2.1497730426236514,-1.4218027619093507,0.9044312093843713
1.4932563271502894,-0.22997042046899452,0.6768264945330753,-0.04503097903724462,0.7663284457933115,-0.548971348816462,-0.03137741473799921,-1.010633607102107,-2.1968544446537126,-0.2238177534469229,-1.6388851351378513,0.9858293413309758,-0.012174129015815351,1.3539454375473072,-0.37934530486765206,1.10839073980963,-1.5924327606537745,-0.04743071057728032,1.1116863636226713,-0.3099397851051423,1.0136349911247868,-0.002652568612433015,-0.03158870273953468,0.4171296300187712,-0.039288321353246336,0.800152822211049,-0.4847466601348421,-1.336957183401306,-0.09114056341453478,0.2060607957404631,1.0835713362798947,1.4522545414535124,0.036206280784941314,0.18069166388157498,-0.7493007554494935,-0.10261544391242072,-0.41944852199553395,-0.43804324047447846,1.477823958354007,1.5545684619854283,-1.968008108609322,-1.7826752083487158,0.11810034234131295
0.5795699421961886,-0.7667837735868952,0.4913777533096552,-0.08255670437009627,1.0492821760557611,-0.4152013856013622,0.22219587301802088,-1.1224791114990342,-1.2320862184716361,-0.14344223410800666,-1.9035305339920314,1.00474031406192,-0.036988865827027095,0.7348743518678307,-0.014515981960893154,1.2805944049399354,-1.388312741988826,0.09980855265434962,1.6754225066428075,-0.23036141724786036,1.098754554508997,-0.008803981996623217,0.1838600660018506,0.532664418787068,0.36354154482366413,1.219710158242725,-0.5704222781218998,-1.4961467033099227,-0.5542192029799348,-0.32360253276341666,1.4239803617526627,1.213913391902463,0.1069717375270913,0.5053263416374936,-0.9027428674792833,-0.49672687071369914,-0.6381337675102718,0.16406632505426255,1.330477635302051,1.376137935447441,-1.0747737349610618,-1.6863097796435138,-0.08567594742397144
0.6782806878746198,-0.864275558037354,0.6109075311511903,0.05231176356322251,1.4718291798730077,-0.7236859463079834,0.019610518142523903,-1.2024424914626162,-0.4957073834792458,0.01839308221669391,-1.8986642727800687,0.5070106092488436,0.2491250909922251,0.5851376518759305,0.03826246779612753,1.2176095903549895,-0.7179839767943486,0.5833776573763435,1.8974220029819897,-0.4417376574949661,0.7471363349431046,-0.26834547706128553,0.6097931111421587,0.5005612541135432,0.36906031851356635,1.3561010240076825,-0.26330097688139614,-1.4343002507885831,-0.9233880280669181,-0.43894243991266224,0.8145917580586267,1.1553415034138566,0.5077940246131133,0.5619547200068287,-0.8850849481189902,-0.7895533024107262,-0.5188382426742195,0.2870131235763211,1.1605424431076723,1.073085576595008,-0.4940309991936667,-1.5091116977607324,-0.7742884009591023
-0.24063233072386514,-1.0859122363419254,0.48296529290204354,-0.11787160393584664,1.3437745649207504,-0.2524121137498099,-0.38830423952962456,-1.1101480751276611,-0.1935281908649974,0.14362458666351754,-1.4080685217491278,0.08189859809386932,0.10184496826445316,0.3560851572381835,0.044373032373276555,1.191710749138036,-0.6006536290441089,0.6677797176780735,2.26178744722338,-0.2639553217108682,0.9713886380599777,0.028289426669106485,0.7771824623161305,0.36485488186428405,0.6721353599183209,1.3335371332436048,-0.06419582870839295,-1.3648513605592076,-1.31755001048279,-0.6392967157436897,0.4198280058625541,0.8933227998236373,0.840980384440968,0.15430824352655137,-0.39256653586890844,-1.031263692126784,-0.3250380165706782,0.40991723022595405,0.5688476365834905,1.0679875991824892,0.06476786382890676,-1.5453089132774878,-1.352063157911613
-0.5452383913101757,-1.185052600188473,0.10830057157553576,-0.17969944553092748,1.1445870364269979,0.039482673658965045,-0.6253750577218252,-0.8453584004286399,0.3079640717700966,0.1292164771021307,-0.9127370322227804,-0.4937669996807574,0.0952697901638126,0.26230756603881306,0.34626682435871686,1.1072708116445895,-0.18924952979274687,0.6421726169878542,1.8949982035783295,-0.4473944846029693,0.5012442097142906,-0.03758969471386596,0.9132757430230984,0.331304251326229,0.7714749489459141,1.377182717872564,-0.08297726005962988,-0.887817824168851,-1.1693495288212006,-0.5977929944420204,0.01695260329118614,0.3386555152460536,0.7943765493723124,0.16214856569967795,-0.15103555212121955,-1.1092571101465074,-0.15318354703424988,0.12317739121663407,0.45302088738372853,0.7558816181176526,0.6248054733148556,-0.9954770075609676,-1.3278075228364463
-0.38968517356666194,-1.2395563253347928,-0.053055631615377796,-0.5127339143887955,0.8479393297854043,0.20285021065134953,-1.2834311695204885,-0.33623379773003237,0.7257890177090432,0.11208188743764486,-0.29744951477109355,-0.7668940145378362,-0.1874521249298678,0.653900224004214,0.679615005023942,0.8671706694487535,-0.28497847798486786,0.9355871899524875,1.9007628641986605,-0.6403316910014547,0.35999894733810656,-0.07479410205451036,0.9826274891357093,0.18742626224954556,0.40245800319043495,1.2683243943904146,-0.10550139816990023,-0.8260314859147597,-1.0473505749495415,-0.36438264232401907,-0.08749863233090607,0.24361837278999465,1.129053113824937,0.3535150669979782,0.271856982531419,-1.5217566618714156,-0.06500903850538686,-0.08062614228316589,0.14625849406564773,0.6730731384876963,0.9483879071057577,-0.4202367864171679,-1.3080477627154024
-0.8024136820822347,-0.8582387570519867,0.0550420124564604,-0.5089515840919097,0.5360535342178889,0.49876241166632607,-1.9158237840240802,0.08459540666160387,0.5574156325443365,0.09692801912260599,0.32508430950864514,-0.8349177027557841,0.07707150659548487,0.31056566456562673,0.740916378430652,0.47667405413723973,-0.3350131097781993,1.1222373911517165,2.023089230448827,-0.5810749433359919,0.7142802607018613,0.0903924408465786,1.1460750757236844,0.18613595223239382,0.3369893688003646,0.9349976980211768,0.05342595465952362,-0.4533254394297245,-1.0211747635593058,-0.8495460303749607,-0.18496389849943853,-0.09762094703735258,1.4442693548064955,0.42983744967186877,0.29925602975686527,-1.5904027835441488,0.26036700995982187,-0.5780911916265361,-0.28161494862556435,0.12088163046185574,1.7274860232375724,-0.15628273079600508,-1.4689289709015734
-1.4068492502258771,-0.6640416207742866,-0.09436459900215921,-0.005034529461653142,0.5086936597543062,0.810421919616807,-1.68685565877338,1.0501418575265489,0.597322760441835,-0.07016653111368742,-0.0627963515478764,-1.1947780308743274,0.04990166179078323,-0.45343716263043093,1.3049557197089268,0.3475810096056886,0.08049849854852642,1.5042559326610379,1.0058675050261237,-0.2251075394697274,0.14939461769626258,0.04458076286666293,0.9331561818809938,0.803124764369642,0.10981802575047106,-0.22411776754221585,0.1291848307709084,-0.45853362109475637,-0.8056046538893167,-0.8166331603051719,-0.5059777055522364,-0.09409905120920259,0.9462357420080966,-0.09933427972971079,0.3222341805091594,-1.6178271677265186,0.4256647413008472,-0.9680536440838772,-0.7626878949654983,0.2350468013138609,1.5439057997897443,-0.11407871997907787,-0.631277156340648
-1.4627140090132544,-0.532064144929072,0.08604134799435591,0.4617676297300435,0.27140835560177645,0.9448567055173623,-1.4363060318385812,0.9837415357064874,0.04293775848428122,-0.2816171262343718,-0.5289277777304409,-1.180239933678332,0.3217203254621229,-0.4770279539765737,1.1586533998246327,-0.05629390772973547,0.2563550553392282,0.9968035881779174,0.12806885103778887,-0.22584630438221842,0.23684093684155635,-0.17692458973934172,0.6835261018560872,0.8144993553427771,0.2792517270035539,-0.5863917932152788,-0.20454177115384525,-0.21977432562652455,-0.393627606394779,-0.7843193824964463,-0.7194953023770054,-0.5909771115840416,0.41134117798461134,-0.49055283953456486,0.2803682787600308,-0.9033051441539055,0.4720588975612519,-0.8597892219463296,-0.544768721808284,0.0043492111049529825,1.2049480285172756,-0.10897846041296697,-0.26729560304304995
-1.241089880270723,-0.5012702090526895,0.16959512866219575,0.6791351547827538,0.3585962765201621,0.8293881778979879,-1.3755657675715423,0.809746349230867,-0.3071224260053882,-0.23201235069493908,-0.6755903381458167,-0.9361492228153566,0.49307438583058394,-0.2733882845024261,0.8909863896877745,-0.02562575988988547,0.22051864533255422,0.6610115239606043,-0.19954894804612539,-0.3148918606241764,0.5175079584178685,-0.1717371824034185,0.4124984203750969,0.805567559790642,0.3158053671527051,-0.41496984874124176,-0.34896494410264756,-0.11842446424506353,-0.2700249200249948,-0.6701393641117684,-0.8475569526606552,-0.6791018518945142,0.6511475105525814,-0.6586286863995084,0.37727868010840104,-0.5141715818582262,0.3575102169739503,-0.886003620902694,-0.6524809417109048,0.12778202623488438,0.7565858135343142,-0.012735647505827959,-0.18580600110264697
-1.1493217909544486,-0.6531040714849868,0.05139670222498556,0.5572321460307967,0.5908826615328296,0.7608807822458259,-0.8493975421597226,0.7863460344759469,-0.6576547494635238,-0.23333833484798555,-1.00885785734162,-0.840057212355128,0.360749771386803,-0.38115244318342956,0.805498768393643,-0.1278882857684453,0.11822966584241221,0.24520710806907958,-0.36430951929554917,-0.29028067376588507,0.15453405370286336,-0.039759397793921555,0.2438921915282773,1.104330515250634,0.7252876783222252,0.004234583241442241,-0.9086159192958977,0.04977135900797075,0.0597920438315728,-0.47255665252647167,-0.9658892669186017,-0.76512675486729,0.42860577647711423,-0.5555440986216444,0.34980526716209837,-0.2023318694174303,0.47981355540897375,-0.8272867106197547,-0.9272503693324712,0.10375348142709195,0.4629793181355416,-0.17493148481399573,0.0807897113360455
-0.8332101320151777,-0.5322491645226617,0.36798908820402887,0.6434096099312394,0.9647820860982979,0.9075244257753305,-0.7158178134522726,0.2329532241151433,-0.4212386337976361,-0.3012089887885328,-1.4859822457754548,-0.8936975695798638,0.12168753296804587,-0.3680327847833755,0.4943302095365437,0.012657676535248227,0.3214501001600953,0.2933488663460039,-0.5711116457744583,-0.5278306302360438,-0.04327807496186038,0.015425998735764168,0.27820222725747895,1.1244415490426332,0.7759025291344499,0.4171805061690864,-0.5902874220371783,0.14709686481756054,-0.27852513520893507,-0.34226089488857214,-1.1026377081635912,-0.6038861953370178,0.39383301997327075,-0.4483476817150218,0.45623052447703827,0.2087380776785873,0.2309865699226597,-0.5742216223292166,-0.7962029843673823,0.21169023599145897,0.010329739695327508,-0.34332002177012144,0.2183604345678939
-0.5810819275298709,-0.5494028575752169,0.46342615364100836,0.5382092441191902,1.1128440668382586,0.651158759924374,-0.5643385454850185,-0.305299032984212,-0.2962676592870132,-0.05295341306623745,-1.643168078950725,-0.8079985078320563,-0.09448084413656357,-0.0181823347930231,0.3477972998820046,0.21017138319155673,0.08673921385304988,0.17785216254237013,-0.8066648283781667,-0.8341272310210961,-0.1421060480984462,0.07302964436309226,0.13822641611824588,1.0965974590079561,1.0977175116443538,0.9729647600779312,-0.7975083877429727,0.24309875680317378,-0.25992356604218236,-0.056097194150737134,-1.0878590155990973,-0.5455320942246766,0.5741826002730184,-0.551655181302295,0.2174964898091668,0.17562646660043751,0.11464780828833875,-0.5307730735991063,-0.6869351628905097,0.017232518111703225,0.025650470961566918,-0.4253109018932494,0.214483770224037
-0.41823902036479393,-0.5146620363394986,0.31667932520392206,0.4596236669676408,1.1452958979291061,0.5382884006413695,-0.7986431799610114,-0.37859212486768956,-0.45196822296525807,0.2581222243847352,-1.3059378396538253,-1.008394053091247,0.015763780938973626,0.11839350348865937,-0.008019049895669553,0.17210477696858545,0.057495614666287775,0.3269382491744029,-0.7036351270170215,-0.903520097693633,-0.26566685971372267,0.025820740832977834,0.25093526804182387,0.9521411932609374,0.9413559203814843,1.3190343595339602,-0.6982816862832771,0.26150525630999655,-0.17054549665007795,0.13513450784688785,-1.3533771915194084,-0.7404496514880895,0.4664509195275073,-0.48746523646740664,0.42119624748861817,0.36018327189021,0.21014320485522642,-0.8321370507416652,-0.6790309850107245,0.1768016765968156,-0.06467732561793435,-0.22947437082482086,0.1589654461781564
-0.33147905504490915,-0.5560280505703582,0.484639172726117,0.10564217484124833,0.49160701320913625,0.5060061583684039,-0.6451279944170375,-0.12804380959149902,-0.08877737252626135,0.26996234943352393,-1.0367991320572638,-0.9090327795823431,-0.21722788738965546,-0.02483377574159029,-0.12873768887732517,0.1330694146860942,0.021430847604201886,0.16484601781487995,-0.521895291891294,-0.9000161106972226,0.04448658703883992,0.06583866651308223,0.07234922896738034,0.39915828094250183,0.8600114309206472,1.2294917002408652,-0.7375590987044693,0.5284290030160675,0.1299536050854964,0.053766953315219274,-1.067812855726906,-0.5205376418356235,0.8230086467162103,-0.2749153438430613,0.46128185332901706,0.16994778414957432,0.03637304010257772,-0.5523571339457288,-0.6798322296322729,-0.028160412122723008,0.22067714177335984,0.10077896565655517,0.1899445066568758
-0.19567161046201004,-0.21155809119868582,0.7220026016466171,-0.09525822201864179,0.2834779922604464,0.6003436589776723,-0.7089664380869076,0.02816514959828899,-0.040829821728016996,0.32437312892631487,-0.7673366836247939,-0.747100472316749,-0.30610525549828005,-0.1982338479359722,-0.2195186789550494,0.028572236073817717,-0.09456576315227419,0.18634907038044762,-0.5560417032062022,-0.8162738595020967,0.0488873380532946,0.09805889131712728,0.0029516532702429377,0.30424164322954006,0.6663083359809243,1.1487038496313555,-0.6493863531265535,0.5455866477468102,0.14391992222018515,-0.01678425342179267,-1.0394123347307918,-0.3285290914292324,0.6839673707101876,-0.101351812809094,0.42594731773445843,0.03030933224434247,-0.0037685452408452724,-0.6881881431545913,-0.8051319908026764,-0.18648625621960746,0.43386647595681194,0.17382804942840596,0.26535241916262464
-0.16099407528277884,-0.0687073344755045,0.7633185699284168,-0.48714222468243296,0.0361181894211136,0.6290993853699873,-0.8695527037914761,0.2967709376664996,-0.28977903920896375,0.2976191257109575,-0.6008757246812454,-0.6770085450266055,-0.31551046055379167,-0.476654672232049,-0.3089066339422593,-0.02983198192904913,-0.4340432599652125,0.18711929376329633,-0.6378204557275376,-0.527539656687672,-0.0684534814105838,0.1122832576941472,-0.13176658076037145,0.2019775072000049,0.39359238348146014,0.7748819468235045,-0.45400620081679,0.5818566690978012,0.16254931521575888,-0.18977447796264932,-0.9624585943431248,-0.24013350983856346,0.5002402323010019,0.21880343320180784,0.4320433982629817,-0.33868187583476,0.2783234415167253,-0.9499768938513298,-0.9182282081214456,-0.30424214861931853,0.45636255936028564,0.36703012634949805,0.5358263835475396
0.1610212868368481,0.08346877121581575,1.044083988247811,-0.42184806088944854,-0.12365410994990039,0.6090869204693925,-0.9937365788878818,0.24283572458569563,-0.2039914852758764,0.040602508970901,-0.8088891307264024,-0.6836711327791823,-0.6571351606537504,-0.11855017585385245,-0.6169675054825208,0.02969104667676218,-0.3472590225275211,-0.22366199805966902,-0.976917713472189,-0.58646926683319,0.2371712287395234,-0.014554764003273508,-0.23544340175325648,-0.06628404956237365,0.269182399354363,0.9295462505100691,-0.4358314337825271,0.6385936510928415,0.20501924284512543,-0.24844730373057677,-1.0103582273611045,0.37692760620721544,0.6096226544379262,0.02096288339729338,0.47812993590957875,-0.44776356797436784,0.06787700701566353,-0.7611757043358734,-0.8301177933111314,-0.4908435447049306,0.42966377836362163,0.1290957167601965,0.39588961832888525
