-1.530994377214353,-0.9822566991200604,-0.6116946955085172,-1.8274682701016323,-1.4214101220403716,-0.9103271145421941,-7.641620140243867,-0.47932736198912557,-0.4978989867816411,-1.098597570097603,-3.7117546529620666,-24.447693384775032,-4.706724640909823,-3.0691879658146424,-2.0712255546371687,-17.73457187623547,-2.2856659378241377,-0.1822064887882228,-13.310545912813732,-1.5652342886343327,-0.15238552971715444,-0.39882521465012416,-3.4385272138722542,-2.731033364634605,0.027354692813024797,-0.6392156269441406,-1.0225658119842806,-36.73556389685626,-1.1560335982729257,-2.624020002501288,-1.265314084954498,-0.055297825878335836,-0.5514649794026155,-1.8449745568676608,-0.2566587585526657,-4.919567179563875,-1.3255524294139032,-0.11267835306325609,-5.354571824306508,-2.5640708128779144,-3.2064388364706926,-36.841361487904734,-36.838452204661735,0.03619263919886935,-0.7111055379306509,0.5072861129288893,-0.4135110719832021,-0.043352452161141225,0.24501774787928973,-1.9253029231569943,-1.1562621407190623,-2.5318858748695128,1.0139570503421127,-0.2342454710825299,0.17941967194809957
-1.530994377214353,-0.9822566991200604,-0.6116946955085172,-1.8274682701016323,-1.4214101220403716,-0.9103271145421941,-7.641620140243867,-0.47932736198912557,-0.4978989867816411,-1.098597570097603,-3.7117546529620666,-24.447693384775032,-4.706724640909823,-3.0691879658146424,-2.0712255546371687,-17.73457187623547,-2.2856659378241377,-0.1822064887882228,-13.310545912813732,-1.5652342886343327,-0.15238552971715444,-0.39882521465012416,-3.4385272138722542,-2.731033364634605,0.027354692813024797,-0.6392156269441406,-1.0225658119842806,-36.73556389685626,-1.1560335982729257,-2.624020002501288,-1.265314084954498,-0.055297825878335836,-0.5514649794026155,-1.8449745568676608,-0.2566587585526657,-4.919567179563875,-1.3255524294139032,-0.11267835306325609,-5.354571824306508,-2.5640708128779144,-3.2064388364706926,-36.841361487904734,-36.838452204661735,0.03619263919886935,-0.7111055379306509,0.5072861129288893,-0.4135110719832021,-0.043352452161141225,0.24501774787928973,-1.9253029231569943,-1.1562621407190623,-2.5318858748695128,1.0139570503421127,-0.2342454710825299,0.17941967194809957
-1.530994377214353,-0.9822566991200604,-0.6116946955085172,-1.8274682701016323,-1.4214101220403716,-0.9103271145421941,-7.641620140243867,-0.47932736198912557,-0.4978989867816411,-1.098597570097603,-3.7117546529620666,-24.447693384775032,-4.706724640909823,-3.0691879658146424,-2.0712255546371687,-17.73457187623547,-2.2856659378241377,-0.1822064887882228,-13.310545912813732,-1.5652342886343327,-0.15238552971715444,-0.39882521465012416,-3.4385272138722542,-2.731033364634605,0.027354692813024797,-0.6392156269441406,-1.0225658119842806,-36.73556389685626,-1.1560335982729257,-2.624020002501288,-1.265314084954498,-0.055297825878335836,-0.5514649794026155,-1.8449745568676608,-0.2566587585526657,-4.919567179563875,-1.3255524294139032,-0.11267835306325609,-5.354571824306508,-2.5640708128779144,-3.2064388364706926,-36.841361487904734,-36.838452204661735,0.03619263919886935,-0.7111055379306509,0.5072861129288893,-0.4135110719832021,-0.043352452161141225,0.24501774787928973,-1.9253029231569943,-1.1562621407190623,-2.5318858748695128,1.0139570503421127,-0.2342454710825299,0.17941967194809957
-1.530994377214353,-0.9822566991200604,-0.6116946955085172,-1.8274682701016323,-1.4214101220403716,-0.9103271145421941,-7.641620140243867,-0.47932736198912557,-0.4978989867816411,-1.098597570097603,-3.7117546529620666,-24.447693384775032,-4.706724640909823,-3.0691879658146424,-2.0712255546371687,-17.73457187623547,-2.2856659378241377,-0.1822064887882228,-13.310545912813732,-1.5652342886343327,-0.15238552971715444,-0.39882521465012416,-3.4385272138722542,-2.731033364634605,0.027354692813024797,-0.6392156269441406,-1.0225658119842806,-36.73556389685626,-1.1560335982729257,-2.624020002501288,-1.265314084954498,-0.055297825878335836,-0.5514649794026155,-1.8449745568676608,-0.2566587585526657,-4.919567179563875,-1.3255524294139032,-0.11267835306325609,-5.354571824306508,-2.5640708128779144,-3.2064388364706926,-36.841361487904734,-36.838452204661735,0.03619263919886935,-0.7111055379306509,0.5072861129288893,-0.4135110719832021,-0.043352452161141225,0.24501774787928973,-1.9253029231569943,-1.1562621407190623,-2.5318858748695128,1.0139570503421127,-0.2342454710825299,0.17941967194809957
-1.530994377214353,-0.9822566991200604,-0.6116946955085172,-1.8274682701016323,-1.4214101220403716,-0.9103271145421941,-7.641620140243867,-0.47932736198912557,-0.4978989867816411,-1.098597570097603,-3.7117546529620666,-24.447693384775032,-4.706724640909823,-3.0691879658146424,-2.0712255546371687,-17.73457187623547,-2.2856659378241377,-0.1822064887882228,-13.310545912813732,-1.5652342886343327,-0.15238552971715444,-0.39882521465012416,-3.4385272138722542,-2.731033364634605,0.027354692813024797,-0.6392156269441406,-1.0225658119842806,-36.73556389685626,-1.1560335982729257,-2.624020002501288,-1.265314084954498,-0.055297825878335836,-0.5514649794026155,-1.8449745568676608,-0.2566587585526657,-4.919567179563875,-1.3255524294139032,-0.11267835306325609,-5.354571824306508,-2.5640708128779144,-3.2064388364706926,-36.841361487904734,-36.838452204661735,0.03619263919886935,-0.7111055379306509,0.5072861129288893,-0.4135110719832021,-0.043352452161141225,0.24501774787928973,-1.9253029231569943,-1.1562621407190623,-2.5318858748695128,1.0139570503421127,-0.2342454710825299,0.17941967194809957
-1.530994377214353,-0.9822566991200604,-0.6116946955085172,-1.8274682701016323,-1.4214101220403716,-0.9103271145421941,-7.641620140243867,-0.47932736198912557,-0.4978989867816411,-1.098597570097603,-3.7117546529620666,-24.447693384775032,-4.706724640909823,-3.0691879658146424,-2.0712255546371687,-17.73457187623547,-2.2856659378241377,-0.1822064887882228,-13.310545912813732,-1.5652342886343327,-0.15238552971715444,-0.39882521465012416,-3.4385272138722542,-2.731033364634605,0.027354692813024797,-0.6392156269441406,-1.0225658119842806,-36.73556389685626,-1.1560335982729257,-2.624020002501288,-1.265314084954498,-0.055297825878335836,-0.5514649794026155,-1.8449745568676608,-0.2566587585526657,-4.919567179563875,-1.3255524294139032,-0.11267835306325609,-5.354571824306508,-2.5640708128779144,-3.2064388364706926,-36.841361487904734,-36.838452204661735,0.03619263919886935,-0.7111055379306509,0.5072861129288893,-0.4135110719832021,-0.043352452161141225,0.24501774787928973,-1.9253029231569943,-1.1562621407190623,-2.5318858748695128,1.0139570503421127,-0.2342454710825299,0.17941967194809957
-1.530994377214353,-0.9822566991200604,-0.6116946955085172,-1.8274682701016323,-1.4214101220403716,-0.9103271145421941,-7.641620140243867,-0.47932736198912557,-0.4978989867816411,-1.098597570097603,-3.7117546529620666,-24.447693384775032,-4.706724640909823,-3.0691879658146424,-2.0712255546371687,-17.73457187623547,-2.2856659378241377,-0.1822064887882228,-13.310545912813732,-1.5652342886343327,-0.15238552971715444,-0.39882521465012416,-3.4385272138722542,-2.731033364634605,0.027354692813024797,-0.6392156269441406,-1.0225658119842806,-36.73556389685626,-1.1560335982729257,-2.624020002501288,-1.265314084954498,-0.055297825878335836,-0.5514649794026155,-1.8449745568676608,-0.2566587585526657,-4.919567179563875,-1.3255524294139032,-0.11267835306325609,-5.354571824306508,-2.5640708128779144,-3.2064388364706926,-36.841361487904734,-36.838452204661735,0.03619263919886935,-0.7111055379306509,0.5072861129288893,-0.4135110719832021,-0.043352452161141225,0.24501774787928973,-1.9253029231569943,-1.1562621407190623,-2.5318858748695128,1.0139570503421127,-0.2342454710825299,0.17941967194809957
-1.530994377214353,-0.9822566991200604,-0.6116946955085172,-1.8274682701016323,-1.4214101220403716,-0.9103271145421941,-7.641620140243867,-0.47932736198912557,-0.4978989867816411,-1.098597570097603,-3.7117546529620666,-24.447693384775032,-4.706724640909823,-3.0691879658146424,-2.0712255546371687,-17.73457187623547,-2.2856659378241377,-0.1822064887882228,-13.310545912813732,-1.5652342886343327,-0.15238552971715444,-0.39882521465012416,-3.4385272138722542,-2.731033364634605,0.027354692813024797,-0.6392156269441406,-1.0225658119842806,-36.73556389685626,-1.1560335982729257,-2.624020002501288,-1.265314084954498,-0.055297825878335836,-0.5514649794026155,-1.8449745568676608,-0.2566587585526657,-4.919567179563875,-1.3255524294139032,-0.11267835306325609,-5.354571824306508,-2.5640708128779144,-3.2064388364706926,-36.841361487904734,-36.838452204661735,0.03619263919886935,-0.7111055379306509,0.5072861129288893,-0.4135110719832021,-0.043352452161141225,0.24501774787928973,-1.9253029231569943,-1.1562621407190623,-2.5318858748695128,1.0139570503421127,-0.2342454710825299,0.17941967194809957
-1.530994377214353,-0.9822566991200604,-0.6116946955085172,-1.8274682701016323,-1.4214101220403716,-0.9103271145421941,-7.641620140243867,-0.47932736198912557,-0.4978989867816411,-1.098597570097603,-3.7117546529620666,-24.447693384775032,-4.706724640909823,-3.0691879658146424,-2.0712255546371687,-17.73457187623547,-2.2856659378241377,-0.1822064887882228,-13.310545912813732,-1.5652342886343327,-0.15238552971715444,-0.39882521465012416,-3.4385272138722542,-2.731033364634605,0.027354692813024797,-0.6392156269441406,-1.0225658119842806,-36.73556389685626,-1.1560335982729257,-2.624020002501288,-1.265314084954498,-0.055297825878335836,-0.5514649794026155,-1.8449745568676608,-0.2566587585526657,-4.919567179563875,-1.3255524294139032,-0.11267835306325609,-5.354571824306508,-2.5640708128779144,-3.2064388364706926,-36.841361487904734,-36.838452204661735,0.03619263919886935,-0.7111055379306509,0.5072861129288893,-0.4135110719832021,-0.043352452161141225,0.24501774787928973,-1.9253029231569943,-1.1562621407190623,-2.5318858748695128,1.0139570503421127,-0.2342454710825299,0.17941967194809957
-1.530994377214353,-0.9822566991200604,-0.6116946955085172,-1.8274682701016323,-1.4214101220403716,-0.9103271145421941,-7.641620140243867,-0.47932736198912557,-0.4978989867816411,-1.098597570097603,-3.7117546529620666,-24.447693384775032,-4.706724640909823,-3.0691879658146424,-2.0712255546371687,-17.73457187623547,-2.2856659378241377,-0.1822064887882228,-13.310545912813732,-1.5652342886343327,-0.15238552971715444,-0.39882521465012416,-3.4385272138722542,-2.731033364634605,0.027354692813024797,-0.6392156269441406,-1.0225658119842806,-36.73556389685626,-1.1560335982729257,-2.624020002501288,-1.265314084954498,-0.055297825878335836,-0.5514649794026155,-1.8449745568676608,-0.2566587585526657,-4.919567179563875,-1.3255524294139032,-0.11267835306325609,-5.354571824306508,-2.5640708128779144,-3.2064388364706926,-36.841361487904734,-36.838452204661735,0.03619263919886935,-0.7111055379306509,0.5072861129288893,-0.4135110719832021,-0.043352452161141225,0.24501774787928973,-1.9253029231569943,-1.1562621407190623,-2.5318858748695128,1.0139570503421127,-0.2342454710825299,0.17941967194809957
-1.530994377214353,-0.9822566991200604,-0.6116946955085172,-1.8274682701016323,-1.4214101220403716,-0.9103271145421941,-7.641620140243867,-0.47932736198912557,-0.4978989867816411,-1.098597570097603,-3.7117546529620666,-24.447693384775032,-4.706724640909823,-3.0691879658146424,-2.0712255546371687,-17.73457187623547,-2.2856659378241377,-0.1822064887882228,-13.310545912813732,-1.5652342886343327,-0.15238552971715444,-0.39882521465012416,-3.4385272138722542,-2.731033364634605,0.027354692813024797,-0.6392156269441406,-1.0225658119842806,-36.73556389685626,-1.1560335982729257,-2.624020002501288,-1.265314084954498,-0.055297825878335836,-0.5514649794026155,-1.8449745568676608,-0.2566587585526657,-4.919567179563875,-1.3255524294139032,-0.11267835306325609,-5.354571824306508,-2.5640708128779144,-3.2064388364706926,-36.841361487904734,-36.838452204661735,0.03619263919886935,-0.7111055379306509,0.5072861129288893,-0.4135110719832021,-0.043352452161141225,0.24501774787928973,-1.9253029231569943,-1.1562621407190623,-2.5318858748695128,1.0139570503421127,-0.2342454710825299,0.17941967194809957
0.22622390919086743,0.00022269245479981383,-0.1589327428033927,-2.1188528635653507,-1.9693282630107676,-0.6847043451968821,-4.797801980167935,-0.19757132443133446,-0.736834081380036,-1.0688823499835551,-4.068848463627819,-3.020841778930569,-2.586194074599126,-3.560068297555043,-2.564095985814385,-4.114042236265804,-2.3601805071406727,0.11966148371131187,-2.9277915700571917,-1.3651562722543484,-0.4418088914570668,0.12254415069007331,-3.521405991616838,-1.9334083777047248,0.050486860774141544,-0.6591220820393469,-1.0700372559185447,-14.495086611778444,-1.4646249910426885,-1.4327742471054201,-1.1382567332348947,0.05928900333654233,-0.449893312652023,-1.399443036287849,-0.44058058985161114,-5.832253941611069,-0.3523445727263004,-0.4091241841575221,-0.589173803490903,-1.8727166034480074,-17.29975416501615,-36.841361487904734,-36.84095299397623,0.6590765387413638,-0.5288886761715119,0.3593548299896167,0.06358533996817112,-0.25231421851568764,0.02013852733112692,-2.545885630873769,-0.6846569144564914,-0.5340721646581447,0.6167825071367752,-0.2366745911211449,0.023967378531426702
-0.517447297052621,-0.15623417102394802,-0.29148207382853647,-2.3572577822142766,-2.4884674185059086,-0.37068571332376477,-2.971078901694394,-0.4906429806475848,-1.3287035568524403,-1.09490604088511,-3.5833788924130565,-5.678836292792634,-4.650926352536863,-3.8938041289588097,-1.3566046060462353,-3.9219537079133087,-3.7092349994511546,0.04509937759199875,-4.107701520702205,-0.5210149003044652,-0.4782943319922809,0.12716808855511,-3.7829864946493874,-2.2239456943323748,-0.6888474130141763,-1.0875985752157642,-1.7391221075559622,-19.1764440835022,-2.3925718975507215,-2.8544945843266123,-1.4411693744433247,0.7807033626547731,-0.28951461880883145,-1.2733893822933782,-0.27434993557246334,-1.6284844051266356,-0.013797033299254784,0.07913254640648669,-0.4352924653691984,-1.6250206038978185,-3.8227785376292154,-36.841361487904734,-36.57541757240293,0.8559992466703933,-0.4718997573609342,0.22002066737950624,-0.047024967063024094,-1.4045409180053359,-0.6054436707962069,-3.9465731140618336,-0.21220791971526148,-0.7937329140295507,0.15461327175393902,0.0576870865850703,0.0597641637492479
-1.6717726888059872,-1.0718292129069702,-0.9587676440117813,-2.1046784356824646,-2.2643472704652807,-0.31944919708575714,-3.848340234225566,-0.6219785658630452,-1.3786327216415843,-1.1425393072777206,-4.04313912470083,-8.282711781824418,-5.750200777056019,-4.940273230568576,-1.2490379093583244,-3.05720164786912,-2.844223558331009,0.06576750499498828,-3.46598842028736,-0.6540930134667925,-0.7434905808833001,0.028468040350646606,-3.931033143124396,-1.8762898585677044,-1.2583141478794417,-1.7814418441690527,-2.699008859014565,-34.290141099522025,-2.08089439222472,-2.9175209980597163,-1.2787291757749573,1.006718147863204,-0.5310476985456768,-1.533101215809317,-0.19384393148400852,-0.6289575762670144,-0.18851467826410973,0.20254296156050353,-2.336767565837013,-0.718016324761528,-0.36812629110786144,-36.841361487904734,-5.8898803362176,0.38105477935338644,-0.5366646752568299,0.25977259644890877,-0.09382661125433596,-1.716760475102482,-1.361241326427486,-2.5996712041426484,0.2964718790046693,-1.135477462923495,0.23298922594801338,-0.20842011471999858,0.15048230107105554
-1.6717726888059872,-1.0718292129069702,-0.9587676440117813,-2.1046784356824646,-2.2643472704652807,-0.31944919708575714,-3.848340234225566,-0.6219785658630452,-1.3786327216415843,-1.1425393072777206,-4.04313912470083,-8.282711781824418,-5.750200777056019,-4.940273230568576,-1.2490379093583244,-3.05720164786912,-2.844223558331009,0.06576750499498828,-3.46598842028736,-0.6540930134667925,-0.7434905808833001,0.028468040350646606,-3.931033143124396,-1.8762898585677044,-1.2583141478794417,-1.7814418441690527,-2.699008859014565,-34.290141099522025,-2.08089439222472,-2.9175209980597163,-1.2787291757749573,1.006718147863204,-0.5310476985456768,-1.533101215809317,-0.19384393148400852,-0.6289575762670144,-0.18851467826410973,0.20254296156050353,-2.336767565837013,-0.718016324761528,-0.36812629110786144,-36.841361487904734,-5.8898803362176,0.38105477935338644,-0.5366646752568299,0.25977259644890877,-0.09382661125433596,-1.716760475102482,-1.361241326427486,-2.5996712041426484,0.2964718790046693,-1.135477462923495,0.23298922594801338,-0.20842011471999858,0.15048230107105554
-1.6717726888059872,-1.0718292129069702,-0.9587676440117813,-2.1046784356824646,-2.2643472704652807,-0.31944919708575714,-3.848340234225566,-0.6219785658630452,-1.3786327216415843,-1.1425393072777206,-4.04313912470083,-8.282711781824418,-5.750200777056019,-4.940273230568576,-1.2490379093583244,-3.05720164786912,-2.844223558331009,0.06576750499498828,-3.46598842028736,-0.6540930134667925,-0.7434905808833001,0.028468040350646606,-3.931033143124396,-1.8762898585677044,-1.2583141478794417,-1.7814418441690527,-2.699008859014565,-34.290141099522025,-2.08089439222472,-2.9175209980597163,-1.2787291757749573,1.006718147863204,-0.5310476985456768,-1.533101215809317,-0.19384393148400852,-0.6289575762670144,-0.18851467826410973,0.20254296156050353,-2.336767565837013,-0.718016324761528,-0.36812629110786144,-36.841361487904734,-5.8898803362176,0.38105477935338644,-0.5366646752568299,0.25977259644890877,-0.09382661125433596,-1.716760475102482,-1.361241326427486,-2.5996712041426484,0.2964718790046693,-1.135477462923495,0.23298922594801338,-0.20842011471999858,0.15048230107105554
-2.3897360822169476,-1.0802291524791843,-0.9704155961375452,-1.8933613590634135,-1.9641538265892293,-0.29694487057238345,-3.20217838205581,-0.7722047658282901,-1.168564432359997,-0.8227937718770332,-4.157604135640592,-4.027733113862859,-4.136582047500394,-4.431068110742114,-0.9540627404726488,-3.5763266644136444,-2.3227430749551132,0.07311081439223882,-2.505801288828034,-1.0758500216321283,-1.083719302037207,0.10913935794250133,-4.4585178040647495,-1.2909728735820463,-1.2935227497795743,-2.177247905753473,-3.0251354808634736,-11.67956858913483,-2.115893514785404,-3.491409015856809,-1.1986607519267847,0.7821851774978289,-0.19584704576023634,-1.441404695550545,-0.24654461990296503,-3.022366558417725,-0.4278970525004669,0.10986110075806609,-9.052567192839705,-0.7106178566183324,-0.3505811615388767,-36.841361487904734,-5.476316736291016,-0.5638424234979256,-0.31843491877327595,0.2648032305830688,-0.5518098449805034,-1.2702563653371066,-1.5232142137009625,-1.8367585633543835,0.27669583518152785,-2.5436535804502136,0.11295485233553601,-0.28785058105646927,0.19105646250391106
-2.3897360822169476,-1.0802291524791843,-0.9704155961375452,-1.8933613590634135,-1.9641538265892293,-0.29694487057238345,-3.20217838205581,-0.7722047658282901,-1.168564432359997,-0.8227937718770332,-4.157604135640592,-4.027733113862859,-4.136582047500394,-4.431068110742114,-0.9540627404726488,-3.5763266644136444,-2.3227430749551132,0.07311081439223882,-2.505801288828034,-1.0758500216321283,-1.083719302037207,0.10913935794250133,-4.4585178040647495,-1.2909728735820463,-1.2935227497795743,-2.177247905753473,-3.0251354808634736,-11.67956858913483,-2.115893514785404,-3.491409015856809,-1.1986607519267847,0.7821851774978289,-0.19584704576023634,-1.441404695550545,-0.24654461990296503,-3.022366558417725,-0.4278970525004669,0.10986110075806609,-9.052567192839705,-0.7106178566183324,-0.3505811615388767,-36.841361487904734,-5.476316736291016,-0.5638424234979256,-0.31843491877327595,0.2648032305830688,-0.5518098449805034,-1.2702563653371066,-1.5232142137009625,-1.8367585633543835,0.27669583518152785,-2.5436535804502136,0.11295485233553601,-0.28785058105646927,0.19105646250391106
-2.4676465427100074,-1.3267047996819714,-0.8510092508081761,-1.903279218272667,-1.9752554359587964,-0.46481671111977874,-3.7671904176613396,-0.48758165352095134,-0.5268586241008719,-0.8065037073977114,-4.240919402433718,-4.336988398275677,-4.688614812393716,-4.0769618153049,-2.1767824053485945,-4.4738369277351575,-2.720090488851939,0.2513156504298622,-1.9755693350605938,-1.4216916933280384,-1.206122153439267,0.11967119053044466,-4.832446632406261,-0.8541425946839609,-0.5607458916871403,-2.286932490566221,-5.986735865896019,-5.784819082071743,-0.9468048513015852,-2.9855504622358766,-0.927810699604125,0.782819599306276,-0.04445980542834715,-1.447261541328235,-0.276689361034998,-2.5292411608862353,-0.7872560152688343,-0.051767212978618866,-9.071780775676398,-0.2622318903683724,0.11646064491678189,-36.841361487904734,-4.120767175879334,-0.9660917692904893,-0.12237400392996871,0.2632422326073174,-0.23091331053575848,-0.544869989483451,-0.057311379112876884,-0.9662482096279018,-0.1276590061291033,-3.091165483672257,0.16343190776090558,-0.41305452006952614,0.2066022135967815
-2.4676465427100074,-1.3267047996819714,-0.8510092508081761,-1.903279218272667,-1.9752554359587964,-0.46481671111977874,-3.7671904176613396,-0.48758165352095134,-0.5268586241008719,-0.8065037073977114,-4.240919402433718,-4.336988398275677,-4.688614812393716,-4.0769618153049,-2.1767824053485945,-4.4738369277351575,-2.720090488851939,0.2513156504298622,-1.9755693350605938,-1.4216916933280384,-1.206122153439267,0.11967119053044466,-4.832446632406261,-0.8541425946839609,-0.5607458916871403,-2.286932490566221,-5.986735865896019,-5.784819082071743,-0.9468048513015852,-2.9855504622358766,-0.927810699604125,0.782819599306276,-0.04445980542834715,-1.447261541328235,-0.276689361034998,-2.5292411608862353,-0.7872560152688343,-0.051767212978618866,-9.071780775676398,-0.2622318903683724,0.11646064491678189,-36.841361487904734,-4.120767175879334,-0.9660917692904893,-0.12237400392996871,0.2632422326073174,-0.23091331053575848,-0.544869989483451,-0.057311379112876884,-0.9662482096279018,-0.1276590061291033,-3.091165483672257,0.16343190776090558,-0.41305452006952614,0.2066022135967815
-2.635269899338143,-1.2340771182194399,-0.6290792608874194,-1.9665643992381878,-1.9174020932144107,-0.29534044812747295,-2.862605917736987,-0.15899688127838058,-0.2586086468357875,-0.8973241355883385,-4.368114621110082,-5.011925604882933,-3.998818122664344,-4.092374492865097,-4.326516361078822,-4.794605092406951,-2.506976461247523,0.29826722846245807,-3.4937606975511795,-1.9522534797646978,-1.0002662429786644,0.11582685054132869,-4.665466757689601,-0.7375030932558719,0.13921226030749073,-1.6303478315688018,-4.30162569065912,-36.835873025576404,-1.252386641692474,-0.48325680952530914,-0.3394853752823656,0.6973638702152088,0.012984768663414031,-1.7627947320000283,-0.4361424332858351,-2.8917703145677898,-1.4074429544653744,0.009266252435659693,-4.140048071618433,-0.09605354242090777,0.028460425991281832,-36.841361487904734,-6.321460838366885,-1.2772438200959146,-0.48015911798311955,0.4089967993267797,-0.08112843316296031,-0.2122495961089145,0.5367826931942493,-0.9847612569182265,-0.1749698006489809,-1.146823721819275,0.48982480116336086,-0.38397771973352823,0.21250132401232927
-2.635269899338143,-1.2340771182194399,-0.6290792608874194,-1.9665643992381878,-1.9174020932144107,-0.29534044812747295,-2.862605917736987,-0.15899688127838058,-0.2586086468357875,-0.8973241355883385,-4.368114621110082,-5.011925604882933,-3.998818122664344,-4.092374492865097,-4.326516361078822,-4.794605092406951,-2.506976461247523,0.29826722846245807,-3.4937606975511795,-1.9522534797646978,-1.0002662429786644,0.11582685054132869,-4.665466757689601,-0.7375030932558719,0.13921226030749073,-1.6303478315688018,-4.30162569065912,-36.835873025576404,-1.252386641692474,-0.48325680952530914,-0.3394853752823656,0.6973638702152088,0.012984768663414031,-1.7627947320000283,-0.4361424332858351,-2.8917703145677898,-1.4074429544653744,0.009266252435659693,-4.140048071618433,-0.09605354242090777,0.028460425991281832,-36.841361487904734,-6.321460838366885,-1.2772438200959146,-0.48015911798311955,0.4089967993267797,-0.08112843316296031,-0.2122495961089145,0.5367826931942493,-0.9847612569182265,-0.1749698006489809,-1.146823721819275,0.48982480116336086,-0.38397771973352823,0.21250132401232927
-2.635269899338143,-1.2340771182194399,-0.6290792608874194,-1.9665643992381878,-1.9174020932144107,-0.29534044812747295,-2.862605917736987,-0.15899688127838058,-0.2586086468357875,-0.8973241355883385,-4.368114621110082,-5.011925604882933,-3.998818122664344,-4.092374492865097,-4.326516361078822,-4.794605092406951,-2.506976461247523,0.29826722846245807,-3.4937606975511795,-1.9522534797646978,-1.0002662429786644,0.11582685054132869,-4.665466757689601,-0.7375030932558719,0.13921226030749073,-1.6303478315688018,-4.30162569065912,-36.835873025576404,-1.252386641692474,-0.48325680952530914,-0.3394853752823656,0.6973638702152088,0.012984768663414031,-1.7627947320000283,-0.4361424332858351,-2.8917703145677898,-1.4074429544653744,0.009266252435659693,-4.140048071618433,-0.09605354242090777,0.028460425991281832,-36.841361487904734,-6.321460838366885,-1.2772438200959146,-0.48015911798311955,0.4089967993267797,-0.08112843316296031,-0.2122495961089145,0.5367826931942493,-0.9847612569182265,-0.1749698006489809,-1.146823721819275,0.48982480116336086,-0.38397771973352823,0.21250132401232927
-1.347355048752872,-1.8356940667231743,-1.4234005451891354,-1.631836048306372,-1.5311249554647943,-0.42886237049225184,-3.885639730623643,-0.4853696074005691,0.13662095544140285,-0.8525489764740869,-3.9944850192746877,-9.847967997213342,-3.1768017774123383,-3.375418455910775,-4.41036544991516,-7.136125506926004,-1.8106254345389865,-0.1611142445611443,-6.4080046421752535,-2.3150246677243373,-0.6179667696642108,-0.31997302474849326,-3.4445303489201966,-1.4501993740361034,0.5126868791346816,-0.7316634262451961,-2.0525485121121956,-5.881732089416236,-2.2436510241774474,-0.8866859667711187,-1.4973553959711334,0.2813745927372961,-0.5758076873797554,-1.3198328657110932,-0.5237105066407493,-3.969802377626818,-2.727427188159695,-0.62272388538864,-12.250562962581556,-2.2873636490168274,-2.5252237435222873,-36.841361487904734,-30.419498609858717,-1.4901169588636516,-0.6098575612319656,0.728294667620062,-0.21376748332776793,0.4393362276090596,0.8080013747597969,-1.6139669939077526,-1.9837895704178923,-3.6081088732820046,1.096098049469655,-1.0645230018152996,0.006075054705193207
-1.347355048752872,-1.8356940667231743,-1.4234005451891354,-1.631836048306372,-1.5311249554647943,-0.42886237049225184,-3.885639730623643,-0.4853696074005691,0.13662095544140285,-0.8525489764740869,-3.9944850192746877,-9.847967997213342,-3.1768017774123383,-3.375418455910775,-4.41036544991516,-7.136125506926004,-1.8106254345389865,-0.1611142445611443,-6.4080046421752535,-2.3150246677243373,-0.6179667696642108,-0.31997302474849326,-3.4445303489201966,-1.4501993740361034,0.5126868791346816,-0.7316634262451961,-2.0525485121121956,-5.881732089416236,-2.2436510241774474,-0.8866859667711187,-1.4973553959711334,0.2813745927372961,-0.5758076873797554,-1.3198328657110932,-0.5237105066407493,-3.969802377626818,-2.727427188159695,-0.62272388538864,-12.250562962581556,-2.2873636490168274,-2.5252237435222873,-36.841361487904734,-30.419498609858717,-1.4901169588636516,-0.6098575612319656,0.728294667620062,-0.21376748332776793,0.4393362276090596,0.8080013747597969,-1.6139669939077526,-1.9837895704178923,-3.6081088732820046,1.096098049469655,-1.0645230018152996,0.006075054705193207
-1.1069680000486104,-1.0960521645167143,-0.40969171624220885,-1.8549353747143174,-1.3388936839681356,-1.31416216733238,-4.912589380621066,-0.2261996861719523,-0.0927393211930915,-0.9629929692233378,-4.338446260773311,-36.837228532165035,-3.5023882180285018,-3.7102842776883387,-6.082385550633801,-3.981524319385838,-2.7345149585254895,-0.004734886596199207,-36.730930605505066,-1.3792915820054417,-0.8147163251259235,0.09492800335689174,-3.4725422470744842,-1.464179201320133,0.6158948161966032,-0.8894198994278264,-4.0420258908811215,-14.433849698974871,-4.653524535976032,-1.5496949511259923,-1.0894093195493122,0.4736442580273225,-0.39033663206033753,-1.3853293648185132,-0.6211808659411352,-4.489754396215512,-0.9793066891305326,-1.4544308543812423,-4.042569824771662,-3.989334373388553,-3.7346675410622714,-36.841361487904734,-36.84124983615745,0.21085488657577695,-1.8217189579237347,0.8125233983247409,-0.08463039950012857,0.3175844791871471,0.5350893213228236,-2.238095447014818,-1.3592046668998534,-1.9747413337305753,0.8733820372554153,-0.5984313332610955,-0.13802425156390943
-1.5215601352079635,-1.4385477376784903,-0.8130866228481763,-1.8137986634105596,-1.9146150076852082,-0.9012295082890813,-21.20821754818461,-0.1607249745172328,-0.6445205041228128,-0.9991920834985885,-10.42309664996174,-36.81364311349758,-9.734763615632852,-15.344753300943912,-11.636870699935349,-5.075839536461485,-2.71550918228361,-0.09569121001583687,-36.82782229349193,-2.1663837904762318,-0.34788299804413264,-0.034324200161204146,-3.8133150438999746,-0.9915279011549847,0.29265298618210694,-1.4196811543183137,-2.5669321286751594,-24.907871740548014,-4.830167271585442,-2.5026457165509446,-2.03856735594403,0.656966131473084,-0.1943272213226443,-1.7765995857269643,-0.1274416329407696,-2.207596656869299,-0.9950199401815336,-0.15550666196640556,-18.73190121233158,-1.0807644740606561,-2.1304074443271475,-36.841361487904734,-36.83582532616705,0.42140654734738237,-1.426121431265802,0.5512422679363483,0.20345995617084386,0.42481715030750894,0.4589016453305993,-2.6992104418768705,-1.34726124721148,-3.785160073464205,0.8070403541555177,-0.5366002825496597,-0.030348684199304542
-1.5215601352079635,-1.4385477376784903,-0.8130866228481763,-1.8137986634105596,-1.9146150076852082,-0.9012295082890813,-21.20821754818461,-0.1607249745172328,-0.6445205041228128,-0.9991920834985885,-10.42309664996174,-36.81364311349758,-9.734763615632852,-15.344753300943912,-11.636870699935349,-5.075839536461485,-2.71550918228361,-0.09569121001583687,-36.82782229349193,-2.1663837904762318,-0.34788299804413264,-0.034324200161204146,-3.8133150438999746,-0.9915279011549847,0.29265298618210694,-1.4196811543183137,-2.5669321286751594,-24.907871740548014,-4.830167271585442,-2.5026457165509446,-2.03856735594403,0.656966131473084,-0.1943272213226443,-1.7765995857269643,-0.1274416329407696,-2.207596656869299,-0.9950199401815336,-0.15550666196640556,-18.73190121233158,-1.0807644740606561,-2.1304074443271475,-36.841361487904734,-36.83582532616705,0.42140654734738237,-1.426121431265802,0.5512422679363483,0.20345995617084386,0.42481715030750894,0.4589016453305993,-2.6992104418768705,-1.34726124721148,-3.785160073464205,0.8070403541555177,-0.5366002825496597,-0.030348684199304542
-1.5215601352079635,-1.4385477376784903,-0.8130866228481763,-1.8137986634105596,-1.9146150076852082,-0.9012295082890813,-21.20821754818461,-0.1607249745172328,-0.6445205041228128,-0.9991920834985885,-10.42309664996174,-36.81364311349758,-9.734763615632852,-15.344753300943912,-11.636870699935349,-5.075839536461485,-2.71550918228361,-0.09569121001583687,-36.82782229349193,-2.1663837904762318,-0.34788299804413264,-0.034324200161204146,-3.8133150438999746,-0.9915279011549847,0.29265298618210694,-1.4196811543183137,-2.5669321286751594,-24.907871740548014,-4.830167271585442,-2.5026457165509446,-2.03856735594403,0.656966131473084,-0.1943272213226443,-1.7765995857269643,-0.1274416329407696,-2.207596656869299,-0.9950199401815336,-0.15550666196640556,-18.73190121233158,-1.0807644740606561,-2.1304074443271475,-36.841361487904734,-36.83582532616705,0.42140654734738237,-1.426121431265802,0.5512422679363483,0.20345995617084386,0.42481715030750894,0.4589016453305993,-2.6992104418768705,-1.34726124721148,-3.785160073464205,0.8070403541555177,-0.5366002825496597,-0.030348684199304542
-1.5215601352079635,-1.4385477376784903,-0.8130866228481763,-1.8137986634105596,-1.9146150076852082,-0.9012295082890813,-21.20821754818461,-0.1607249745172328,-0.6445205041228128,-0.9991920834985885,-10.42309664996174,-36.81364311349758,-9.734763615632852,-15.344753300943912,-11.636870699935349,-5.075839536461485,-2.71550918228361,-0.09569121001583687,-36.82782229349193,-2.1663837904762318,-0.34788299804413264,-0.034324200161204146,-3.8133150438999746,-0.9915279011549847,0.29265298618210694,-1.4196811543183137,-2.5669321286751594,-24.907871740548014,-4.830167271585442,-2.5026457165509446,-2.03856735594403,0.656966131473084,-0.1943272213226443,-1.7765995857269643,-0.1274416329407696,-2.207596656869299,-0.9950199401815336,-0.15550666196640556,-18.73190121233158,-1.0807644740606561,-2.1304074443271475,-36.841361487904734,-36.83582532616705,0.42140654734738237,-1.426121431265802,0.5512422679363483,0.20345995617084386,0.42481715030750894,0.4589016453305993,-2.6992104418768705,-1.34726124721148,-3.785160073464205,0.8070403541555177,-0.5366002825496597,-0.030348684199304542
-1.5215601352079635,-1.4385477376784903,-0.8130866228481763,-1.8137986634105596,-1.9146150076852082,-0.9012295082890813,-21.20821754818461,-0.1607249745172328,-0.6445205041228128,-0.9991920834985885,-10.42309664996174,-36.81364311349758,-9.734763615632852,-15.344753300943912,-11.636870699935349,-5.075839536461485,-2.71550918228361,-0.09569121001583687,-36.82782229349193,-2.1663837904762318,-0.34788299804413264,-0.034324200161204146,-3.8133150438999746,-0.9915279011549847,0.29265298618210694,-1.4196811543183137,-2.5669321286751594,-24.907871740548014,-4.830167271585442,-2.5026457165509446,-2.03856735594403,0.656966131473084,-0.1943272213226443,-1.7765995857269643,-0.1274416329407696,-2.207596656869299,-0.9950199401815336,-0.15550666196640556,-18.73190121233158,-1.0807644740606561,-2.1304074443271475,-36.841361487904734,-36.83582532616705,0.42140654734738237,-1.426121431265802,0.5512422679363483,0.20345995617084386,0.42481715030750894,0.4589016453305993,-2.6992104418768705,-1.34726124721148,-3.785160073464205,0.8070403541555177,-0.5366002825496597,-0.030348684199304542
-2.0971122431716744,-0.5463608075531886,-0.48572923972992815,-1.9277501290273642,-2.3591877997506736,-0.21259687943207284,-2.7580522604391775,-0.24120725562507517,-0.5271634538747829,-1.2754859727994676,-2.835967871682657,-16.395056762204547,-4.54740879026368,-3.5175570207965987,-2.1997550450114343,-35.15002410205617,-1.9774972472539347,-0.1901174623104186,-15.379282352517233,-3.1058306000454468,-0.5494534412570615,0.2970920880588368,-11.282969006227408,-1.0697908589718612,-0.021895937947966276,-0.9593075197312361,-0.9426450084542064,-36.805422635159886,-0.9717051954417514,-2.0055230131574153,-2.7719700779195797,-0.2105664817151042,-0.3552330346412019,-1.3017222058233118,-0.13134718977023233,-0.3382431704632532,-0.7112621085887825,0.1865373689312865,-22.141091570529888,-3.3786270306052995,-2.5556863497421944,-36.841361487904734,-36.84122203097808,0.07902991356306241,-0.7171976623384915,0.4164095291874784,-0.01817815068006575,0.1649441935662847,0.28878501773206006,-2.2978903563271715,-1.1027620920911207,-2.451064493841392,1.0423864266256337,-0.35648802497092574,0.06619546567529531
-1.5833797165669672,-0.8110788869053742,-0.012782163823645899,-2.064428807748628,-1.6751131704543059,-0.8552012194259618,-4.022989764592455,-0.2322885393178713,-0.3418775394378779,-1.0961777485850475,-3.5582536129502755,-36.036869866165645,-3.7219738391055017,-3.25573187032802,-2.874569959078532,-4.824550331777322,-2.2418862155173698,-0.08170368603901387,-5.848274833008121,-1.2113269345427415,-0.2416437023207775,0.0748067076515043,-4.208198450468221,-1.5999188292531101,0.3569597232122586,-0.855035978353641,-1.3720642072810678,-34.8195402150073,-1.9323941362569679,-1.6869717595133777,-1.6881666012870824,-0.15697105224784758,-0.6422559395371249,-1.5751130904993058,-0.5139055064635129,-5.537960735710103,-0.5731086744081103,-0.34344599522465397,-4.233239629985232,-4.629442953167441,-7.594994733746627,-36.841361487904734,-36.84041208271128,0.7216249860098389,-1.1082690310680687,0.642125858588785,0.010152821360412614,-0.10483441497696701,0.08285695821615015,-3.270277145378415,-1.4021535535223595,-0.8693402039016286,0.9285745343143854,-0.08905635937936622,0.0030095131974598875
-2.1656999886593655,-0.5408131326906983,0.04191890275387133,-2.2371264130152255,-2.214278945234234,-0.4666149274922576,-3.280937536328004,-0.8952933986568002,-0.8762083310974785,-1.1232506536887523,-4.624340264606763,-4.724506026196595,-3.475439649572462,-3.654458542455412,-1.250966843458477,-3.501393970979563,-3.800817100224041,-0.32679756041110625,-7.838810133368965,-0.6031071068235438,-0.19678407726485025,-0.07008710278421601,-5.301996175214885,-2.157180691455274,-0.6573858137119004,-1.107440933662591,-1.2425113743030292,-5.865423668150135,-1.77328699112425,-2.569950014998307,-1.3860643313283638,0.17125602582850827,-0.6500508714403974,-1.5882796915985669,-0.09792186980389768,-3.0752072292075177,-0.42523273790977467,0.009388240173415724,-3.051367460150646,-7.710515830567098,-7.268874562057812,-36.841361487904734,-6.974845225891508,0.8318869800066432,-0.4968573693585482,0.1763692492488285,0.06557140285234886,-1.110866084918933,-0.7736498692334044,-3.5334108606373946,-0.4505672649627758,-1.0399523226067422,0.4507882151815966,0.16792675822323688,0.20194229456554508
-1.5593646007564606,-0.7163914115509346,-0.7330908049082091,-2.0741154350723585,-2.1855687469952065,-0.27047296464022313,-3.5631529218856035,-1.5566218360892947,-1.5758319114573816,-1.0277657490043777,-3.4668353529403833,-4.930121439536751,-5.537337684893263,-4.4114039550849435,-0.8368747453475218,-2.7954714374059635,-2.2559541104798213,-0.039398078185192434,-3.1925867479676717,-0.9040395451415193,-0.6038578793580077,0.1507179760790014,-4.068894601021156,-2.0476557932323702,-1.548387684347965,-2.2783152621536424,-2.1815154483375734,-6.734440875972966,-1.8952942842156162,-3.2645694848014752,-1.1854004743039008,0.7052662532465753,-0.505609926230772,-1.4218143852089407,-0.12266187107806827,-2.02858406158715,-0.34779443831422213,0.20855205354561895,-5.914882817768122,-3.3947269262539335,-3.532264970435071,-36.841361487904734,-36.45250283174614,0.34116273602737907,-0.470552125886881,0.25479641771224276,-0.39149430233606547,-1.899227153481253,-1.8719080135195387,-3.699474089990505,0.2441786897050309,-2.121257024978995,0.17489179804716584,-0.018489346212651848,0.19993334846116442
-1.5593646007564606,-0.7163914115509346,-0.7330908049082091,-2.0741154350723585,-2.1855687469952065,-0.27047296464022313,-3.5631529218856035,-1.5566218360892947,-1.5758319114573816,-1.0277657490043777,-3.4668353529403833,-4.930121439536751,-5.537337684893263,-4.4114039550849435,-0.8368747453475218,-2.7954714374059635,-2.2559541104798213,-0.039398078185192434,-3.1925867479676717,-0.9040395451415193,-0.6038578793580077,0.1507179760790014,-4.068894601021156,-2.0476557932323702,-1.548387684347965,-2.2783152621536424,-2.1815154483375734,-6.734440875972966,-1.8952942842156162,-3.2645694848014752,-1.1854004743039008,0.7052662532465753,-0.505609926230772,-1.4218143852089407,-0.12266187107806827,-2.02858406158715,-0.34779443831422213,0.20855205354561895,-5.914882817768122,-3.3947269262539335,-3.532264970435071,-36.841361487904734,-36.45250283174614,0.34116273602737907,-0.470552125886881,0.25479641771224276,-0.39149430233606547,-1.899227153481253,-1.8719080135195387,-3.699474089990505,0.2441786897050309,-2.121257024978995,0.17489179804716584,-0.018489346212651848,0.19993334846116442
-1.5593646007564606,-0.7163914115509346,-0.7330908049082091,-2.0741154350723585,-2.1855687469952065,-0.27047296464022313,-3.5631529218856035,-1.5566218360892947,-1.5758319114573816,-1.0277657490043777,-3.4668353529403833,-4.930121439536751,-5.537337684893263,-4.4114039550849435,-0.8368747453475218,-2.7954714374059635,-2.2559541104798213,-0.039398078185192434,-3.1925867479676717,-0.9040395451415193,-0.6038578793580077,0.1507179760790014,-4.068894601021156,-2.0476557932323702,-1.548387684347965,-2.2783152621536424,-2.1815154483375734,-6.734440875972966,-1.8952942842156162,-3.2645694848014752,-1.1854004743039008,0.7052662532465753,-0.505609926230772,-1.4218143852089407,-0.12266187107806827,-2.02858406158715,-0.34779443831422213,0.20855205354561895,-5.914882817768122,-3.3947269262539335,-3.532264970435071,-36.841361487904734,-36.45250283174614,0.34116273602737907,-0.470552125886881,0.25479641771224276,-0.39149430233606547,-1.899227153481253,-1.8719080135195387,-3.699474089990505,0.2441786897050309,-2.121257024978995,0.17489179804716584,-0.018489346212651848,0.19993334846116442
-2.3897360822169476,-1.0802291524791843,-0.9704155961375452,-1.8933613590634135,-1.9641538265892293,-0.29694487057238345,-3.20217838205581,-0.7722047658282901,-1.168564432359997,-0.8227937718770332,-4.157604135640592,-4.027733113862859,-4.136582047500394,-4.431068110742114,-0.9540627404726488,-3.5763266644136444,-2.3227430749551132,0.07311081439223882,-2.505801288828034,-1.0758500216321283,-1.083719302037207,0.10913935794250133,-4.4585178040647495,-1.2909728735820463,-1.2935227497795743,-2.177247905753473,-3.0251354808634736,-11.67956858913483,-2.115893514785404,-3.491409015856809,-1.1986607519267847,0.7821851774978289,-0.19584704576023634,-1.441404695550545,-0.24654461990296503,-3.022366558417725,-0.4278970525004669,0.10986110075806609,-9.052567192839705,-0.7106178566183324,-0.3505811615388767,-36.841361487904734,-5.476316736291016,-0.5638424234979256,-0.31843491877327595,0.2648032305830688,-0.5518098449805034,-1.2702563653371066,-1.5232142137009625,-1.8367585633543835,0.27669583518152785,-2.5436535804502136,0.11295485233553601,-0.28785058105646927,0.19105646250391106
-2.4676465427100074,-1.3267047996819714,-0.8510092508081761,-1.903279218272667,-1.9752554359587964,-0.46481671111977874,-3.7671904176613396,-0.48758165352095134,-0.5268586241008719,-0.8065037073977114,-4.240919402433718,-4.336988398275677,-4.688614812393716,-4.0769618153049,-2.1767824053485945,-4.4738369277351575,-2.720090488851939,0.2513156504298622,-1.9755693350605938,-1.4216916933280384,-1.206122153439267,0.11967119053044466,-4.832446632406261,-0.8541425946839609,-0.5607458916871403,-2.286932490566221,-5.986735865896019,-5.784819082071743,-0.9468048513015852,-2.9855504622358766,-0.927810699604125,0.782819599306276,-0.04445980542834715,-1.447261541328235,-0.276689361034998,-2.5292411608862353,-0.7872560152688343,-0.051767212978618866,-9.071780775676398,-0.2622318903683724,0.11646064491678189,-36.841361487904734,-4.120767175879334,-0.9660917692904893,-0.12237400392996871,0.2632422326073174,-0.23091331053575848,-0.544869989483451,-0.057311379112876884,-0.9662482096279018,-0.1276590061291033,-3.091165483672257,0.16343190776090558,-0.41305452006952614,0.2066022135967815
-2.4676465427100074,-1.3267047996819714,-0.8510092508081761,-1.903279218272667,-1.9752554359587964,-0.46481671111977874,-3.7671904176613396,-0.48758165352095134,-0.5268586241008719,-0.8065037073977114,-4.240919402433718,-4.336988398275677,-4.688614812393716,-4.0769618153049,-2.1767824053485945,-4.4738369277351575,-2.720090488851939,0.2513156504298622,-1.9755693350605938,-1.4216916933280384,-1.206122153439267,0.11967119053044466,-4.832446632406261,-0.8541425946839609,-0.5607458916871403,-2.286932490566221,-5.986735865896019,-5.784819082071743,-0.9468048513015852,-2.9855504622358766,-0.927810699604125,0.782819599306276,-0.04445980542834715,-1.447261541328235,-0.276689361034998,-2.5292411608862353,-0.7872560152688343,-0.051767212978618866,-9.071780775676398,-0.2622318903683724,0.11646064491678189,-36.841361487904734,-4.120767175879334,-0.9660917692904893,-0.12237400392996871,0.2632422326073174,-0.23091331053575848,-0.544869989483451,-0.057311379112876884,-0.9662482096279018,-0.1276590061291033,-3.091165483672257,0.16343190776090558,-0.41305452006952614,0.2066022135967815
-1.8629081345476677,-0.9054829888996934,-1.0647215997675203,-1.6024683414803838,-1.6727618102794182,-0.47040951653864777,-2.616744436054497,-0.3444364405934159,-0.12218460474328931,-1.074789746980756,-4.563819320358567,-3.2339102145727026,-2.5751741817951848,-4.6068106861676075,-2.1586203439342686,-4.606444628198209,-2.3119514666931424,-0.10933461780458163,-4.017719372837903,-2.053970555825785,-0.4130281390238773,-0.6119503398229513,-13.632584950067677,-1.4586955220131792,0.29033991170277035,-1.6497381247014768,-2.678516097853379,-36.808583976285696,-1.7523554150584526,-2.781363247476382,-0.008300963056198532,0.7532131869565483,-0.27632226285391265,-1.3274913199860634,-0.3954921414414978,-4.880619902881179,-1.9272416805043426,-0.6232845305197178,-2.706508908798194,-0.43044355809465806,-0.11687668499844411,-36.841361487904734,-4.589485956276696,-0.6501344920292734,-0.38665402138846733,0.4494765715208078,-0.14532625222901693,0.04918286963040532,0.6802532981830546,-1.29281716659754,-0.9878136918723769,-1.3285809414200465,0.9680607900426004,-0.7044084980224075,0.17111690039533248
-2.590043811618794,-0.8116478080083707,-1.6930033840120158,-1.6950882923579655,-2.7399335502801647,-0.47889182580353007,-3.9243328157344837,-0.06937627460616268,-1.0484391822931172,-1.2837710845302615,-3.830105988262068,-3.2349490670549788,-4.8929688827084155,-4.060644320059471,-3.7778850342017476,-9.969626306626742,-2.674606296775388,-0.11920158425108876,-4.549652447382362,-0.9999373702103609,-0.5828869692555103,-0.1391089643984105,-3.5248497392415032,-1.2670162982785722,-1.1411012235006461,-1.3247046154318622,-3.6604702793015735,-36.83743635349879,-3.3142777064680025,-3.56063457989395,-0.8813584769527105,0.8983782589410345,0.3529969697597296,-1.4563906931879884,-0.7511432604108514,-2.804731868795488,-0.2889620949628054,0.17419732067522206,-3.881064787463683,-0.18527383073992595,-0.6628111567403082,-36.841361487904734,-4.690914100301214,-0.2965770515517378,-0.708743493940502,0.30203875572021016,-0.29566329380170364,-1.0399363601884786,0.10107196176918197,-2.2377294243215218,0.032374760051268416,-0.9681869040767687,0.42668279596899344,-0.3410033315901981,0.21550669445308104
-5.122098071079451,-1.0713909629140907,-1.048064237820698,-1.8558429908916996,-2.556991969511182,-0.0012848333298257643,-11.693213580350088,-0.1889991172031753,-0.5227491417339646,-0.6556341355823702,-4.322136297658857,-3.745355865651678,-5.80264629039966,-17.95786415321929,-4.973744183373158,-3.9884701388217128,-2.265878003729689,0.06747028114030594,-13.665899793662927,-0.8864820284824365,-0.36369655730564887,0.09615785332504517,-16.51984738572642,-1.152641583652418,-0.8738189385071645,-1.350636667083535,-3.120172079116747,-36.83360571622267,-0.6377997960151959,-4.021682552558313,-1.859863969753166,0.28370253748038327,0.17805819363543285,-1.8052031038367702,-0.4146123369881695,-7.073880464276852,-1.2143082742069755,0.34862945500235637,-7.06621085513562,-0.6681525072256638,-2.613745713176279,-36.841361487904734,-36.83339498079198,-0.8867214229820828,-0.7190150684438815,0.2551493120040735,-0.07312874620081762,-0.6970820910527672,-0.4406977712328365,-1.8679581099913398,-0.025145890877644492,-0.4389395540326652,0.6177517612251682,-0.277374799782612,0.14507211688996874
-5.122098071079451,-1.0713909629140907,-1.048064237820698,-1.8558429908916996,-2.556991969511182,-0.0012848333298257643,-11.693213580350088,-0.1889991172031753,-0.5227491417339646,-0.6556341355823702,-4.322136297658857,-3.745355865651678,-5.80264629039966,-17.95786415321929,-4.973744183373158,-3.9884701388217128,-2.265878003729689,0.06747028114030594,-13.665899793662927,-0.8864820284824365,-0.36369655730564887,0.09615785332504517,-16.51984738572642,-1.152641583652418,-0.8738189385071645,-1.350636667083535,-3.120172079116747,-36.83360571622267,-0.6377997960151959,-4.021682552558313,-1.859863969753166,0.28370253748038327,0.17805819363543285,-1.8052031038367702,-0.4146123369881695,-7.073880464276852,-1.2143082742069755,0.34862945500235637,-7.06621085513562,-0.6681525072256638,-2.613745713176279,-36.841361487904734,-36.83339498079198,-0.8867214229820828,-0.7190150684438815,0.2551493120040735,-0.07312874620081762,-0.6970820910527672,-0.4406977712328365,-1.8679581099913398,-0.025145890877644492,-0.4389395540326652,0.6177517612251682,-0.277374799782612,0.14507211688996874
-5.122098071079451,-1.0713909629140907,-1.048064237820698,-1.8558429908916996,-2.556991969511182,-0.0012848333298257643,-11.693213580350088,-0.1889991172031753,-0.5227491417339646,-0.6556341355823702,-4.322136297658857,-3.745355865651678,-5.80264629039966,-17.95786415321929,-4.973744183373158,-3.9884701388217128,-2.265878003729689,0.06747028114030594,-13.665899793662927,-0.8864820284824365,-0.36369655730564887,0.09615785332504517,-16.51984738572642,-1.152641583652418,-0.8738189385071645,-1.350636667083535,-3.120172079116747,-36.83360571622267,-0.6377997960151959,-4.021682552558313,-1.859863969753166,0.28370253748038327,0.17805819363543285,-1.8052031038367702,-0.4146123369881695,-7.073880464276852,-1.2143082742069755,0.34862945500235637,-7.06621085513562,-0.6681525072256638,-2.613745713176279,-36.841361487904734,-36.83339498079198,-0.8867214229820828,-0.7190150684438815,0.2551493120040735,-0.07312874620081762,-0.6970820910527672,-0.4406977712328365,-1.8679581099913398,-0.025145890877644492,-0.4389395540326652,0.6177517612251682,-0.277374799782612,0.14507211688996874
-5.122098071079451,-1.0713909629140907,-1.048064237820698,-1.8558429908916996,-2.556991969511182,-0.0012848333298257643,-11.693213580350088,-0.1889991172031753,-0.5227491417339646,-0.6556341355823702,-4.322136297658857,-3.745355865651678,-5.80264629039966,-17.95786415321929,-4.973744183373158,-3.9884701388217128,-2.265878003729689,0.06747028114030594,-13.665899793662927,-0.8864820284824365,-0.36369655730564887,0.09615785332504517,-16.51984738572642,-1.152641583652418,-0.8738189385071645,-1.350636667083535,-3.120172079116747,-36.83360571622267,-0.6377997960151959,-4.021682552558313,-1.859863969753166,0.28370253748038327,0.17805819363543285,-1.8052031038367702,-0.4146123369881695,-7.073880464276852,-1.2143082742069755,0.34862945500235637,-7.06621085513562,-0.6681525072256638,-2.613745713176279,-36.841361487904734,-36.83339498079198,-0.8867214229820828,-0.7190150684438815,0.2551493120040735,-0.07312874620081762,-0.6970820910527672,-0.4406977712328365,-1.8679581099913398,-0.025145890877644492,-0.4389395540326652,0.6177517612251682,-0.277374799782612,0.14507211688996874
-2.446432326404586,-0.5434378217093101,-1.121909698929163,-2.672943088494753,-3.017854157272647,-0.010678854544945634,-4.720235243697553,-0.4386348970400925,-0.37241301151191586,-1.206293408701439,-3.7288207451626505,-4.471885465279734,-35.86089781124865,-4.498935426824133,-3.881263376720534,-24.83639434597414,-2.7292730704916592,-0.37441285573911676,-3.9640101525231195,-2.2187796057705818,-0.276239019460635,0.06622562787507273,-5.9752559575285,-1.6613796492549904,-0.7937556372548091,-0.9034595283900886,-0.7663910717869682,-36.83833148087633,-1.1356631516734372,-3.2349477897896617,-2.270758845347717,-0.459958463221086,0.04855261619565704,-1.351633904358896,-0.0724434712503755,-1.4229948776778376,-1.1138672710428927,0.07162644254125367,-27.456925700309505,-3.534411010618993,-17.645510915367897,-36.841361487904734,-36.841113203640134,-0.9163335392409003,-0.6091815351143095,0.18525748710071438,0.09051493962830659,-0.3068861862263898,-0.4081938260707902,-1.9913570308747106,-1.1151300566264315,-1.8088185376503565,0.6500488651393662,-0.6962704454158767,0.21996659713349787
-2.446432326404586,-0.5434378217093101,-1.121909698929163,-2.672943088494753,-3.017854157272647,-0.010678854544945634,-4.720235243697553,-0.4386348970400925,-0.37241301151191586,-1.206293408701439,-3.7288207451626505,-4.471885465279734,-35.86089781124865,-4.498935426824133,-3.881263376720534,-24.83639434597414,-2.7292730704916592,-0.37441285573911676,-3.9640101525231195,-2.2187796057705818,-0.276239019460635,0.06622562787507273,-5.9752559575285,-1.6613796492549904,-0.7937556372548091,-0.9034595283900886,-0.7663910717869682,-36.83833148087633,-1.1356631516734372,-3.2349477897896617,-2.270758845347717,-0.459958463221086,0.04855261619565704,-1.351633904358896,-0.0724434712503755,-1.4229948776778376,-1.1138672710428927,0.07162644254125367,-27.456925700309505,-3.534411010618993,-17.645510915367897,-36.841361487904734,-36.841113203640134,-0.9163335392409003,-0.6091815351143095,0.18525748710071438,0.09051493962830659,-0.3068861862263898,-0.4081938260707902,-1.9913570308747106,-1.1151300566264315,-1.8088185376503565,0.6500488651393662,-0.6962704454158767,0.21996659713349787
-2.446432326404586,-0.5434378217093101,-1.121909698929163,-2.672943088494753,-3.017854157272647,-0.010678854544945634,-4.720235243697553,-0.4386348970400925,-0.37241301151191586,-1.206293408701439,-3.7288207451626505,-4.471885465279734,-35.86089781124865,-4.498935426824133,-3.881263376720534,-24.83639434597414,-2.7292730704916592,-0.37441285573911676,-3.9640101525231195,-2.2187796057705818,-0.276239019460635,0.06622562787507273,-5.9752559575285,-1.6613796492549904,-0.7937556372548091,-0.9034595283900886,-0.7663910717869682,-36.83833148087633,-1.1356631516734372,-3.2349477897896617,-2.270758845347717,-0.459958463221086,0.04855261619565704,-1.351633904358896,-0.0724434712503755,-1.4229948776778376,-1.1138672710428927,0.07162644254125367,-27.456925700309505,-3.534411010618993,-17.645510915367897,-36.841361487904734,-36.841113203640134,-0.9163335392409003,-0.6091815351143095,0.18525748710071438,0.09051493962830659,-0.3068861862263898,-0.4081938260707902,-1.9913570308747106,-1.1151300566264315,-1.8088185376503565,0.6500488651393662,-0.6962704454158767,0.21996659713349787
-1.6531916981710604,-0.04997961164132771,-0.8076355182827837,-2.3552096222051397,-1.9765245523882542,-0.336033286841147,-3.257505509389813,0.09400491861003236,-1.256043046210006,-1.2631229358999263,-2.361242868783553,-2.072636090966962,-2.883676370976371,-4.809434459763803,-2.080436745460062,-3.2884892301405566,-2.5559929431905255,0.32644148347047897,-26.46050242641802,-1.1806210824511585,-1.2806280471161673,0.16153551623510326,-9.325318940421383,-1.1638461037571979,-0.30327174500510706,-1.554499857474223,-2.941368639949249,-4.54738657798241,-1.3005485104738557,-1.2664184350755125,-0.5124336095846451,0.6209916605127186,-0.03513332054146701,-2.093786395844914,-0.7980720681542309,-2.925006053872289,-0.8210471358336511,0.23126029116110106,-0.9740918574653407,0.24079129036163166,-1.6849361916917063,-36.841361487904734,-26.691916961547747,0.06287526371794926,-0.7752121404718779,0.3559368567232503,-0.03529848604119054,-1.0833734004020477,-0.05429995519579896,-1.8673451577267646,0.13942347153539036,-0.06232125678670298,0.6387919658555434,-0.2962572443677698,0.10758339303805432
-1.6531916981710604,-0.04997961164132771,-0.8076355182827837,-2.3552096222051397,-1.9765245523882542,-0.336033286841147,-3.257505509389813,0.09400491861003236,-1.256043046210006,-1.2631229358999263,-2.361242868783553,-2.072636090966962,-2.883676370976371,-4.809434459763803,-2.080436745460062,-3.2884892301405566,-2.5559929431905255,0.32644148347047897,-26.46050242641802,-1.1806210824511585,-1.2806280471161673,0.16153551623510326,-9.325318940421383,-1.1638461037571979,-0.30327174500510706,-1.554499857474223,-2.941368639949249,-4.54738657798241,-1.3005485104738557,-1.2664184350755125,-0.5124336095846451,0.6209916605127186,-0.03513332054146701,-2.093786395844914,-0.7980720681542309,-2.925006053872289,-0.8210471358336511,0.23126029116110106,-0.9740918574653407,0.24079129036163166,-1.6849361916917063,-36.841361487904734,-26.691916961547747,0.06287526371794926,-0.7752121404718779,0.3559368567232503,-0.03529848604119054,-1.0833734004020477,-0.05429995519579896,-1.8673451577267646,0.13942347153539036,-0.06232125678670298,0.6387919658555434,-0.2962572443677698,0.10758339303805432
-1.6531916981710604,-0.04997961164132771,-0.8076355182827837,-2.3552096222051397,-1.9765245523882542,-0.336033286841147,-3.257505509389813,0.09400491861003236,-1.256043046210006,-1.2631229358999263,-2.361242868783553,-2.072636090966962,-2.883676370976371,-4.809434459763803,-2.080436745460062,-3.2884892301405566,-2.5559929431905255,0.32644148347047897,-26.46050242641802,-1.1806210824511585,-1.2806280471161673,0.16153551623510326,-9.325318940421383,-1.1638461037571979,-0.30327174500510706,-1.554499857474223,-2.941368639949249,-4.54738657798241,-1.3005485104738557,-1.2664184350755125,-0.5124336095846451,0.6209916605127186,-0.03513332054146701,-2.093786395844914,-0.7980720681542309,-2.925006053872289,-0.8210471358336511,0.23126029116110106,-0.9740918574653407,0.24079129036163166,-1.6849361916917063,-36.841361487904734,-26.691916961547747,0.06287526371794926,-0.7752121404718779,0.3559368567232503,-0.03529848604119054,-1.0833734004020477,-0.05429995519579896,-1.8673451577267646,0.13942347153539036,-0.06232125678670298,0.6387919658555434,-0.2962572443677698,0.10758339303805432
-1.6531916981710604,-0.04997961164132771,-0.8076355182827837,-2.3552096222051397,-1.9765245523882542,-0.336033286841147,-3.257505509389813,0.09400491861003236,-1.256043046210006,-1.2631229358999263,-2.361242868783553,-2.072636090966962,-2.883676370976371,-4.809434459763803,-2.080436745460062,-3.2884892301405566,-2.5559929431905255,0.32644148347047897,-26.46050242641802,-1.1806210824511585,-1.2806280471161673,0.16153551623510326,-9.325318940421383,-1.1638461037571979,-0.30327174500510706,-1.554499857474223,-2.941368639949249,-4.54738657798241,-1.3005485104738557,-1.2664184350755125,-0.5124336095846451,0.6209916605127186,-0.03513332054146701,-2.093786395844914,-0.7980720681542309,-2.925006053872289,-0.8210471358336511,0.23126029116110106,-0.9740918574653407,0.24079129036163166,-1.6849361916917063,-36.841361487904734,-26.691916961547747,0.06287526371794926,-0.7752121404718779,0.3559368567232503,-0.03529848604119054,-1.0833734004020477,-0.05429995519579896,-1.8673451577267646,0.13942347153539036,-0.06232125678670298,0.6387919658555434,-0.2962572443677698,0.10758339303805432
-1.6531916981710604,-0.04997961164132771,-0.8076355182827837,-2.3552096222051397,-1.9765245523882542,-0.336033286841147,-3.257505509389813,0.09400491861003236,-1.256043046210006,-1.2631229358999263,-2.361242868783553,-2.072636090966962,-2.883676370976371,-4.809434459763803,-2.080436745460062,-3.2884892301405566,-2.5559929431905255,0.32644148347047897,-26.46050242641802,-1.1806210824511585,-1.2806280471161673,0.16153551623510326,-9.325318940421383,-1.1638461037571979,-0.30327174500510706,-1.554499857474223,-2.941368639949249,-4.54738657798241,-1.3005485104738557,-1.2664184350755125,-0.5124336095846451,0.6209916605127186,-0.03513332054146701,-2.093786395844914,-0.7980720681542309,-2.925006053872289,-0.8210471358336511,0.23126029116110106,-0.9740918574653407,0.24079129036163166,-1.6849361916917063,-36.841361487904734,-26.691916961547747,0.06287526371794926,-0.7752121404718779,0.3559368567232503,-0.03529848604119054,-1.0833734004020477,-0.05429995519579896,-1.8673451577267646,0.13942347153539036,-0.06232125678670298,0.6387919658555434,-0.2962572443677698,0.10758339303805432
-1.6531916981710604,-0.04997961164132771,-0.8076355182827837,-2.3552096222051397,-1.9765245523882542,-0.336033286841147,-3.257505509389813,0.09400491861003236,-1.256043046210006,-1.2631229358999263,-2.361242868783553,-2.072636090966962,-2.883676370976371,-4.809434459763803,-2.080436745460062,-3.2884892301405566,-2.5559929431905255,0.32644148347047897,-26.46050242641802,-1.1806210824511585,-1.2806280471161673,0.16153551623510326,-9.325318940421383,-1.1638461037571979,-0.30327174500510706,-1.554499857474223,-2.941368639949249,-4.54738657798241,-1.3005485104738557,-1.2664184350755125,-0.5124336095846451,0.6209916605127186,-0.03513332054146701,-2.093786395844914,-0.7980720681542309,-2.925006053872289,-0.8210471358336511,0.23126029116110106,-0.9740918574653407,0.24079129036163166,-1.6849361916917063,-36.841361487904734,-26.691916961547747,0.06287526371794926,-0.7752121404718779,0.3559368567232503,-0.03529848604119054,-1.0833734004020477,-0.05429995519579896,-1.8673451577267646,0.13942347153539036,-0.06232125678670298,0.6387919658555434,-0.2962572443677698,0.10758339303805432
-1.211846808185637,-0.48414436558380364,-0.40876953527632787,-1.8453177578472386,-1.7862302396034615,-0.5674835130549506,-3.413877815686329,-0.6920584313695697,-0.845218950971251,-1.0324639262839808,-4.145342087327618,-4.8647950452979,-2.5020844572187375,-3.57875922986768,-1.1170398696078336,-3.646632282776321,-2.1563042579485874,-0.07840441762263703,-4.3301924021299945,-1.2875029753238247,-0.40709335116089773,-0.038336106945338455,-4.47816404328058,-1.9981770578322084,-0.6002152306196146,-1.8362125615731972,-2.484110457288251,-4.112818512055335,-1.6912606706613265,-4.945940075467838,-0.13870193391136776,0.9545627205567193,-0.8113503505641382,-1.7559000766508985,-0.01521236243200126,-1.7948245436842754,-0.39825652967975056,0.16394552621576122,-2.7492389680707023,-3.4984534121022772,-1.3022504229746643,-36.841361487904734,-11.800910821113792,0.6813689952635147,-0.5374457963799861,0.23374354052134985,-0.14385447856187317,-0.9725970122041976,-0.08328185893495052,-6.6422097643202465,-0.04973927370106857,-1.6154027415287635,0.48272514321684096,0.0062137585159735,0.29852241123922224
-1.211846808185637,-0.48414436558380364,-0.40876953527632787,-1.8453177578472386,-1.7862302396034615,-0.5674835130549506,-3.413877815686329,-0.6920584313695697,-0.845218950971251,-1.0324639262839808,-4.145342087327618,-4.8647950452979,-2.5020844572187375,-3.57875922986768,-1.1170398696078336,-3.646632282776321,-2.1563042579485874,-0.07840441762263703,-4.3301924021299945,-1.2875029753238247,-0.40709335116089773,-0.038336106945338455,-4.47816404328058,-1.9981770578322084,-0.6002152306196146,-1.8362125615731972,-2.484110457288251,-4.112818512055335,-1.6912606706613265,-4.945940075467838,-0.13870193391136776,0.9545627205567193,-0.8113503505641382,-1.7559000766508985,-0.01521236243200126,-1.7948245436842754,-0.39825652967975056,0.16394552621576122,-2.7492389680707023,-3.4984534121022772,-1.3022504229746643,-36.841361487904734,-11.800910821113792,0.6813689952635147,-0.5374457963799861,0.23374354052134985,-0.14385447856187317,-0.9725970122041976,-0.08328185893495052,-6.6422097643202465,-0.04973927370106857,-1.6154027415287635,0.48272514321684096,0.0062137585159735,0.29852241123922224
-1.0054424857500226,-0.19650700472518867,-1.0921082598143137,-1.4694700689692006,-2.5738302354270863,-0.40109516210125107,-3.5253907006527636,-0.5775833123824767,-0.7712952445829666,-0.8230487492696585,-3.2125954521928994,-4.608823703230566,-4.743997186498631,-3.229575681042525,-1.816358095729002,-4.077020389090012,-2.1558839236528713,0.03611762079485399,-3.1877519991259957,-0.35997068081177536,-0.7516119545017448,-0.1850857492195811,-3.137041658700527,-1.4544887877101451,-0.9564805304358212,-0.9369968951604302,-2.702899666522168,-5.929333721357845,-2.5381138269659194,-3.5813223551030764,-0.6890880742483204,1.0504794313118495,-0.34848517618433505,-1.2969503922191754,-0.3944992356958034,-2.1684995591516136,-0.4418147361763088,0.20765328548037393,-1.0633004926450687,0.49952046162652564,0.2684975902837298,-36.841361487904734,-3.685975574604621,0.13605379821159924,-0.5391115599717213,0.10785779901569612,0.4850029809570711,-1.397956527944005,0.27482349011701923,-1.3015752611334799,0.08968662996395974,0.12364655741923287,0.5581764163355489,-0.18880598753240774,0.0193264468133074
-2.2658882212418567,-0.9666911514758568,-0.6989464714229108,-1.600271765103636,-1.8336715684437939,-0.3740353313604903,-3.030927136784154,-0.3982308801420781,-0.4006000702656796,-0.7799151970682114,-3.8066814608249437,-6.197413687842515,-4.450443524908356,-4.288210798347803,-2.811581938428136,-6.574800261159954,-2.6987514503693824,0.4018419455270601,-2.6574894343943543,-1.000110617228188,-1.2789404621105753,0.16891458051047795,-3.8368719259937816,-0.6574985033120238,-0.5577545360877685,-1.4375448143582295,-5.311864584854046,-21.633574428316653,-0.3282697172626676,-1.7064511310286175,-0.7105818426395336,0.8962998236294124,-0.1324616821573887,-1.6414646312410002,-0.2602912107741069,-2.7256000027210567,-0.40318075627314565,0.22286125412891203,-2.2164836343548164,0.513250539298193,0.35038686352937154,-36.841361487904734,-4.156019034660497,-0.1983375577815439,-0.5173003834524613,0.2623757558364273,0.30282806887795055,-0.483610856708557,0.011457978270760933,-1.0188075816304596,-0.14870732976727863,-0.4852895181178284,0.2512629235147417,-0.624345982044299,0.047988274996277565
-2.635269899338143,-1.2340771182194399,-0.6290792608874194,-1.9665643992381878,-1.9174020932144107,-0.29534044812747295,-2.862605917736987,-0.15899688127838058,-0.2586086468357875,-0.8973241355883385,-4.368114621110082,-5.011925604882933,-3.998818122664344,-4.092374492865097,-4.326516361078822,-4.794605092406951,-2.506976461247523,0.29826722846245807,-3.4937606975511795,-1.9522534797646978,-1.0002662429786644,0.11582685054132869,-4.665466757689601,-0.7375030932558719,0.13921226030749073,-1.6303478315688018,-4.30162569065912,-36.835873025576404,-1.252386641692474,-0.48325680952530914,-0.3394853752823656,0.6973638702152088,0.012984768663414031,-1.7627947320000283,-0.4361424332858351,-2.8917703145677898,-1.4074429544653744,0.009266252435659693,-4.140048071618433,-0.09605354242090777,0.028460425991281832,-36.841361487904734,-6.321460838366885,-1.2772438200959146,-0.48015911798311955,0.4089967993267797,-0.08112843316296031,-0.2122495961089145,0.5367826931942493,-0.9847612569182265,-0.1749698006489809,-1.146823721819275,0.48982480116336086,-0.38397771973352823,0.21250132401232927
-2.635269899338143,-1.2340771182194399,-0.6290792608874194,-1.9665643992381878,-1.9174020932144107,-0.29534044812747295,-2.862605917736987,-0.15899688127838058,-0.2586086468357875,-0.8973241355883385,-4.368114621110082,-5.011925604882933,-3.998818122664344,-4.092374492865097,-4.326516361078822,-4.794605092406951,-2.506976461247523,0.29826722846245807,-3.4937606975511795,-1.9522534797646978,-1.0002662429786644,0.11582685054132869,-4.665466757689601,-0.7375030932558719,0.13921226030749073,-1.6303478315688018,-4.30162569065912,-36.835873025576404,-1.252386641692474,-0.48325680952530914,-0.3394853752823656,0.6973638702152088,0.012984768663414031,-1.7627947320000283,-0.4361424332858351,-2.8917703145677898,-1.4074429544653744,0.009266252435659693,-4.140048071618433,-0.09605354242090777,0.028460425991281832,-36.841361487904734,-6.321460838366885,-1.2772438200959146,-0.48015911798311955,0.4089967993267797,-0.08112843316296031,-0.2122495961089145,0.5367826931942493,-0.9847612569182265,-0.1749698006489809,-1.146823721819275,0.48982480116336086,-0.38397771973352823,0.21250132401232927
-2.5210167876780334,-0.8603604897326587,-0.6548607228713986,-1.567823397623224,-2.236858565823296,-0.2155580923490937,-2.7870257672180214,-0.03480558582014455,-0.2608087475598665,-0.7595329688815703,-3.294063940162313,-3.764797909340461,-2.746565989706912,-3.0891964935741423,-3.69089782499266,-5.176331699341513,-2.529034203153526,0.008720598294526904,-25.695186376720645,-2.990999025684798,-0.5417605781817436,-0.2398032565074276,-2.8999927060442503,-1.6062712635711753,0.36438610176414926,-0.7821392297831774,-2.6793698410862525,-36.819778874512195,-2.1614387389080036,-1.337405476965635,-1.1037104961423019,0.27934288895139564,0.07950655619770186,-1.4193353445778283,-0.5484611465600732,-3.303880702949783,-1.7875887000638757,-0.12996969142685796,-4.349852253155908,-0.49383467970133915,-1.589134219305098,-36.841361487904734,-4.308319301696636,-0.8264089144881014,-0.6893706636915649,0.502084737963475,0.2330466563561049,-0.13972194737266538,0.40811713111530884,-0.9210496346264413,-0.5646701753670794,-0.4700730236907212,0.7580395043892887,-0.49921776873947377,0.15073501566330327
-1.6531916981710604,-0.04997961164132771,-0.8076355182827837,-2.3552096222051397,-1.9765245523882542,-0.336033286841147,-3.257505509389813,0.09400491861003236,-1.256043046210006,-1.2631229358999263,-2.361242868783553,-2.072636090966962,-2.883676370976371,-4.809434459763803,-2.080436745460062,-3.2884892301405566,-2.5559929431905255,0.32644148347047897,-26.46050242641802,-1.1806210824511585,-1.2806280471161673,0.16153551623510326,-9.325318940421383,-1.1638461037571979,-0.30327174500510706,-1.554499857474223,-2.941368639949249,-4.54738657798241,-1.3005485104738557,-1.2664184350755125,-0.5124336095846451,0.6209916605127186,-0.03513332054146701,-2.093786395844914,-0.7980720681542309,-2.925006053872289,-0.8210471358336511,0.23126029116110106,-0.9740918574653407,0.24079129036163166,-1.6849361916917063,-36.841361487904734,-26.691916961547747,0.06287526371794926,-0.7752121404718779,0.3559368567232503,-0.03529848604119054,-1.0833734004020477,-0.05429995519579896,-1.8673451577267646,0.13942347153539036,-0.06232125678670298,0.6387919658555434,-0.2962572443677698,0.10758339303805432
-1.6531916981710604,-0.04997961164132771,-0.8076355182827837,-2.3552096222051397,-1.9765245523882542,-0.336033286841147,-3.257505509389813,0.09400491861003236,-1.256043046210006,-1.2631229358999263,-2.361242868783553,-2.072636090966962,-2.883676370976371,-4.809434459763803,-2.080436745460062,-3.2884892301405566,-2.5559929431905255,0.32644148347047897,-26.46050242641802,-1.1806210824511585,-1.2806280471161673,0.16153551623510326,-9.325318940421383,-1.1638461037571979,-0.30327174500510706,-1.554499857474223,-2.941368639949249,-4.54738657798241,-1.3005485104738557,-1.2664184350755125,-0.5124336095846451,0.6209916605127186,-0.03513332054146701,-2.093786395844914,-0.7980720681542309,-2.925006053872289,-0.8210471358336511,0.23126029116110106,-0.9740918574653407,0.24079129036163166,-1.6849361916917063,-36.841361487904734,-26.691916961547747,0.06287526371794926,-0.7752121404718779,0.3559368567232503,-0.03529848604119054,-1.0833734004020477,-0.05429995519579896,-1.8673451577267646,0.13942347153539036,-0.06232125678670298,0.6387919658555434,-0.2962572443677698,0.10758339303805432
-1.6531916981710604,-0.04997961164132771,-0.8076355182827837,-2.3552096222051397,-1.9765245523882542,-0.336033286841147,-3.257505509389813,0.09400491861003236,-1.256043046210006,-1.2631229358999263,-2.361242868783553,-2.072636090966962,-2.883676370976371,-4.809434459763803,-2.080436745460062,-3.2884892301405566,-2.5559929431905255,0.32644148347047897,-26.46050242641802,-1.1806210824511585,-1.2806280471161673,0.16153551623510326,-9.325318940421383,-1.1638461037571979,-0.30327174500510706,-1.554499857474223,-2.941368639949249,-4.54738657798241,-1.3005485104738557,-1.2664184350755125,-0.5124336095846451,0.6209916605127186,-0.03513332054146701,-2.093786395844914,-0.7980720681542309,-2.925006053872289,-0.8210471358336511,0.23126029116110106,-0.9740918574653407,0.24079129036163166,-1.6849361916917063,-36.841361487904734,-26.691916961547747,0.06287526371794926,-0.7752121404718779,0.3559368567232503,-0.03529848604119054,-1.0833734004020477,-0.05429995519579896,-1.8673451577267646,0.13942347153539036,-0.06232125678670298,0.6387919658555434,-0.2962572443677698,0.10758339303805432
-0.7619926599759301,-0.8913274362675899,-0.36667313625561737,-2.0426777548801254,-1.737180861230023,-1.5909676538368251,-3.1682025831653844,-0.16987549833044086,-0.2882678312037781,-1.232199488558984,-3.5657596376779566,-5.091570422543486,-2.2037785194557973,-3.7912206537086175,-2.9072856992966503,-3.631472746240675,-2.6128289329761576,-0.00334944085903362,-21.664834940078983,-1.1649093243571018,-0.32093969093341024,0.036359188370943485,-3.891627567527914,-1.4744710514287664,0.37635917862391094,-1.2618459530572685,-2.425231265473255,-36.8067941428241,-3.078784325265285,-2.4699338351464912,-0.032685302053246844,0.7835603180313757,-0.16534596206289012,-1.5026316937007431,-0.4170695920732297,-4.570055960703189,-0.6241780060526724,-1.0661069679911714,-0.9377360825153428,-1.0524568858198666,-1.1122981952308135,-36.841361487904734,-8.029146467260407,0.6387522859492707,-1.4883745367712813,0.6751304652302618,0.013523334246233728,-0.052215452932457274,0.42791244192034744,-2.601969514906861,-1.1529897352864251,-0.9434075690453605,0.8200351413383768,-0.47169365593327467,-0.04274381617276934
-0.7619926599759301,-0.8913274362675899,-0.36667313625561737,-2.0426777548801254,-1.737180861230023,-1.5909676538368251,-3.1682025831653844,-0.16987549833044086,-0.2882678312037781,-1.232199488558984,-3.5657596376779566,-5.091570422543486,-2.2037785194557973,-3.7912206537086175,-2.9072856992966503,-3.631472746240675,-2.6128289329761576,-0.00334944085903362,-21.664834940078983,-1.1649093243571018,-0.32093969093341024,0.036359188370943485,-3.891627567527914,-1.4744710514287664,0.37635917862391094,-1.2618459530572685,-2.425231265473255,-36.8067941428241,-3.078784325265285,-2.4699338351464912,-0.032685302053246844,0.7835603180313757,-0.16534596206289012,-1.5026316937007431,-0.4170695920732297,-4.570055960703189,-0.6241780060526724,-1.0661069679911714,-0.9377360825153428,-1.0524568858198666,-1.1122981952308135,-36.841361487904734,-8.029146467260407,0.6387522859492707,-1.4883745367712813,0.6751304652302618,0.013523334246233728,-0.052215452932457274,0.42791244192034744,-2.601969514906861,-1.1529897352864251,-0.9434075690453605,0.8200351413383768,-0.47169365593327467,-0.04274381617276934
-0.7619926599759301,-0.8913274362675899,-0.36667313625561737,-2.0426777548801254,-1.737180861230023,-1.5909676538368251,-3.1682025831653844,-0.16987549833044086,-0.2882678312037781,-1.232199488558984,-3.5657596376779566,-5.091570422543486,-2.2037785194557973,-3.7912206537086175,-2.9072856992966503,-3.631472746240675,-2.6128289329761576,-0.00334944085903362,-21.664834940078983,-1.1649093243571018,-0.32093969093341024,0.036359188370943485,-3.891627567527914,-1.4744710514287664,0.37635917862391094,-1.2618459530572685,-2.425231265473255,-36.8067941428241,-3.078784325265285,-2.4699338351464912,-0.032685302053246844,0.7835603180313757,-0.16534596206289012,-1.5026316937007431,-0.4170695920732297,-4.570055960703189,-0.6241780060526724,-1.0661069679911714,-0.9377360825153428,-1.0524568858198666,-1.1122981952308135,-36.841361487904734,-8.029146467260407,0.6387522859492707,-1.4883745367712813,0.6751304652302618,0.013523334246233728,-0.052215452932457274,0.42791244192034744,-2.601969514906861,-1.1529897352864251,-0.9434075690453605,0.8200351413383768,-0.47169365593327467,-0.04274381617276934
