0.3631134540072251,-0.5988489215098287,-0.2206778196681736,0.2282377567583303,-0.2735404957165104,-0.013755540494006721,-0.06335601336056257,-0.2321926232278273,-0.6176112557905544,0.26486858317528217,0.21227321815592312,-0.41710880949990997,0.39103917225609897,-0.32711150543132794,0.786736589973835,-0.37065638314505445,0.5354931579795497,-0.013210740340167865,0.39113456832178506,-0.9373245543100065,0.34719793968052426,-0.3288862392813419,-0.32929147824150456,0.5395387117287408,-0.22970192151901742
-0.0455437985114731,-1.0377557754999387,-0.2290784195133096,0.1510675910707969,-0.8634903560420267,0.1244996956335579,0.5603701998887797,0.14686924068232152,-0.3533455973700738,0.6364007769388736,0.5197586750184903,-0.49667129964370643,0.5443753271551387,-0.9830769928370244,0.6981423590097336,-1.3914075691645178,-0.3500137581915947,0.02401773538483786,0.427646376060629,-1.4650448869469996,0.7071393699675439,-0.2900639029372663,-0.5964147106998025,1.1026641007129026,-0.13731543412417954
-1.0719306861677191,-0.11827789903784483,-1.6542341104603573,1.9870975033085707,-0.9855079847102766,2.7007692022569674,1.7163801305629705,-0.25304584501420485,-0.8042247532220111,1.0012876296312678,-0.31975861677105955,0.11000684231910746,-1.1106011152821795,-0.9550108228300422,0.0947764122346034,-1.7347456415196927,-0.0399124417518866,-2.130273972610631,-0.5433711223412951,0.07555301350636093,1.4723266755596036,0.882884155157896,-0.8646851909814015,1.8135763423313827,-0.31935980239694745
-0.4051695814337269,0.37005210304262814,-1.022349586785623,0.8953355917537158,-0.06299472066292108,1.4510466239044053,1.6067649410396154,-1.1786629519970828,-1.6695217689240125,1.0738586200972917,1.2594345697716691,0.5582612477563191,-1.4204246261173754,-1.8054898762967269,0.7769151430857743,-1.177817336311332,-0.28567100559129943,-2.6017997132075763,-0.7523906424510687,0.13049286298025187,2.3101163435832315,0.27252843736191323,-0.3761958740945814,0.8256314591603515,-1.2610153951030794
0.28269134263175844,0.6255321408538455,-0.42959947606588755,0.41396060860437195,0.014774383731120111,1.4372437102419913,1.2720358866142691,-0.29475718400963846,-2.06246589263404,0.6547458151610379,2.0522820255236347,-0.7162449333888783,-0.8695217437916094,-1.4233583348203886,0.025491032188250384,-0.12248289782058183,-0.8432274377115201,-2.99546384549595,-1.5797250335840864,0.5151699236850683,3.0321942723700466,0.6687601029147683,-0.17215673011982469,-0.5739506005958461,-0.9564113174842291
0.06334722129023122,-0.39711117954743025,-0.12562835575493472,-0.3099225570040391,0.05974496391989553,0.7959867469709169,0.648101253171406,0.02313302710398137,-1.77299147731464,0.4240651232660158,1.8639336953409626,-1.1131104765735083,-0.3764320877936759,-1.4563730425977504,-0.028610405078218496,0.9966917483602207,-0.4956329255731955,-2.09070739238086,-1.4503360875355769,0.07323361557393707,2.870272426558454,-0.15063537270098004,-0.2866373808596836,-1.1061508495902708,-1.0523412037653757
0.05140367684701455,-0.43572371085946354,1.0713742994505553,-0.6570404085308562,0.3010910401163703,0.4956573741371323,0.588087189866187,-0.7569958852635637,-1.0538716914883568,-0.0822704446162736,2.097477245350175,-0.5866441977996462,0.5443817543160311,-1.5631776221847196,-0.193104744897352,1.2631267258251497,0.3432735123151994,-1.4140252754921931,-1.7845533382195586,-0.6116533240364461,2.8580047644653037,-0.6394942994403198,-0.05074014376527117,-1.155102393293535,-1.1895178749034394
-0.11121633108605011,-0.1396526858458809,0.9843367135815815,-1.6195626569729682,0.2652756621062072,0.6440239365270606,0.4367083630437731,-0.8404951980359525,-0.7435162941518413,-0.7338144899823048,1.8976731633167736,-0.5176097306006199,0.8693427414120937,-1.3367001294244594,-0.21102181706367776,1.1599057147504792,0.31819924568827157,-1.0261001339333535,-1.8848210208622336,-0.12604405879497121,2.620793204002248,-0.8866826031768494,-0.4766330383724823,-0.7303965407055488,-0.9098164179693293
0.5138262625880845,-0.4242437869553508,1.0916315261068057,-2.2868110537780066,0.13084521721099476,0.4914197925847183,-0.05433974711345416,-0.604132902436383,-1.2997162449664557,-1.5738870043727031,1.9847264420667952,-1.1852092263741203,1.191753239156839,-1.112312865519442,-0.3318498042894789,1.0862190754499452,-0.04052187277930866,-1.453357435661355,-1.2303879443562906,0.2503285537951522,2.8026066752220955,-0.853524031467954,-0.3727177009142218,-0.6558236226208092,-1.1725279504010975
0.2039625298966548,-1.0269581454850578,1.4575061803635756,-1.6514133682440806,0.25223470493767464,0.42039307932359005,-0.6887837525097592,-0.253917523983871,-0.7900370894715283,-1.3547863530606166,2.046291904252461,-0.9188256291467108,1.9078445160342563,-0.4946119921398222,-0.6697112554329,1.166032179112201,-0.07366756096665006,-1.3899872258663317,-0.42669868061765015,0.25311583776120167,2.6947631556620717,-0.9204423155466559,-0.387858990411405,-0.611968255264115,-1.2510951876157166
0.14895792585357293,-0.7943715957138913,0.5604990897789139,-1.8857612992627713,0.4795137263236283,-0.02204101376693518,-0.6297887801226425,-0.5190201506440874,-0.7032951896549177,-1.2442434803064144,1.563367821669774,-1.0599362153223053,2.7310348408208402,-0.5436199511464985,-0.2714713267476483,0.9560498159866264,-0.5228078717527266,-1.7738432714552435,-0.10746681191132834,0.46864587896385057,2.877550425311667,-0.6785500996701976,-0.08425127708423535,-0.6377173778061777,-0.931189144878793
0.10745086728962132,-0.5426108697162839,0.8373008014654356,-1.2958382440061957,0.03877698135236346,0.16007464530152885,-0.33777781221088776,0.11301699310382093,-0.007870076196480648,-1.446625340729016,2.1743992924838627,-1.5553509665425602,3.3059302107148403,-0.06647931673689707,-0.7920361035593154,0.19226701283036857,-0.7263780091990025,-2.1915716079385206,0.44069525350790706,0.8948513981635249,2.5409381533339355,-0.3841544459513358,-0.009601127142687692,-0.7362836100117602,-0.5854696351870805
0.11998549205080317,-0.9509842585481795,0.32267882506314394,-0.1625940552902398,-0.3251994661049702,0.5519298219962907,-0.39290034238839194,0.9895048812167142,0.15364574468747094,-1.9709215705088563,2.380534256237523,-1.9613457306468738,3.596018938249575,0.10192751063426603,-0.8019207275654092,-0.1512376403345746,-1.1467482300157168,-2.6076641573799466,0.9420432470419202,1.0069875276430893,2.446240745705242,0.41014169502459097,-0.05949985886013615,-0.7338317310002073,-0.3629445908465807
-0.285415194707855,-1.1609357323107223,0.05966563856829798,-0.0620851202841878,-0.3241161818960517,0.06109961754969705,-0.7349047134866956,0.567377624123943,0.7767971577180538,-2.523454360144498,2.4489428540655247,-1.948227013869496,3.4509376621579175,0.1325244091851019,-1.3354867168305955,-0.3996203458424274,-1.029332837710958,-2.422527611605155,1.4911532393714295,0.7977800431192892,2.4810440929443844,0.07098697756932748,-0.2132250000385899,-0.6264988875170227,-1.0863799428798084
-1.0564456893796608,-0.8093951302970999,-0.1811293988418485,-0.4971835356050094,-0.4342890525989249,-0.26092466688033045,-0.809914772305157,0.26089793245674764,0.9777423834439671,-2.4882473876686566,2.255178552527341,-1.6048933500893303,3.356034327155844,0.500718946178028,-1.3967841647769081,-0.9120171375268658,-1.0629207073108886,-2.1378634459321972,1.9650668933321525,0.8362940614709922,2.408902588988269,-0.3538339837037503,0.27743581995268957,-0.530559021711311,-0.813980127138673
-1.3289170747219325,0.23271006528487734,-0.7600202217682428,-0.49255062608101224,-0.3389855505159021,-0.4417616224307014,-1.3238708235648837,0.04893351959043588,0.7504204216506898,-1.9932929744763719,1.6191813233582353,-1.8998006401213816,3.0421088087067476,1.0048883217823092,-1.2574580394160717,-1.3160952195858844,-1.0098806943739547,-2.309990988869663,2.1440428414612143,0.6411269598111348,2.5315515795637737,-0.2700294051407428,0.9544559029298835,-0.80402261708873,-0.6435637643017644
-1.2544020613727263,0.5302219811474933,-0.5222001197357148,-0.29641129093665436,-0.009373009438539803,-0.5713529061072782,-1.5533853379332403,0.06513620922260258,0.9385862941525221,-1.5108604727741777,1.0802505863082825,-2.032513837264691,2.17790766758072,0.5958805093737196,-1.6103504877011925,-1.9826481789891308,-1.147212345498613,-2.5925745314564486,2.40144626442976,0.8241653930892909,2.0066173124324544,-0.6544032909169978,0.8940688895038216,-0.6945424957073485,-0.34430840044082606
-1.5703611552005212,1.3623998320616895,-0.8829925587099062,-0.21404475174725532,-0.1756844855559529,-0.670602553244336,-1.8499330749810863,0.6539526254174114,1.5147879448643642,-1.23362781775729,0.4728842126522288,-2.116740248957303,1.4320765175938457,1.2353564878539534,-2.042208601161836,-2.2192234208618147,-1.2197051968640176,-1.4559531372199965,2.566043641906256,0.3928587137421732,1.5217908854750521,-1.2678596628469707,1.4387200992019336,-0.9127652034686659,-0.014394466146085742
-1.6693741244292284,1.912737419799202,-1.8712337639660386,-0.8220774182425495,-0.3436634247603134,0.10226822900173693,-2.228002699564709,1.4612304519427342,1.2191765561277486,-0.8359698638012762,-0.796315148919218,-1.7881707028605,-0.07366892712624737,1.611973429410968,-2.612283753075298,-2.4912619827813183,-1.6787471475572748,-0.5703704849342437,3.1982822571573832,0.07084960076402869,0.9869517412621446,-0.9727151117203378,1.1928145486002857,-0.5841812905490688,0.8419766198420928
-1.26311978637813,0.8519140355334681,-3.3681568743434833,-0.8474937392285216,-0.6602739526468433,0.1322916810703931,-3.042699988544353,1.1844087691131797,0.4868883700508551,-0.22371532105243164,-1.1935476600495,-0.7188111795392684,-1.1130497825428372,1.5186366424479645,-2.190347125030057,-2.66372330089318,-1.9301409173689028,0.7857317884720142,3.6457511237610043,0.09040914123066919,0.3931722041926953,-0.4195014523414196,0.3804407221068979,0.10218194638406516,-0.1779330933483667
-1.248442164629656,-0.38504987026431714,-3.6984138717539485,-0.995215724398069,-0.8205002307952938,-1.074993126143578,-2.8758597027822597,0.5903657002750118,-0.04812059733944695,0.8948475433000319,-0.4853563863479997,-1.5069290230234222,-0.8050932409446736,0.7827808036254322,-1.3921431053700584,-2.3165002590389516,-1.0407449657989667,1.588834539944755,3.410625043910131,0.35406080864748896,-0.25701329687129093,-0.689605527043081,0.9995056111641616,0.41191227646495826,0.3831474418618568
-1.4883278131506057,-0.7658341933459996,-3.352509398157906,-0.17304693600578183,-1.0531847519613846,-1.4508813497015662,-2.587501107566508,0.7830787210170417,-0.36590755449080015,1.000469607611638,-0.4295985082985581,-1.914799496388409,-0.5563572631815242,0.7102383447470298,-0.8292954535923809,-2.431763712152455,-0.3624573858929573,1.4324128658013588,3.3073323551906473,0.5358166914618059,-0.6072713269286466,-1.1413602662103417,0.6031679655410305,0.709252446632194,0.45172159368271236
-2.025359103147197,0.05687676785250612,-2.8640155906289344,0.6809447885384732,-1.418467312960124,-1.7240137943922558,-1.7624415266564513,-0.7254543114330705,0.3918358083919149,1.2506071060802313,0.30093797108016984,-1.6328175186775744,-0.18323414346483813,0.5728036817943407,-0.6329999908711104,-2.9276684561079405,0.15926131312305974,1.6204045056556928,2.421828585777459,0.3045927072530872,-1.1802374233211959,-1.9623269680193416,-0.11937901996709356,1.0949650667068767,0.04832080916008802
-2.8043045538568494,0.8931872274954213,-3.250508441020338,0.6855436819049899,-1.292335722017009,-1.4911003379168957,-2.194387006995975,-0.6944178518130684,0.4736721720476016,1.0839613914921085,-0.0597360590715494,-1.1280334067571345,-0.8328873426865306,0.47018969848739695,-0.5709094368331992,-3.2407243026562313,-0.20182332372215955,1.1953737154907822,1.7939754306287827,0.2772357771891827,-0.9722518245469322,-1.932797592061848,0.14698720469097093,0.914227748490819,-0.48809469228161817
-2.8222285415500536,2.0675727572221247,-1.1732728627635383,0.18433356471365775,0.3776730566894182,-0.2652943947474594,-2.3592606650141357,-0.818284782756557,0.3423706491263956,1.2676534961166517,0.8492529903492724,-0.8637602212126757,-1.7184471428505594,1.3807884077246084,-0.22924097064338084,-2.789287357079909,-0.1185533524009085,-0.5331999364156887,1.356102677382879,1.4672684068823436,0.17867094694435964,-1.6074427099372395,1.8982088685110532,0.6270797687855572,-0.813932140192814
-1.579834192094866,3.484795946078056,1.3141540818369482,0.7925373107060316,1.3042837992971021,0.571062511998778,-1.6393675649973287,-0.6667513566732745,-0.13236036801212048,1.3112423398855342,2.170540545303235,-1.00682649935905,-2.6764765231582723,2.565719010478699,-0.055149943644272455,-1.7171083652720807,-0.333299609508225,-0.5895098912028891,1.3492132236879733,2.074493208960432,-0.1671683686430604,-1.2232821010758748,3.2851760406688957,0.7244093832490798,-0.2645732528732865
-0.08076261435345089,3.400086882080554,2.5102369869441112,1.353485335954314,1.203591378426641,0.2144808282896358,-1.1720246410894342,0.06990431353193449,-0.8067222555408893,-0.38228789814089614,2.35032663206861,-1.1765501922924118,-3.6126726920251917,1.861205649034276,0.18809598365782826,-1.0388453426874804,-0.014576997426534205,-1.0637043890381273,1.7751100400774806,-0.06177273700182874,-0.5793290444621226,-2.461175900293898,3.0901265188157643,-0.24303203060004527,-0.09189485825572385
-0.26484285632768323,2.9080518429991944,2.9012733570495817,1.5472451588651244,1.035385700907086,-0.42997050677816123,-0.5640568956651776,-0.3277698387153722,-1.1732522470519766,-1.7157858744687449,2.3571389730940076,-2.1597823606051194,-3.1519863509919284,0.6999987884832058,0.6637433642713813,-1.6231276442881246,0.6186679357227751,-1.0086206232260426,1.1028087282273318,-1.1725136175466448,-0.550241609122937,-2.985719242864441,3.105370586946931,-0.5762813738060811,-0.7534212480994018
-0.2659238380462796,2.7944048813371496,3.25162901272798,1.726806325033457,0.9548977668580818,-0.05999572800461883,-0.3675900505844979,-0.19574611319844015,-0.9647260665976096,-2.5456557467304863,2.4280221205621113,-2.8061632691516474,-3.080591127491305,0.26799460371950723,0.49718564275179583,-1.9657688839098761,0.4106418460855744,-1.1268768065363934,0.4747901998483099,-1.7457130612289848,-0.1703659206661946,-2.78568795642441,3.180455537306801,-0.6724375495434841,-1.6094852474935037
-0.03745824437795182,2.1023964797566492,3.2738658120796247,1.7453166356426388,1.1277319168380184,-0.33619287197800807,-0.2546145045379135,-0.15937255443007484,-1.36855553485003,-2.6236409673721584,2.4933300436225867,-3.3801891092859577,-3.2734866489560077,-0.7297653593942308,0.9220022465431705,-2.2951595200013437,0.8847714501261743,-1.2412199526025323,0.12098832677403587,-1.0006853665495574,-0.1829517665305009,-2.345868532541256,3.1562527336670594,0.04125534521620511,-2.0495393300873768
-0.2794070802653552,2.423524597589977,3.506633374405377,2.054190067223987,1.1219330092466442,-0.9221633014054395,-0.3158077527017597,0.29177234532811314,-1.3018070741861685,-2.386180220929814,2.154580292077235,-3.7811810897028426,-3.101835875228271,-1.4981145570582857,1.6759813233732763,-2.1423747301465608,1.1950750593924606,-1.6037814672965651,-0.31596073398588537,-2.3055483592044235,-0.40751895039118824,-2.4695201870661436,3.224193834537518,0.3095456548696085,-1.9646983443931787
-0.7498619389919122,2.9779951426357707,3.3263155234790154,1.1663596119451183,0.8354805944702325,-0.937296815911228,1.049570965671346,-0.01779203264354158,-1.1242112179401227,-2.7970939971928153,1.155207105721327,-3.0989989276988346,-3.5354580485999105,-1.737241167992372,0.7390482557033702,-1.468411528987812,1.0658678351826958,-0.9179461302228867,-1.2335609360723292,-2.9119348277213524,-0.021309461580347036,-3.130774884957207,2.2320335014656125,-0.368154353645914,-2.685896145546345
-0.6787464995218981,2.6278379499975664,2.938504711393429,0.225582902198538,2.2818815845797644,-0.44432546670268636,0.2812897686801666,-0.39016591801987865,-1.4090092195134898,-3.475123271365778,-0.12272136495214245,-3.135644419377758,-3.3485212591069464,-1.513076281431065,0.3013108229816123,-0.8825748093882235,1.1258743816022798,0.006400302767810562,-1.2955538572835144,-2.8507039499367837,1.006263933857113,-3.598715595993344,1.9703463638374135,-0.5388125719084863,-1.8687803363696214
-0.30118025934074244,1.9123506211041226,2.58015577259358,-0.0688321749393569,3.0826980971250966,-0.4185590964911299,0.6444674800034164,-0.6835886906797555,-0.9880636813629413,-4.3122453960136475,-1.5066101712847835,-3.1497311137812525,-3.1897565730200403,-1.2256450321727372,0.3616346556065637,-1.2943692514887728,0.9900134741220685,0.498834762576926,-1.760834078227872,-2.6883461898257606,0.9644544321593028,-3.3480811763750857,1.5131978318970987,0.15530897291172616,-1.6559644348258606
0.006062623630470332,2.1249709688598677,1.2171485841253615,-0.05850003681361116,4.172539485898738,-0.3155827477695675,1.0717731492420572,-0.4546679534589497,-0.7787895665328451,-4.799439146078653,-2.059900749051538,-2.9517432747011476,-2.9964779323587445,-1.5074159556799456,0.8553357961734335,-2.321550988989447,0.027647371357414074,0.9325937714969318,-1.5474637069046346,-2.2918040988166877,1.1280055793127537,-2.9657484200111743,1.3697787520027345,1.266482151423907,-0.9135090944660864
1.4322527691209266,1.896969759231928,0.6788991841079101,0.7430483155210198,3.755929084916881,0.20678441242243956,1.491555313313625,-0.7792938544624174,0.002148917344638814,-4.470332462436892,-1.4643379753980197,-2.7534806121099975,-2.50026548417601,-1.5539870066548385,2.275229024542575,-2.9085880176745627,-1.098703444808955,2.037926971172095,-1.3249590802535456,-1.1390041222652936,1.2173380215833658,-1.8719313931920405,2.4375092495616872,1.6763299333750101,-0.39368056246045513
1.411169655831159,2.0229408142903966,0.4417822216714198,1.1899846730860297,4.086056268977531,0.30545132954456267,1.2097548345639253,-1.139143890891172,0.419695828359834,-4.399227008993951,-0.013738059881966906,-2.639012262479374,-1.7859963048866097,-1.1375819335722603,2.9560417511651047,-2.9788746216248576,-1.0376357472056856,1.6485976719335622,-1.0836170377192067,-0.46731004785952973,0.7078936992067963,-1.9435946950852396,1.8059658291033964,2.547626832008447,0.12863630925415645
1.011713040396064,2.0555412931113715,0.877335657428049,1.855830358998838,3.505118322438142,0.4233564090032487,1.3974976708489513,-0.8029175384792279,0.5339409956732988,-4.1087958340219615,0.6414699871537577,-2.1439162994168286,-1.0139924487569392,-0.6194264919271062,2.9618917443369472,-2.885936172546351,-1.1529809019065542,2.0016222081185893,-0.6641098118385704,-0.7107942319550433,0.8574021330107816,-1.6145341363819539,2.5856422467048787,2.613989868806511,0.41385746884551844
0.7278799728516938,3.1563096622271742,1.2302497381947197,1.897234991010634,2.934316186675855,0.512389367797253,1.3606253414233231,-0.0738930792542501,0.8900242618978513,-4.1527044886455995,1.1325662824280538,-2.4063663335315573,-0.9569930245040588,-0.2889829788054432,3.0019717381066484,-2.7874344075352244,-1.0157642645618632,0.9253214030058101,-0.16853425446555625,-1.1518664830107987,0.8081114603018439,-2.168848905662402,2.4022978351302293,2.009998307003694,0.46558170277794
-0.24761858967340578,3.5466492192257886,1.2210519840807943,1.5335585543013772,3.694819536107133,0.8613179529430058,0.7250713362573248,-0.6448862737996036,0.49630650809811694,-3.629027228437295,1.6000740875057917,-2.1194117613918,-1.6905486790108852,-0.5838776930526236,2.0864805965033204,-2.6434678526849575,-0.7976433125630048,0.5760472991896269,-0.05118743536043134,-1.108894368647009,0.7146655125013626,-2.3960958277091855,2.654779437708564,1.7770615943333086,0.21021579206107122
0.14134791319501536,3.029438523722166,1.0631595868977155,0.7137785260875693,3.0742528215451017,0.686104705865834,-0.29891041404175084,-0.07026676102596222,0.4477741240447911,-4.057827621022433,1.070338091347288,-2.6800773570073604,-1.6411410788460055,-1.070815058180194,1.8005248459477903,-2.599769576990217,-0.7739877646684626,0.7873507595914969,-0.08831222419471305,-1.2601907751675452,1.2447848011248535,-2.9527297725286754,2.7276489492596743,1.4245051579663983,0.477115500473096
0.09217571850263838,2.7842520804300706,0.685941180306166,1.3208518445262554,3.5989854051954286,1.2793491127302854,-0.5764252604779456,-0.09855624574166329,0.8747137508450044,-4.163449818432362,0.7223412938367428,-2.8414871480023,-1.0917376271863475,-0.8175636721887447,1.3058093021741248,-3.6438822051877215,-1.1351270048863755,0.42817894202197626,-0.22243350974539366,-0.9543243527379207,1.4765587895932504,-2.2788527948336257,3.5140283492426727,1.3664661470910853,0.7736160236914159
0.9456367034966019,3.562478939047335,1.2236101575794738,1.980077727360803,3.201717567525483,1.3021953691536692,0.2659737983441983,0.5501444893252018,0.9424721995837313,-3.8951976519741036,1.8431564009142867,-2.613718453494589,-1.9652877982203438,-0.7729978210248301,1.9858630255207204,-3.751690453902739,-1.5473791516594597,0.015767287345408887,0.21620789703887427,-0.61949266596149,1.316193517057246,-1.3123477663398764,3.3291066411261716,2.062531983097263,0.40448777043079925
1.0606458869630433,4.1963228029989965,1.5733672803455963,2.191307085713427,2.753285566139739,1.2412632577997205,1.2741489376058301,0.7924968000456768,0.5166121163207578,-3.7113207349514235,1.359328369129836,-1.8078831829542974,-1.9285889263249318,-0.9992297919138936,1.9470241864042954,-3.069042357415912,-1.878884677442797,0.20557441340118146,0.22670602826178,-1.140458505706729,1.2994038060258641,-2.1125259772399696,3.630117800941154,2.056956115488743,-0.08767819709599128
0.7078843212225672,4.270804190854454,1.637782742937934,1.8760137077649444,2.764024536381181,0.6195956638316603,1.7515770799408568,0.8278855734087042,-0.2736166659750059,-4.348962703316366,0.614552713111916,-2.2901702740177017,-1.854901046781258,-0.919312592549049,1.6806818620713688,-2.1206461869714057,-2.1021677017828453,-0.4691090246068721,0.08899397251356134,-1.3401955532318723,1.5495988750031238,-2.510990027254976,3.5453250043829874,0.7313926185491648,-0.506589944335408
1.0116959466049147,3.019472185069728,1.4205527600512744,1.4036771685845941,2.4667025860171052,0.5788669044779233,1.8587884521686016,1.10319941983933,0.1154070036214093,-5.510468354227406,-0.26815684210325447,-2.1580958967336223,-1.1983454582481965,-0.34107390933512627,0.2125573055451258,-1.4599847851605074,-1.2621213633525215,-0.45450643673329344,-0.21809433833576863,-0.46766724948218447,2.3901437336367413,-2.0615218030014146,1.992361815199443,0.609969707275472,-1.3467302293598307
1.2334271098452607,2.3778949241379634,1.4847694410113483,0.7121135403921615,3.016619537715173,0.09861563851368418,1.4060703868071027,0.351108229811791,-0.19467871069806947,-5.565911364960775,-1.1934419504489124,-2.0034669070106683,-0.09314505780234489,-0.5326554546904027,0.15673336194974705,-1.3418565770134974,-1.2839226903294538,-1.03631723627607,0.0554235182644605,0.16827545550852632,2.3617708804378124,-1.9273673136513336,1.3050342355759086,1.4528919710273551,-1.8938307480810619
1.4416542977263176,2.0213166574527595,1.4023457154178272,-0.017937851817809842,2.527204675222764,0.11250460656027753,0.7028647163883022,0.4339956295048848,-0.6638515843615882,-5.343593424429578,-1.0504173060754902,-2.0236318602886345,0.5625794482457998,-0.5839583420988481,0.7571622755413885,-1.2087708174466767,-2.0654972336277844,-1.3751358811789853,0.5412345474803109,0.881412521563952,2.2874611865671874,-1.188032656215314,1.1070379569361504,2.3389384271719087,-1.9050034715229378
1.1776611669525023,1.9680074239869452,1.016104646269592,0.3523019691094258,2.6508723163593113,0.46812853452768793,0.1603906016270453,0.4360927234277826,-0.3201090398628882,-4.397603674502696,-0.41766082466755416,-1.3695568496599992,1.262397302769691,-0.29399862317404757,1.2589579953572678,-1.3793513141134552,-2.393788012159922,-1.8031114626431788,0.9992157739793858,1.2653414708449966,1.9227364701331902,-1.5067969166320263,0.6137016478866523,3.1188697404772405,-1.524705949174916
1.0616648835009825,2.003761732981518,1.001599103944291,0.6388435667522511,2.642049574044632,0.2983829852059645,-0.5083524957287255,0.5327148721920903,0.6436949146742028,-3.529656477882907,-0.33001457075713103,-1.6530706578792025,1.6256470303278752,0.2911536869596453,1.575634121430756,-1.5211508803965834,-2.04365192203556,-1.8411384289241512,1.3719959370503596,1.1654468628931016,1.7258217954111919,-0.7598250891151567,0.597163896126629,2.951807794373589,-0.6794825570339185
1.0469509825836114,2.4494726481767857,1.643245251742559,1.3161495065245663,2.2533238832786355,0.8606969103171589,0.06907387606358795,0.9086488577372858,1.3295407244876731,-2.5178898694878464,-0.02719544063912238,-0.9980280739706163,0.8596372687522087,0.7930581629017287,1.5944470622989861,-2.1854529223920456,-2.2497145062406636,-1.9693835379338176,2.0855616163672126,1.7753300835322916,0.9324571733748706,-0.36619449443346225,1.6478093085911594,2.6714347331409893,0.10505173595662011
0.1608059343234411,3.089810348879064,1.9666908940786436,2.73031732431869,1.968403574401359,1.4426116803412288,1.288167947038764,1.068353152843107,1.7170536019731941,-1.3308860353355187,1.023682703024692,0.1614279327929222,-1.7225033847715612,1.214286474144898,1.5663943547665438,-1.7963046774229188,-0.6769395092846622,-2.6419849729752127,2.0996970679149545,1.6866000151059906,0.206638649186917,-0.20358871369656997,1.8924951480723444,2.4694526473009635,0.31169157411802395
0.8587131309890288,2.8369822189743945,2.849577732621186,2.957034367930819,1.5954173936994014,1.4518321522393964,1.100836134084727,0.0015604789618674543,0.15314080686399079,-0.45199632306306414,2.588829868288343,-0.004548241850318994,-3.3853990623095234,0.5427003670003236,1.3097279318535584,-1.1734784499221185,0.40768125410003025,-2.321443395198606,1.8039762228375957,1.2087340984404134,-0.26602125176814423,-0.7397383447399326,2.2469849138909077,1.9619426560684745,-0.3609130262814899
0.7561902297307531,2.9681722866330245,2.9588716607510093,2.0426614999140096,0.9867861209407222,0.8284111585255085,0.8582307076717154,0.44697243034854933,0.015914410559105703,-1.0571592014537914,3.4623976182022798,-0.8312682335257198,-3.2518452819640986,-0.39940301241378456,1.778718278458313,-0.6430294328175848,0.7524586953820012,-1.8166656960461147,1.1325139899441181,-0.9082297301403802,-0.7863898221608177,-1.8169676070402092,2.173797106597657,0.38860523923592105,-0.4180613948797596
0.1477727037693679,1.9311736599171918,2.8462697975456854,2.2104889976902395,0.4643634461796208,-0.1753581099615491,0.6759111554341829,0.27981295924379224,-0.8853150578852231,-1.6551524752368303,2.1069590010892183,-1.9270348805755082,-2.4133819768152938,-1.1666406788960746,0.6619303018855919,-0.8236849607270673,1.03584179871583,-1.1674215306167446,0.03378748319549002,-1.3856165656035084,-0.2757796915924495,-2.379766953672398,2.3181651949529973,-0.7937965957501907,-0.8795023816213521
-0.1887999019137731,2.212149319590248,2.6188881128934134,1.5080535783211022,0.7544433952246774,0.10066942100314068,1.0461229267773933,-0.00014993453237134233,-0.8280909332258989,-1.9784553891887606,1.6255398760318496,-1.94198376291684,-2.514533083005098,-1.3167258111050844,0.2328868407235942,-0.877860484755001,1.0061690884262515,-1.4656830113609747,-1.2431582575809041,-1.553238011959139,-0.049240493512309524,-1.846991068870785,2.3512933437008203,-1.6054126133444595,-1.307195076168526
-0.6626436119816579,1.9150750344509693,2.6013133419277326,0.6497016891801286,1.1623505924306183,0.03356555974241679,0.650862409867568,0.28721277665015704,-0.4967616559869942,-2.825966301463414,0.4204016830514606,-2.2593064023697242,-2.0210408780156723,-1.8041050285413458,-0.7114100701201613,-0.5321221459113874,1.1281421842483514,-1.2478082695985662,-1.7862381385794563,-1.331898169026712,-0.01731113763745551,-2.4820303146558715,1.4211113986654782,-1.3996039384055305,-1.0714547134189192
-0.15840682152628263,1.7031183321712318,1.9321085504393043,-0.16198382864297134,1.4231428018491785,-0.35315093088615623,0.9864225624324778,0.5658259126510169,-0.741141865404695,-3.224263402517021,-0.897994871131754,-1.7708463505065877,-1.1120561922132985,-2.010836544498766,-0.4195324987693283,-0.4080543907828422,0.2576588624194221,-1.1448378078705599,-1.386458640992176,-0.8631559380300847,-0.09791253842985886,-2.550182973728631,0.8089107479860927,-0.14062585509400505,-1.3040828546623455
0.17046944455267893,1.9312994210795662,1.3573459714096554,-0.30940665633918757,2.1328307380725353,-0.8500041495265902,1.9217441924280916,0.8463115115471948,-0.29151175094694043,-3.512242027800518,-1.4597672759827638,-1.9993780145332676,-0.7527982318644053,-1.51233851689171,-0.2673924210699825,0.24353256103917317,0.3423677230281381,-1.0516554992507254,-0.846596980139127,-0.1592776863938346,0.9693934655417271,-2.409727014438126,0.2283857549352685,0.47526359077577734,-1.5027629991583278
0.8979026397348115,2.4825871889888704,1.2052477177155254,-0.19525922259930306,2.8384350882859657,-0.02686277665001085,2.4464706998757233,0.43426103248242254,-0.17700382927021557,-3.8657823263353435,-2.766934548618096,-1.519131945828116,0.476079757928807,-1.068136174219768,-0.04676345779318835,0.028786091842408216,-0.5119919468656974,-1.6360686520763499,-1.5480887201318165,0.7774233028590491,2.2196608385671324,-1.8425085149168416,0.027040015712663373,0.7336496451073844,-1.496766263994902
1.2341944865572305,2.7504256483633256,0.7224524586243184,-1.1186034230364803,3.762637852108754,0.3337665185620054,1.3261710021745656,-0.41312683270428213,-0.14429462050030759,-3.4161419713960104,-2.57760811501567,-0.9143693445849841,1.1156151442617177,-0.37379139340842427,0.6958619192724169,0.3391557310673617,-1.2736331990683345,-1.3297757164030475,-1.2720369669503726,1.4452734644339622,3.2155713737413327,-1.6909599824464723,-0.12512807140337143,1.6659623697541384,-1.3951387926545897
0.007733839332625785,3.316684694701747,0.2758269932299433,-0.1374228572773732,3.0925936082722485,1.9719998387398354,2.2870362419603296,0.7518426858860147,0.5144809647079864,-1.9144880045147357,-1.3736661605238036,0.6212262674713126,-0.7477965967041348,2.3640451960032385,1.1638607387818436,0.8515957945197987,-1.5109239692707621,-0.6557108453747447,-0.4693993103294865,1.616173551346868,4.321858485615572,-1.7199942804980308,-0.9161731299949958,2.3259063744246187,0.17399213485224108
1.3276415257756993,3.0353988785953376,-0.7553665412777079,-0.413638449460054,1.861944986323848,2.3690326337034744,1.0691409286888507,0.16260883181140512,-0.717087396571848,-1.9487604746175,-1.826064094931542,2.378317421050517,-1.7549642379972101,2.1808916763887773,0.4247435108207166,1.0742726758859642,-1.6285716630007168,1.72483040738463,-0.4092743036846651,0.6375367549122863,5.39009149322826,-1.1598031246667104,-1.0580158629430874,1.4049627978927668,-0.7647405649579366
2.472190547138471,1.5174787897405875,-2.057007009651808,-1.3641992286382552,1.4670266383017374,2.594067911422431,-0.8458585053417238,0.003299168545655793,-1.4659431621231471,-1.0931830303160426,-2.1629154095721477,1.6113472850936463,-1.762861567104842,1.7784424992737546,1.2077659007616528,1.440517306346339,-1.9183823864413783,3.1735880221684964,-0.4836476732502939,0.8344402694941646,5.998971603961454,-0.38633327738713885,-0.7936694324871009,1.3584677093402417,-0.8372988073048413
2.670012146758526,-0.49498063142671145,-0.8498210473923197,-0.23672061575383724,1.0962154479355362,2.943971184940499,-0.9369936830121991,-1.1062058109039392,-1.3295254384135946,-0.6628671293300429,-0.5620508366813172,1.114513853258054,-0.20528874090082505,1.9672602282430482,1.3981717429188651,0.9233067300687491,-2.2660126133187193,3.231163386116495,0.5056086307255849,1.367625645034146,4.45191884383904,0.4496712320717196,-0.91319032917861,2.2743602401876815,-0.259552040279324
2.329401502409422,-2.1400864736395158,-1.0343320872776878,0.5659418981901392,1.0052466981681105,2.3511188032958152,-1.3403235725306026,-1.4687329307024848,-1.318975478040578,-0.18645672964568893,0.008007392912860095,0.6354518708434493,0.4604575396485807,2.1732967678955952,2.0239480799152396,1.2247250734310415,-1.5325302484847896,3.927268450917061,1.3039160303742048,1.0635545208779302,3.1330292966236684,0.6653448694051824,-1.10907559734065,2.1040100830756474,1.0974226769076194
2.056951431042141,-2.8807375527293044,0.10576580947697657,0.5965079884439048,0.48461744521293687,2.583528726504191,-1.3624538030433486,-1.552696440483403,-0.5049808424977347,0.7072237397347053,1.1851663332041378,0.17025951052708221,0.6850471858705187,2.6004271812392585,1.6150604573528917,0.9070415862017349,-1.2128558613778002,4.531992379704423,1.8307209336873564,-0.03306954129362431,1.6410819194896296,0.431411384509671,-1.0468186323810342,2.407987620648266,1.4644310675738335
2.0187646684631897,-3.397373243540942,0.9788622252527314,0.5739255636120744,-0.6976650825395748,2.1797230945321906,-1.281936005404546,-1.0286783543619957,0.4024018154019571,0.8121211898330017,1.6173185339148477,0.19600984075585215,0.5231203364081646,2.7546371362085575,1.1973598756893709,0.3121562505503297,-1.0735161053895628,4.898412497819813,2.3273354169455382,-1.0665849957189864,0.1616578018341287,0.7099544700540857,-1.4542592701729686,2.2577373428111933,1.7283198272715783
1.4035176827153277,-3.643799576487243,0.4089924730531671,1.450320725796729,-1.6617220085215394,1.854746550480172,-0.9305656042122732,-0.5995681338700894,1.1036406771873626,1.0607485076508798,1.4030148678902292,-0.3976337144883332,0.31848442339601624,2.6467801034544505,0.8255855558810498,-0.1531560288078374,-0.536355857328934,5.144518942662503,2.426964805676832,-1.3156259521772706,-0.7459896427591077,1.3878000246854114,-1.5263656092164015,2.2228745656660545,1.8437803781160698
1.2600703340141968,-4.273695902157915,-0.5027013569128964,1.6770908721327475,-2.481465453935498,1.5983079893414123,-0.07513467595549328,-1.4284351415993843,0.9956797529419068,1.0091022290043499,1.0250101412801254,0.671309205951244,0.12027530285302687,1.330958386767641,0.7273365603489534,-0.42332181942613745,-0.477360873786801,4.778835665851987,2.6064720169873152,-1.1252696713179964,-1.395564394663884,1.2740577886435664,-1.5409403627738696,2.0370418514749886,1.7461410955290586
0.7356457399583507,-4.3898844416377685,-0.5506408416582651,1.8032330896500046,-2.808330563540118,0.7881961539463811,0.11129543045398438,-1.3568583346861984,0.9727554820579261,1.4256936809873286,1.122270367782717,0.8687669390037371,0.42785448341169907,1.1141574725978556,1.1354401601316555,-0.5045365188797677,0.372635997494266,3.9357601077302635,2.174833492073294,-0.6590643935942123,-1.8595264578359734,0.7676159077961742,-2.2579941075296164,1.5501672400620172,1.302851832097721
-0.10094308793726264,-4.400244233971286,-0.379909888171352,1.8617728859166154,-3.021874636755315,0.08632787749394837,0.3400244116285346,-1.6115205573133484,1.0954224767811067,1.9033606914561605,1.1761011067755862,1.1963809434148873,0.18984023042421982,1.0528948607126984,1.2907275432110592,-0.766887510438665,0.28826040448251744,2.7644407572035328,1.79148138175276,0.025590671866054147,-2.0632924896899456,1.4528838600754055,-2.1418488012651133,1.4371792154631664,0.9165406226961073
-0.8088249466934405,-2.749729230182919,-0.4422937849431007,1.793697012229069,-2.426230744157416,-1.390834785178968,0.6231786086395357,-2.002563895893666,1.6342884500155326,2.634808934950987,2.29987981570815,1.2652802932346001,0.522401531071375,0.4013313373261238,1.6714676764162435,-0.7564179241286546,0.12580752686365687,1.5060659914263321,1.3024365690577087,0.6551391349483358,-2.3162208596414757,0.8323426982244044,-1.9264523816829777,1.4090677620364191,0.6499764123341804
-2.1320740986985713,-0.36653135289170125,0.25136438788358706,2.0852325264249014,-1.3340260538730357,-0.3201573578325028,0.7316686296144815,-2.2895135665403474,1.4602727695389568,2.740212889439548,1.9458387074470962,1.0666925297796912,0.09166290452367003,0.5852697752619538,0.4288966470711964,-1.549156620983506,-0.031500638113173274,-0.5251596110015174,-0.19729205924533533,1.5115913447072986,-1.6154848271863596,-0.02180791335988449,-0.3561052725833144,-0.13601100320474002,0.4472226665316578
-1.3813564202870614,2.2282154150095357,1.1879162598650408,2.5118656232268344,0.15773514684618262,1.1970779041415276,0.6929011881298637,-1.6600124460713983,0.21641794928430014,2.6781876347125477,2.2095846894820284,0.8610981575814092,-2.3870854673843787,2.4754436006268428,-0.6645626252022505,-1.0821365869525574,-0.05724920562987579,-1.8914226360103426,-0.6745269900401327,2.092155683471521,-1.938224656456863,0.8052529132807549,1.6895965768808836,-1.2158178724017499,0.9705112031225633
-1.0182815393553521,2.2731895059459664,0.9753001223658206,1.3076528896448938,0.13377702817406462,1.1622742189533795,-0.439031803293652,-0.36010863408134275,-0.7097717786342882,1.9693725924595742,1.5269707122339204,0.48797719629161124,-3.227862983006333,0.9982713446191683,-0.6490675470108471,-0.2561607952364395,-0.6846748170417298,-1.77278479376465,-0.4271541640779759,0.19047866071941388,-1.672624599831766,-0.11009690024595103,0.8959743123555695,-2.526843987390557,1.796073079495264
-0.37644541808340537,0.6621719364978853,1.240622636131492,0.5945752531528192,0.5524012577553946,0.900411064091687,-1.184918803080653,0.9548739397414395,-0.4938737811813637,1.9047032884635169,0.8853146379796898,-0.587153503852891,-3.259561828171371,-0.42745471187610334,-1.4423013549777144,-0.47495569016188227,-0.7660703611345527,-1.670868646693472,-0.35130526192901057,-0.6580039120787173,-1.4624467349360246,-0.04084540075536658,0.5492993808625283,-2.453228999502703,1.3473528964508001
0.40245465773618766,-0.28460606833616264,1.4806373432032789,0.8884254714287174,0.8877672596376067,-0.5582794244415927,-1.5567860508569968,1.5486898027482139,0.8962609044086378,1.6774173862411326,0.969358715798259,-1.9134818475145263,-2.671328005092669,-1.8632942750168446,-1.6402122487215185,-0.4733303172036244,-0.4573202921413798,-1.4214031584568043,-0.22303297335223884,-1.0838772600830007,-1.3254822136816038,0.3908698697318431,0.06455650372902053,-1.4685211906281748,0.334936856048829
-0.3885600920160389,-0.0947610548586955,2.0113767687134136,0.2081447972745208,0.7501612994531937,-1.0683361148534718,-0.18808383788083988,1.2408347429691295,1.9125428839079928,1.9687382045752462,1.3038282428706034,-1.769945509597502,-3.199475329871552,-1.879578057830807,-1.0979790150147666,0.18521912406388302,0.8511928551134138,-0.40469001756753464,-0.11984965692188679,-0.6443410935142543,-1.4622543054186667,-0.409670228409318,0.1123452028410431,-0.3258806345114439,0.2548083739377607
-0.893391313584831,0.8367085702255492,1.9025540304209982,0.48439858869110003,0.6756766573119926,-0.9464873186895867,0.7548702361430869,1.3118225870663216,1.6249990314731697,1.7567021721764833,1.3690292337388972,-1.542801857654726,-3.6602602541773197,-1.8594808295119172,-0.7327860188134069,0.47293701850390224,1.5229650403432522,0.19604242544239706,-1.2121371082278993,-1.3051697454541804,-1.8248092376150646,-0.9004275358807611,0.15925723680210593,-0.3515438867309092,-0.03035127110323803
-1.455891507086125,1.4624326038970703,1.7404867191385578,0.2748027485354294,0.6242456540381818,-1.188180606812652,1.8631844113371974,0.141142916408057,0.7967915535514604,0.6346630088011571,1.213102413166606,-1.0977547949252424,-3.3858255967675754,-2.6754624808671554,-1.161365328038651,0.19598386797481526,1.419269498633855,0.3713794693991084,-2.229917892109005,-1.7532180207097277,-1.3668629184885077,-1.5763262154533562,0.6879261705348587,-1.1107663209395184,-0.6119591436751608
-0.6847467661472241,1.4388089238206576,1.1842303776230994,-0.59295122703163,0.7300095677079131,-1.0871260788765134,2.703166407817325,0.024187314645329035,0.11323988530946491,-0.598340165160403,-0.24008583833679467,-1.4536034865129772,-2.312397442592564,-2.2326817096997416,-2.081312572064132,0.49140735386747914,1.6613276121234113,0.3169455675547441,-3.2500385120832025,-0.8756753636856996,-0.1072335129089802,-2.1492574138608056,0.6072057356348138,-2.5109106638748098,-1.1031946480656047
-0.5640652148622898,1.2163051559131162,0.5668598253081778,-2.006938727207316,1.970762709489837,-1.3468262387766137,2.068670558214336,-0.33736031554318135,-0.35720182479830054,-1.9470362491794702,-0.6055507312020175,-1.5998846147865518,-1.3538856986781724,-1.57740948192082,-2.452786335185308,1.052654860780046,0.6565590103338771,-0.10094467839761079,-3.05620945081597,-0.21172832282741572,0.9799963158770065,-1.5030498958278597,-0.2749956124749821,-2.046532005846823,-1.9268261901841646
-0.14455870108249572,0.7435623933347313,0.6704555740782704,-2.6668530556676187,2.2018163162674895,-1.6900824137896264,1.1976819790060949,-0.19202143407918035,0.4055739886259041,-1.5789406867936502,-1.7359517185560551,-1.5017966512520369,0.04163051937744285,-1.5404827329722277,-2.582382317108466,0.8594478540254161,-0.23728157141462652,-0.47300438938262834,-1.987925406626096,-0.3673625304315173,1.806972411605617,-1.1616906576666584,-0.4318785513373913,-1.5969097579268272,-1.6674590093002506
-0.0446906689990908,0.7149771232738259,-0.05508371664915822,-3.099424221455035,2.5765287520064204,-1.514161686238011,0.9983215384033222,-0.12384680531673442,0.7253226430687214,-0.6949076797450675,-2.2106644936810005,-1.9745779032880564,0.7097914158669139,-0.8277151284659978,-2.3853806321202597,1.1416075985173069,-0.9015857088135412,-0.33261043307950344,-1.6048263393936815,0.07604671945731606,2.1732839831268382,-0.23829620127590376,-0.9435018716892614,-0.5944648160311479,-1.6299151053453134
0.2303974488800993,0.7886812297962886,0.059425068337065914,-3.455666677206849,2.4619600673672517,-1.6233868925359518,0.8442639273018969,0.07664068754103692,1.2468695040999638,-0.33952222147677624,-1.9202565777075018,-1.869896765938494,1.3904817741125421,-0.02256976920645294,-1.8497155968571914,0.6855365683700895,-1.7539746775182066,-0.3612005404673535,-0.6044001801434171,0.554361078976638,2.2468867892469073,0.045352138264838776,-1.1765213299610915,0.278436499183076,-0.9046399630064328
0.3208420565004111,1.5764216574382277,-0.01852532126756104,-2.244686333806864,2.3411031475120114,-1.0726134870665835,0.2193512523341766,0.30926324364026186,1.8571459770934131,0.33209434905152607,-2.207913908999345,-1.5082873571621516,1.2815400144331714,0.763631396225876,-1.1640929886931108,0.35568890671370296,-2.3372090764101183,0.005340647456148151,0.9756248232281096,0.15130894075545354,1.5914139092551183,0.21954212362018777,-0.510278052896506,0.48845242383892934,-0.09963779795279187
0.7467974490667514,0.7608622408230636,-0.7310230319968803,-1.1462467439113155,2.136368445047985,-1.0467454980865891,-0.5382855215047754,1.3839533631303793,1.8546434046404203,1.6045935605411334,-2.206594988039758,-1.4301660062493073,-0.46871679423868895,1.151803823678744,-1.2678620451541942,0.8112391048177562,-2.4440056997166093,0.8905762755202755,2.2062325177229862,0.6780806082069679,0.9442697589663903,0.6954974344563388,-0.6926130338144045,0.8763466472209143,0.4231294715970487
0.8416844850825291,-0.36138799975423147,-0.6650857153370768,-0.9237105550493542,1.3994244383246515,-1.5622820350109101,-0.6099905084635401,1.6166842940362287,1.8871773511929455,2.647532785909126,-0.7467742635257888,-1.8768160804250993,-0.960124039761499,0.613837443293962,-0.9761047471825574,0.6968804888524263,-1.1873791985128805,1.4989635436524402,2.0114647305609914,0.1637642682016092,-0.09349004491164936,0.7465630702631811,-0.5357601827312038,0.6960248140807904,0.4547421031758878
0.5840830102963013,-0.8387320630491546,0.19154696614971475,0.9199399770573856,0.49600972708298624,-1.5645478949245597,0.14797347467842478,1.419228320039458,2.5740334175363637,3.3666785175932357,-0.5593235446805527,-0.9709976249504991,-1.5101855559261526,0.11858013558994779,-1.1723681756282063,-0.280488438743189,-0.5312773402751858,1.6192627273816649,1.5806578671237832,-0.21289310295256336,-1.147961337547606,0.8465815362421496,-0.50906219541428,0.28933988127606797,1.339359053313869
0.6080665174370026,-0.8339990582923671,-0.24346614091179503,1.2270433212183267,-0.11042489947634826,-1.5970134096612907,0.9082238265252118,1.271370742902464,2.052685575569049,3.3715530069924116,-0.6585227581726286,-1.4915084876512896,-1.475001192174188,-0.9959344296389858,-1.0941317461525413,0.0811166969172559,0.5796062204331289,1.6645230859593279,0.7442452375264267,-0.5878510351232118,-1.447085078184761,-0.17415649701623026,-0.4887472872738642,-0.6632604255308556,1.309835743672307
0.5220630337285341,-0.6366883712474491,-0.5300921152645212,2.0017123199624,-0.5981580510966962,-1.4474256322215078,1.9834546928604253,0.5578535895823412,0.9002560325776453,2.221475211302073,-1.6760438839952525,-1.0249622782532886,-1.9072112051112307,-1.2264496681141557,-1.4922581820083232,-0.2518733241001443,0.9384436114355228,1.4689426806049284,-0.9102022802149868,-0.5234511331772691,-0.9507213124600424,-0.7527526402655887,-1.1861448215804247,-0.9880801060445364,0.17405909556946308
-0.19730304008659932,0.027281793629981677,-0.5078486777687652,1.3570755591911956,0.5644024725041739,-0.8346866208754431,1.263913104659806,-0.49420463975758455,0.3938979293568362,1.3878073480615356,-1.8793506970167035,-0.020227611219061692,-2.7359741233341146,-1.2787387249059423,-0.7849282161673488,-0.5400012965754474,-0.35968562920831815,0.9692670922881338,-2.1408488414500626,-0.10200451283365845,-0.054470009755916426,-0.29624795181770647,-1.5373266353380377,-0.08988171326964146,-0.7799261720207216
-0.4872511905721217,1.003339573146716,-0.15236141075280651,0.12223256233470797,1.461418201258735,-0.21631121497495248,1.1534269034807074,-0.9020774098269484,-0.11856200303905708,0.9537751891026656,-1.5260675016888827,-0.2325090454115285,-2.1931932474139972,-1.0730950946011093,-0.43593419227035574,0.17667299743348966,-0.5369446458643155,-0.16930855148748614,-2.24108677382639,0.4162557488645302,0.8805769574532778,-0.6736373351191199,-1.005695634362049,0.35275867652122483,-0.9159177964684692
-0.3619303394999607,1.530472024540943,0.024511622767716096,-1.3868518880829888,1.903766830144539,-0.3050820645067979,0.3591421665405796,-0.4259701704466443,-0.4354406244705275,0.15143770027237305,-1.461738307889277,-0.5817032563137203,-2.0465157186702068,-0.9506713264054503,-0.17840308917301806,0.6696332465480891,-1.354405741230258,-0.7043475878196036,-1.7539668773340966,-0.43891713997174847,1.5211787932644345,-0.4100107229116903,-0.9165904727201584,0.31326281304456394,-0.6644478179301665
-0.38977409778246536,1.1745178836754984,0.41955731792199535,-2.0945606143542497,2.151035766459794,0.7632701177793324,-0.2357710069447331,-0.22235047434374464,-0.02585554950325558,-0.24401299448090896,-0.7969581350202525,-0.8111517365311081,-1.5943478306599224,-1.0136170812312184,-0.8140946235752029,0.9752377878952218,-1.1465406829599678,-0.7032243815964976,-1.7676422595592542,-0.41802889368912866,1.9563225851514388,0.361724816973485,-0.7778641824781729,0.5996804959036628,-1.214521956877478
0.41059713250987284,0.655715877441782,1.3855702736552205,-2.3079001295137056,1.8294322520310229,0.3527994646154339,-0.9627761530043446,0.8851532721511859,0.564790882585549,0.01929056757501149,-0.5048806689146632,-1.2172938097312886,-0.5186176172211948,-0.3293487462209507,-1.2925410874164942,1.1135489047967868,-1.7577777690879786,-0.1005134284583466,-0.9505986962194409,-0.5785109560516002,1.7176564665421659,0.3814614103544467,-0.9009748265111747,0.7594476910104099,-0.39778823890088977
0.8985451780682595,-0.1060948484810665,1.5294804873193724,-1.7477681079452174,1.6503693020866907,-0.04240306713942663,-0.6396925429117155,1.0576045099666407,1.6542254684176485,0.6951029355723496,-0.10591340239285688,-0.9229419409201799,-0.6057718365365076,-0.6678776355402196,-1.47088484419241,0.8720858544864991,-1.412105187771969,0.24805657490624267,0.2859071505622076,-0.4718470773555281,0.8460795992928944,0.48935764900088236,-1.3835120012107782,1.3182825415339063,-0.5587545700874725
0.9001213314631391,-0.39458416076335845,2.0741419777837975,-1.013262394217809,0.9797708792990675,-0.39429223739661845,-0.9085429617209285,1.244975254071623,2.2035355730851296,1.5144094421255594,-0.10911328275644994,-1.341210819245827,-0.45967559696666116,-0.3954646219179584,-0.6630906620325234,0.2801791156251477,-0.9896474504859571,1.2565609549927694,0.4804023025681377,-0.6210764810565566,-0.4774804597388337,0.5823245322217816,-0.6610706322626916,1.291496669850023,0.6320997534571962
0.9666520783746652,-0.17781096091082055,1.4067775607736548,0.629917170725279,0.3230333341148462,0.41102918771528824,-0.5405190194781616,1.698804891333256,2.0782697153433163,2.057523335363634,0.26037761268212656,-1.2821955346549598,-1.6294330052304087,-0.1292856417269923,-0.4571119863291309,0.7280977197569379,-0.771621061781484,2.0507018202432343,0.22538580758647891,-0.7828927445994106,-1.120447421624606,0.24736281893881845,-0.731462737607657,1.3842970416358482,1.1684668652562429
1.2767370574610002,-1.219117707681887,1.3009880376143983,1.6902306045608,-0.387453648726299,0.12901626683022505,0.20930592416584082,1.124856642442998,1.7628768229164717,1.7886489425235634,-0.1218756285181476,-0.5565370563398291,-1.957694680586009,-0.5523280987882899,-0.12270359241388945,-0.17974083344222186,-1.0828443487957937,2.9433541263378777,-0.7192028290785952,-0.9578423089057783,-1.923230157547861,0.7241562766351324,-1.3240358331113717,0.6946321960317812,1.0261599292630585
1.3452716774826468,-1.3851495485872667,0.897706282659274,1.6932825400359417,-0.29282385849434783,-0.32600821610088315,0.3227520856556638,0.4480469043818599,1.9453235466006122,2.141898444479242,0.04446742995730829,-0.1964504435886229,-2.169978504441662,-1.1282180240742492,0.6544439271778714,-0.45838949954410163,-0.8260557845666672,3.0236813592411274,-0.9716047296119494,-0.8654734335069947,-1.7890668074442615,1.0229145088289167,-0.920565747726201,0.9461295013092373,1.177046532994565
