-0.026313868865119328,-0.045502113344410296,0.17680386377436733,-0.09900649964854674,0.3693811978902237,0.44859938674620975,-0.11918960765189952,-0.40483936326600095,-0.566129604289757,0.1857066700742041,-0.47992027041452495,-0.11006365062519807,-0.22889175810639753,0.6140744012935168,0.817710793256857,-0.039262371443780725,-0.1029852225789649,0.2365438769869603,0.14300510279865727,-0.5062089096798408,0.09158806600222429,-0.26128953926373366,0.4100141781437896,0.1265972989853741,0.4017251407291436,-0.6631204948232112,0.059497045342518366,0.33116876676461643,-0.18552138337758867,0.04718766829821709
1.0622003930461572,0.5065859890059617,0.4141206325748934,0.18599395398907437,0.6035984651564871,0.5999138383638705,0.19132729418755287,-0.8308680356411542,-0.3180017072203978,0.6400653810446753,-0.42103013685941443,-0.6884268758728429,0.01683258487992865,1.243745244726727,1.160949695536353,-0.5564959335826389,-0.13571165511412003,-0.5694367368934681,-0.2883626980487687,-0.6299022644299702,-0.27573788586096837,-0.8386786456043266,-0.178344307685224,0.6834995366075624,1.8195812442880073,-1.1707872943125426,0.3109589674927503,0.8131183436207784,0.06446025320843847,0.6505294226066595
2.7426821746142287,1.7678613909496737,0.475304477967735,-0.14468332379956977,1.293445465076871,1.0388755967234997,-0.3858678369103401,-0.8528679862583056,0.6190731048861842,0.09715013252188764,-0.28164972230902785,-0.7369353886458714,0.49983909725140824,1.6818516981295322,1.521290162663439,-0.3136110721219372,-0.020152665179866643,-2.0122366995841974,-1.3379608262116105,0.0038121577057220746,-0.2576254767663366,-0.7901096682490567,-0.41749392205049324,0.8743015525440764,1.857931119910792,-1.29861087410745,0.25001068947248073,1.8237699515081218,-0.8043785404920911,2.5406981705281395
3.2633452358131705,1.217941447172813,0.19291726135595305,-0.426021614986485,1.480591250992383,0.8202239686787063,-1.7876284509193672,-0.37330943243757125,0.39197215997074336,-0.3463320031239262,-0.9035809160453875,-0.20204017211445147,0.6539102720664278,1.2009788526278569,0.9714876745210819,-0.6360047205077081,-0.9235995223593071,-1.827880319409636,-1.2535757461438846,2.0838919684268005,-0.3811136233694033,-0.5650909475284598,-1.1333752710762033,-0.23953812500773655,2.1517261071404086,-3.1359195352815004,0.31880340011549346,2.715743344618305,-1.8682040212544475,2.544788201358159
2.6478524504618974,0.2825195334901959,0.14518915900264207,-0.5821797553327452,0.6387348372583475,1.1529978873494344,-3.038893879225638,-0.3431051073869593,-0.9072303459702074,-1.8322222021798047,-0.24381020760610284,0.16934519800959252,-0.41011988046283016,1.4083893760683632,-0.14472230739842057,-0.42737548057087577,-0.9930465322939305,-0.47787905545603404,-0.6591413289846336,1.969443844589867,-0.25674177363615747,-0.5296275342370682,-1.0567924732938478,-2.438222491550916,1.2970493261995795,-3.232164235659413,-1.0251005275749858,2.788638308909984,-2.8626430012110706,1.3970566804450066
0.5931723449756425,-0.37009689279645136,0.3783267997780715,0.012743728295783324,-0.5632146657585718,0.9105953559661948,-2.4416860143187047,-0.04999009770255025,-1.845113290538705,-1.7907773601986332,0.1073258072790762,0.6014182217274373,-1.4392618584044552,1.5595395517223811,-0.9783478859619822,0.1554105865898543,-0.4361140425999497,1.5647002929009397,-0.5345098666691729,-0.11056177017150229,1.0361532506463755,-0.7769289114728546,-0.3764078346877731,-2.688512406235022,0.8799142845380477,-2.752311190713951,-1.4610428289886672,3.1920442338281654,-3.2111313186656076,0.7753802247267192
-0.7899052313373102,-0.35114340783901005,0.7029592645870946,1.0389522939855251,-0.7671793329768022,0.1502828969985135,-0.2837463364648681,-0.3953859245442548,-2.3987281759744135,-2.224986147853166,0.3320728465743615,-0.055097176544675414,-1.3998333296895535,1.7429608988543197,-1.2390588843163974,-0.45836224917401225,-0.13303243123764,1.9713779425629874,-0.09408828259895335,-1.3374103213737014,1.9027396737076003,-1.0810547485730237,-0.1213863223469107,-2.337282498382106,1.198375053462409,-2.2957225468248383,-1.0766596290672341,3.3734166065343865,-1.6079187747825663,1.0154382404189002
-1.3116045722473364,0.6064192979661179,1.464133381031508,1.2522480384629864,-0.8410290325760563,0.9310929692053576,0.5762661643655379,-0.572839727653468,-1.787596686639082,-1.8889087452653472,0.8878380302160724,-0.7433104335958031,-1.5933655032688958,1.2235572900203806,-1.2503949942965882,-0.7218335658075431,0.5758172006639399,2.2242692176933296,-1.021319424964466,-1.390566223189833,2.210797556403943,-2.157742329582365,-0.10295000486705479,-2.067107990693642,1.5883101059327807,-1.5716303766157793,-0.4905600036409603,3.320056090743413,-0.12367427276241515,1.9760394861102661
-0.9887471561685371,0.6453391297300602,2.7665219624709803,2.0741791662317626,-0.39421720270338084,1.889153023217572,0.3149905542702567,-1.179586705044775,-1.7966550534690324,-0.25970419678995826,0.7218489830642828,-0.6970625236112147,-1.3634934087789377,0.5528694624868761,-1.5546433577667718,-0.58017857835211,0.6952764017951457,1.308056629496537,-1.0275691117526677,-0.9754318089844356,0.6954180574187226,-3.014215289731983,-0.11850927391576888,-1.838830262304847,1.4970342486076142,-1.7333868387650189,0.36782656451783746,2.888515970470563,-0.29910871105118175,2.465401720343391
0.08476704433877247,0.25411836532106835,2.6877502927086643,1.321771947517921,1.195253178903772,2.1115281012628118,0.1906388142486981,-1.3815980550964206,-2.240783065448464,0.5042318466972227,0.5602688189876482,0.6569372752044871,-0.40257758317637454,0.24657339165393094,-0.8538227461832459,0.29850210334977945,0.42389221379076536,-1.1465412804435977,-1.6131779358849108,-0.2852914487473738,0.2059577288760438,-1.696063797811187,0.42149873369835433,-1.882416252050206,1.4444459627682547,-2.532896376647121,2.353031042385041,3.2410993455386463,-1.8248481732236912,2.485264657827944
0.13082003565276046,0.01827550400822589,0.9962322567464278,1.2871499743726404,1.616648160654693,0.7983472509899624,1.014927340432166,-1.196563961492466,-2.017541917738756,0.07672651475265685,0.07997672116272353,0.2878590578340633,0.16836098526083076,0.5571517905991756,0.014261957016267961,-0.6520214695321929,0.28851356897265956,-0.03231515689337186,-1.1257035032143596,-0.14287311541337178,0.36578305991013277,-1.4105471022791085,0.18783958424231273,-1.0459672050487754,2.149802306638845,-2.724455195173479,2.754779388889298,2.662638784143631,-1.7553316060794797,1.019429603589923
0.329886108273939,0.5645911111762767,0.17795418688303627,0.6945145853553594,1.6660353826466139,-0.3215308077699267,0.7508702938624696,-1.076083087301249,-1.0642600554100656,-1.1051736163128727,0.6100808448524065,0.4165681384945141,0.3297745468589121,0.8422045661262831,0.12185795136429037,-0.7302575431785421,0.47040548688438166,-0.2019122157776197,-1.1179489943079384,0.3170327105149021,0.9461568060312386,-1.8542161241020092,-0.518280595021159,-0.014485559088114275,2.554413979968363,-2.3867640878996363,2.246298286200211,2.8427393176020987,-1.6578905762822103,1.206731266594943
-0.45346291593044075,2.5815438940367357,0.03835607262262371,-0.8291157253304275,2.484871559913206,-1.649477714224737,1.6045089972252442,-0.9944283203175253,-0.7149706361681367,-2.7633775728747656,1.2445688135363575,0.10995134302887116,-0.21045941154301562,0.781889009579546,-0.5964349412978103,-0.7848323533096441,1.8814550536465993,-0.24374277975060218,-1.794793878187817,-0.22506278797020363,1.6176754575585772,-2.932274675141427,-0.26073019949197856,0.5158104279308233,0.4562563433707838,-1.7866324528714397,1.1424526478665498,2.220883692496181,-0.6059980920716296,1.7472243772185383
-1.2698111896638613,3.3967610546842715,0.1540186812799993,-0.08791428072694674,2.362707508825528,-1.7771905176796117,2.2282584669712033,-0.725422448676053,-0.44700521931585846,-2.275829494347036,0.6578033337013346,-1.133804965804191,1.2787680920619584,-0.2335163060813193,-0.7971898257054881,-1.3452451309146787,1.3746350240873022,0.2474126177202813,-1.5343207310185747,0.19015124699270913,1.356091598768229,-2.93704287160902,-0.8799287236633976,0.4039299663103776,0.41097646846682667,-1.0621479599949246,0.41701248606803587,2.285831731229212,0.77673647687111,2.1592761188807224
-0.8449835611718655,3.5073081187001227,0.1577545021592311,0.39023585953703477,3.1195080691910615,-1.9556275990173344,2.2179696361649457,-1.0258531757431535,-0.18303395651696536,-1.5418091430197034,-0.5319846476424779,-1.577579452645523,2.1293847480476,-1.3653556999901295,-0.34775422828906855,-1.3956114126377308,1.0936984919388792,0.4624752083858224,-1.5470680824716536,0.9509137274290379,0.5415808897107475,-3.5499857616879194,-1.6804775353452288,0.3051880312701678,0.009098031265701634,-0.855684967230854,0.3178095394559892,1.6603596061883932,1.0797810104437693,1.9331560871086144
-0.5081690285773208,3.0852837119974614,0.27674163802171975,0.21636279296243127,2.9715398481871436,-2.6971653666918116,2.035790292789886,-1.0945331465510137,0.03882689807894857,-2.2137413023991934,-1.1506011684548836,-1.8357105014257151,2.596481599146574,-2.577154821540388,-0.7510864716396197,-1.509395681201132,0.4437976524472066,-0.6470912939820698,-1.148297340952376,2.336680947558601,-0.3963583310660256,-3.2527657960749283,-1.7073999223700245,-0.030384540813980274,-0.8780243213736478,-0.6720612902223023,-0.3908815987867753,0.6197362728170084,1.0200910296141297,1.5265383976685576
-0.7164583307833621,2.402089234094929,0.6594980455025906,-0.16597910874803956,2.6293177661195717,-3.1414140559414956,1.6451654379672171,-0.42970076047504363,-0.2626838551532732,-1.3883452257057693,-1.6685266734019168,-1.4569407490722721,2.371848927162755,-2.7429029808817122,-0.7394620938456269,-1.8703374490541897,0.1947623050299152,-0.3853346492849613,-0.9295604080512517,2.290177802103631,-0.8551497682271674,-2.936128863838393,-1.8955727084752978,-0.6573283389216944,-1.1995351551182132,-0.685303211917918,-1.4264184143920056,-0.5046437717274377,1.0976873177557271,0.6154508155177367
-0.5903470958392302,1.14494002448032,0.7457023444679223,0.022793275086203255,1.658413990397974,-3.1167191948871777,1.0556490479775797,-0.17087557599081687,-0.4185694353586264,-0.6343218796755055,-2.5678700986632323,-1.5844290419841562,2.682637536393721,-2.8957393263824924,-0.03365402366140374,-1.240792025090245,-0.3574008919852466,0.3850107342408883,-0.5551908549511476,2.7377310158974018,-1.6512742953138202,-2.475438888370295,-2.1070918762318387,-1.2993469971790899,-1.6249165160385655,-0.8861680205573332,-2.380457140165198,-1.210402098833263,1.0859260793760217,0.4901219523816378
-0.39554325160461656,0.3559850878786439,1.230144003618044,0.40453286699032664,0.8029395475534142,-2.2154045506088376,1.094710755053578,0.15756807936685757,-0.8167520442318097,-0.8788101759049435,-2.362825983182604,-1.5849393790333997,2.3722276326745435,-3.100626526959431,0.7337388461596912,-1.016078860449101,-0.8114528737212575,-0.12201083034161092,-0.13862446405256929,2.736707990503331,-2.838747427878102,-2.1605957435141203,-1.4642479351489774,-1.6750733270012077,-1.071658645509145,-0.8578649746708211,-2.4555550638449404,-2.160996094532698,0.2295896492087661,-0.3224152580937212
-0.25482429589302996,-0.292924171929581,1.595034809157915,0.43030798251901037,0.8877138385324043,-2.4719875901172306,1.6385787832461491,0.15748876549009644,-2.041717200904922,-0.23687532375968667,-2.5667434633603072,-1.368657605212126,2.037674312068457,-2.593248522703353,1.6474078353333659,-1.017206607787293,-0.933504278990106,0.11035351673734867,0.014486989164218866,1.7464535123606417,-3.4331418601137496,-1.629859331802432,-0.31381390380432517,-1.7564932557878712,-0.1680205736307786,-0.6385366181266062,-1.3698834694627366,-2.478649069397477,0.12264097725323049,-1.3708856081242935
-0.42210753196899237,0.36315442135676756,1.361586426617084,-0.08265140594285447,1.4542818016496366,-2.9036431911063727,2.522532138157782,0.3988117197867528,-2.02780700526945,-1.2850010606365176,-2.287488242575667,-1.9806380831225194,1.5345267562984886,-2.2480046066752806,2.692978992045334,-1.0100742108635352,0.16274121783444098,0.1097415850616218,-0.5901871959998242,1.774361019328852,-2.712598626887537,-1.4091498391467683,0.30493724360632724,-0.5878304571167218,0.9440238536453647,-0.5813743111829912,-0.3318444705973458,-2.300939231327797,0.5480698503806863,-1.3714065655009944
-0.5060576283200044,1.5174731872564422,1.1933100124316696,-0.5520451166463662,1.7566081227733439,-3.202487607367208,1.7612677002667463,0.9078946281987893,-1.4650514212181862,-2.141000557693557,-2.177591203833406,-2.121351655393565,1.7876856270321728,-1.681208413272729,2.6891765932334817,-1.1159353015175968,0.05756862894164214,-0.30223643918207865,-0.5706480891780176,1.951787300208826,-2.62152730485342,-1.4294141922700385,0.3102942673036311,0.38966699631029716,1.3489284287493564,-0.14535642371000307,-1.0210032937552354,-2.1016577711426345,0.3359743043827733,-0.6980550757055902
-0.664017666516477,2.3267219933269208,1.3533669797494148,-0.69023131127362,1.428785302474733,-2.890248038416116,0.8650568968136554,1.0332109660344586,-1.1518814319285897,-2.379166261676633,-1.9697546215801203,-2.5713412767082016,1.3139538451899513,-0.8611934377086229,2.8414806657805665,-0.9963040840530484,0.3992481786482909,0.49404554657926364,-0.27311686917279393,1.9839276879192285,-2.552906560066843,-1.811243712833484,-0.1847912129248171,0.5419215836508304,1.6236884059950265,0.15174590160847834,-2.369754000041287,-1.8905928011450552,0.44424977210318756,-0.7160692465010663
-0.050134735729508884,2.505952095930093,1.84919858843114,-0.9827010300539946,0.6145936162362361,-1.8150241703127177,0.08490728773013981,1.2130499130999315,-0.10957407049890455,-2.731127349083695,-0.45408566948374657,-2.335895386308137,0.17388386485117613,0.3601281164887806,2.515711407719757,-0.0552961838039366,0.4687893622517595,0.3357431493297704,-0.792831705803327,1.7983164384025816,-2.406542636576364,-1.112789632165855,-0.8308722404091702,-0.46509102207843916,1.459067367772167,-0.2781392618175703,-3.987460392963354,-1.873583472575537,0.3875575088734393,0.4785942129158356
-0.20393844082852478,2.633906872290405,2.175192248685549,-0.4666206058585032,0.17958684369920247,-0.5681725057846372,-0.9862802373252206,1.6899064881373351,-0.33554619262751734,-2.5205975073945397,-0.2390241718224559,-1.4903064109181332,-0.4221138966820283,0.8151470535119911,1.931334294583472,0.5472509532395121,0.6586421403736582,-0.07295604939513334,-1.4648221294528474,1.1706497697900247,-1.7135568302255066,-0.20794907087664846,-1.0917922695536033,-1.4678786900473724,1.0264486954960605,-0.5320910730197229,-4.108640064029341,-1.3385751491579838,-0.026615028454473583,1.0781771520272825
-1.467591769789758,1.8766880042873468,2.541424530317506,-0.05087840233182139,0.8875240016968399,0.7725637811076923,-1.8134421881506553,1.5031704373926587,-1.0835359506859472,-1.3630227878945882,-0.1534583728309215,-0.8832799727663463,0.029098727247656275,0.9412334630197043,1.4711976596610117,1.0752731513843479,0.5725760023780033,-0.16913628407264886,-0.9789338624668417,0.08620568311682464,-0.9039262451203489,-0.22914882943155185,-0.4365434726015006,-1.8111310375139553,0.008272269730065174,-1.2241850524582187,-3.3541536708178317,-0.8176283847352176,-0.4497774139755849,0.5827202042055333
-1.0581163429870848,0.9525588660864215,2.157178324985807,0.774609506136041,1.091669666867145,0.2602480389525356,-1.026573439749215,0.8383387630542944,-1.6448481521566056,-0.33119573104239464,-0.6806439677830958,-0.502590463894016,0.97704284062553,1.1781475892413815,0.840300471447853,0.6467780720339422,0.8173862652097136,0.21624806080985937,-1.5788928366344188,-0.6579272482478693,-0.7727113113177192,-0.9562568169316714,-0.5746350510301385,-0.9902526421161763,0.32803517902560103,-1.6921180640047229,-2.2033318348072206,-1.0909088640379534,0.36826409398410853,0.26758582921231594
-0.48252109154489164,0.6556666880812192,1.603060884338356,0.9147382889335958,0.8380356962327816,-0.30869023473681667,-0.6263962575708129,0.6225711787257535,-1.3635968930603137,-1.598651680755188,0.13352213409032015,-0.3771206873386964,0.9078109784212068,1.6904109004837355,0.7622712519798858,1.0463880920088144,1.2744447766526619,-0.20106126900147428,-2.8077165606478975,-0.39420876991651027,-0.031113222836014642,-1.1266609466974347,-0.41667207610654206,-0.6001616809343745,0.2777857228742918,-1.3916006307063014,-1.6159791278220075,-1.204931466818647,0.8896336550376328,0.7488522210685322
-1.2118521293924036,1.2138322654705767,1.6973370180688456,0.3582133087856271,1.150256881272484,0.2054942748595492,-2.0130388224925784,0.9026761352667311,-0.5170760449202279,-2.362048801526107,1.4469527360922005,0.2395425230332604,1.1207751323185018,1.472921698626468,0.03935195283599948,1.4753345690188637,1.3584061035220047,0.838237431001683,-3.468049841378781,-0.41230138861818655,0.09156337522466632,-0.9643713768008868,-0.7183061878233008,-0.8780830643552052,0.06916105606705869,-0.3292615822985651,-2.625025122052079,-0.5589492805461251,1.0251396299669862,1.1135871042433387
-1.6684051222274734,0.46961687041021266,2.7621137130428743,0.8483731294737882,1.161264535194648,0.45136462011944156,-2.2638541277278463,0.8544532984359916,-0.580984230081689,-1.1580283728999703,1.8002250533378952,-0.06307054153195102,1.8409832735430607,1.6667961396786413,-0.2391471779520484,1.455506086745324,1.2009701541349442,0.7502371001007986,-3.6619994280071007,0.004224667488181844,-0.4524497895486863,-0.7336229779703142,-0.6298198187033596,-1.4171405188579285,-0.8130083662299411,-0.0869478436632719,-2.4620008619368585,-0.9041261848061066,1.8793497418164595,2.1362117980275035
0.21547187663774953,-0.8697942279367261,2.0207420334270463,0.9101835252501843,2.5284342867908824,0.45412752247206345,-1.5011861984560344,0.7379655825971594,-1.1822645651489134,0.08056503333538878,0.2945284958956393,0.21277245089175556,3.0481951787772643,0.49965643637609036,0.7408804730834695,1.9941630037944584,-0.04336320230487256,-0.8913307362237946,-3.865805937741873,0.8000817379698799,-0.7590512074656668,0.00438939711322589,-0.6326568547441105,-0.8916834351040471,-0.055098994339812135,-1.9910349579792614,0.356018173417964,-0.1441269002291577,0.9430480625779853,2.1769562405301137
1.603350101285562,-0.28142444656566457,-0.25829424283644853,-0.3892487394598766,2.64626274340596,-1.335129532064183,-0.9614717243088549,1.3672845302289331,-0.45735952801580837,-1.8644418279351762,0.17144123217326063,1.5523734911824594,2.853202379215817,1.614439185294853,0.5895448562801654,1.8464875527316882,0.303354713661688,-2.069824319129549,-4.097769251144425,1.3601845388207667,0.4758550046775487,0.025080681217948153,-1.0418363916141211,0.34946023790154657,0.08148149711068825,-2.696353780149821,0.1243752860388308,-0.28509200416541675,-0.17766848026172755,1.7356241989600159
-0.0790626348448491,0.43858803095803955,-1.0706163160944857,-0.4330617670407002,1.3401338560521405,-1.3599596965579708,-2.7345710116267297,1.5947488327993875,0.5714014050445289,-3.3726140231475408,0.9448445829630288,0.7628663176801276,0.6998883018743971,2.3628908076714312,-1.2010377332691928,1.9404570424474021,0.90901473646895,-0.012959007436340417,-4.231032428603693,0.7810921650084001,2.6174381835238716,-0.5833597373250279,-1.7167921466257146,0.14950795996565483,-1.0523129948502983,-2.3795746433007423,-3.409850814394849,-0.18218479043290187,0.8713367643993819,1.739311785534109
-0.9396537662306548,0.46341731429723887,-0.5176742081789956,1.1092669866275604,-0.2858767064015876,-0.4921488239784423,-3.059343708494467,0.8382905522504556,0.7949212802625192,-3.536914570296002,1.7358593044274846,0.4602363598076493,-0.315989946382538,1.7799639686870368,-2.498222002924022,1.2395509603644737,0.7350142016903192,0.1335612100397613,-3.9017284668752135,-0.5871519865921808,3.116382717156876,-0.5550788736780319,-1.8045538004773471,-0.3076431425785244,-2.4253259023449156,-0.7104205990157794,-5.413669411514867,-0.5335907070381305,1.580572718127223,3.2029630347644433
-0.9637298899860398,-0.35385352800524633,0.889609648811485,3.4396459201637857,-0.5469000420776137,1.470211665676082,-3.1271714165853166,0.3235586106596806,0.5428093004723326,-0.3819964975881187,0.7423816243807966,0.9490828302928269,0.7964760752209168,-0.1177077306461442,-2.6059359026071696,1.2914750554424383,-0.024811044066234272,-0.2086121192465763,-2.9129511679141586,-1.5527887178458528,1.696390169602119,-0.5539482296889843,-2.2794362932289003,-1.4249406750748226,-2.1401675987096422,-0.409847249342571,-3.478653416595256,-0.45478236992169785,0.8098539231680054,3.0670731704273244
-0.44755251754221004,-1.6963415035037612,0.4353976601737992,3.484194704700865,-0.3717365076970814,2.1951154906702857,-2.1431463401254303,-0.25613379164493766,0.11215185168732411,0.9318140382174323,0.2394548954927357,2.0923815390786427,0.44010438199330404,0.020601773549115354,-2.090747142865947,1.5432724487071965,-0.3307044233946774,-2.4114216494415417,-3.1847487251730158,-1.029171509942344,0.9650843764116851,1.1998133835628557,-1.3220684045366358,-2.153195115102643,-1.2481420008732453,-0.4744467904762572,-1.4777865855315944,-0.3734817222688558,-0.2909552244480068,1.4314594817212811
0.15007605836333993,-1.7830560817482848,-0.5109444261469853,2.75332289405521,0.29788969663292886,1.907376014750891,-1.5527785940042471,0.049374457324151466,0.21886926931331607,0.9547294244825391,0.007028829681306803,2.9175839429102743,-0.5322094444469498,0.21429224283451384,-1.1837810774730437,1.0909694588463814,0.20569531958493537,-3.544397515214393,-3.4616226350911985,-0.4795630798189146,0.9738750123896103,1.8725462309230574,0.031628626764548695,-2.0960101801216284,-0.6162585825730613,0.03819524417047704,-0.5913096505525582,-0.2923793736305509,-0.8822075066475511,0.4030394385487693
-0.3810462356657418,-1.5046543225309195,-1.4906371160201102,1.6203173117871121,0.9538463516199271,1.2548860509042785,-1.059290168398638,0.5605890614059699,0.18957447662370563,0.3561789725184436,-0.5258264287452856,2.56200164468708,-1.935067515330863,0.21266002360399533,-1.1601054746308876,1.3172066136758707,0.5473938334390662,-3.358135979999869,-3.173056040810745,-0.8067719211050676,1.8795557029540342,2.298963941755021,0.7273036446418255,-1.899199807377578,0.22552874033601777,0.7096646228233766,-0.52542189490895,-0.15491555340521912,-0.4109458776205404,-0.14408701864391904
-1.1500016445173875,-1.18754807796125,-1.411491582148567,0.36212986543895953,0.7969150234296059,0.6826458134682111,-0.6480366891148069,1.0435936785501125,0.45972184605495386,-0.34920400281350145,0.009456117990810808,2.0735030307489923,-1.8287114225217134,0.16624096098201419,-1.2516962050034661,1.0970468739769434,0.748381042581645,-2.3677679251748476,-2.351739085436143,-1.7291747870360457,2.525757528265126,1.7382730218614795,0.789658376031589,-1.96125389860758,-0.37558817965704916,0.7018670371536564,-1.4596033763595158,0.2704455662667302,0.6391382925105867,0.15025429752925512
-1.329336730345032,-1.1574613451898088,-1.448159116432426,1.2823101030520938,0.9204857066014428,0.4198156843726586,-0.7040372809958404,0.24892942830841852,-0.42511741945181947,0.2630554975583852,-0.928134234596481,1.3641819996298554,-0.7690622730476558,-0.30087207996083587,-1.6185195156402492,0.15440137832158218,-0.3004712062317375,-1.0549056570420894,-1.1477245381605943,-1.9772946809761154,2.0913476728932525,-0.07421865566755792,0.11705319571287484,-0.8860849200834516,-0.21236906017983154,0.6379586426439382,-1.4299952619506562,-0.20326776822940548,1.3492959491178078,-0.2663724763297829
-0.6013112720779832,-1.634303597268347,-0.7581477444284263,1.8727482576790484,0.6304822834052424,-0.016078197168794495,-0.8529247216122339,-0.11880678989622173,-0.5037700238378265,0.28192786734056735,-0.930941088186023,1.2888840944550128,0.5634492371562648,-0.5267133720260053,-1.2584941145486448,-0.11912073572185011,-0.25536703230344654,0.03828967243162151,-1.1176196479184761,-1.604766216484555,1.685592705606681,-0.7365224566744888,-0.7546806818010191,-1.163115533536935,-0.19641575311979792,0.43879545930785224,-1.8256799633793335,0.0546596813203636,1.709562141367573,-0.14393737539304652
-1.1304202023844956,-1.8005055315096248,0.3183673711117434,2.1356382170322945,-0.39645323682621453,0.16475782242970993,-0.4413293780819857,-0.21484533748661488,-0.936243530770334,0.18396404778910597,-0.025969996566039877,1.1021151757581156,0.34055443501405724,-0.34141247368601924,-1.3871172246298014,0.8465588562237932,0.22686008681200898,-0.3240370595399611,-1.5746306046077263,-1.4703879985594082,1.173676646056283,-0.721311222278745,-0.9498957116248643,-1.5782075104711484,-0.9764041686215031,-0.10674408299213572,-1.8957435904769726,-0.6966181615901915,1.4356287095446967,-0.2065512537463675
-1.9480319681503744,-1.5818829450480276,0.2000826594892715,2.663395643847469,-0.35956218211753793,0.6553424991024459,-0.44826307935196774,-0.3069037369757909,-0.9728271045300333,0.018044421934931,0.18524860379453467,1.2047958675616965,0.3582458588181759,-0.4578256237715023,-1.9729183841202484,1.0975372989292729,0.4986632455943315,-0.3272769573374328,-2.2576037951743926,-1.4628339799952035,1.487692308891818,-0.45207189829003025,-1.0257232759000665,-1.0609035511525156,-0.867589602749257,0.3093811700547102,-1.499070997877093,-1.3380995055859786,1.60189502510612,-0.5655188105761757
-1.7596973893730874,-1.6823513108004031,0.05828214186275005,3.0951107987321604,-0.1721693594363045,1.0040140129059947,-0.6108609230471497,-0.4592503824606293,-0.9467372578701698,0.6656533439308258,-0.011801027345683224,1.212872625741051,1.0145657397930121,-0.5031410045215389,-1.4656035478192622,0.9769105564291469,0.6660154135769636,-0.27655446323730637,-2.65007493531055,-1.3622302999784048,1.0120923591413082,-0.18008517360394127,-0.9397586046886223,-0.9422106533835574,-0.7631839504529309,0.49714868495709486,-0.45560768922369177,-1.493524687106859,1.744988071505383,-0.7624223104535854
-1.2601089199712492,-1.9545900779323553,-0.14903218970177823,3.7222720865005465,0.41571446725722383,1.4045287649328428,-0.3716107171193487,-0.6475745605456205,-0.9742970624196419,1.8348357400483406,-0.11545500532013153,0.9608209266126801,0.9600766249646066,-0.8839067249579045,-1.003884264696259,1.0122907216308392,1.003102089478756,0.30852938329212587,-2.3536525690324313,-1.0350077159116773,-0.08898718094507813,-0.7137185764624578,-0.4258442123931104,-0.18310398319961202,-0.16635983910108065,-0.15255991169919492,1.2311116409566538,-1.6724015913448873,1.3009385522568626,-1.3266475894778662
-0.5260595351963964,-2.5858400292885513,-0.38327629572139366,3.1776351449311218,0.6172189778985024,1.007188346318757,0.39141892608978507,-0.8013859763263367,-1.330589050892818,1.8601968435097413,-0.31129620993321616,0.6675543360255156,1.41724492031718,-0.6453567097009938,-0.5051982344471848,0.8790570311690242,0.8870502676410004,0.27483114578463075,-2.444915051279119,-0.4607527027470181,-1.0056279704948419,-0.5092002866898724,0.14156312485829067,0.5937662228004505,0.7306066509730735,0.16314416505265533,2.383851374547982,-1.5291663806511633,0.941119192631732,-2.097639524661923
0.2486313343966638,-1.9625095585231915,-0.6050098115725895,2.3745624240209833,1.1248980939695503,0.568583267510262,0.23635011338995676,-0.862967982865397,-1.335198669912798,1.834602043391392,-0.317812093376536,0.5048922205977913,1.8900621995876614,0.20544828813380409,-0.16409785289500076,0.8119078487817508,1.5987123528506548,0.4800373151868147,-2.3835555772626957,0.0812573318719953,-1.631845306242308,-0.6665158375393943,0.07347269660499,1.2308823460172968,1.2426376737809863,0.20170318483349822,2.6891323789076758,-1.4399500625701893,0.3109912828568121,-2.6855280841862066
0.12354304903011892,-1.2012043419020237,-0.7108030263336766,1.322497653495732,1.0266255925510703,0.08372830070094417,0.4776285211788013,-0.6444184401923465,-1.228522497291728,0.8021840216763549,0.2393667950309618,-0.3143410027403347,2.1258841306817233,0.8966481107161237,-0.594193350891677,0.15981152704580193,1.8614857035184584,1.3088841933290585,-2.166314271040209,0.3151912743667624,-1.686640804723607,-1.4647051743737995,-0.053754860286616135,1.70386260087551,1.3395035273581903,-0.07523865620380178,2.2923732596967534,-1.9015728173767843,1.3078790036168653,-2.948584808944756
-0.07533627575960619,-0.8390777885724575,-0.6284048906727527,0.6413892466685533,0.5657211248109958,-0.2885085933264056,0.7317429446147995,-0.7171334317493301,-0.9684810601806781,0.1930548218860775,0.7077875909844904,-0.8072006341476565,2.187082752261958,1.1950206276485618,-0.5074385427891696,-0.02892026331273681,1.421523449790561,1.6203314722710696,-2.5166048333146116,0.5585691174637584,-1.709003785181475,-1.888650281077639,-0.0498709121429563,1.6483520249445158,1.1414064235521768,0.08186078933995367,1.3534058614062168,-1.682450058323091,1.4861482190270134,-2.5228036397135973
-0.01089383439104466,-0.03331441469475681,-0.7884809062786629,0.3595111340273569,0.5077415176190474,-0.7862490994235241,0.5030210286944568,-0.3732505532097293,-0.751754975830868,-0.32341281177019715,1.1517236404845947,-0.8368857083179889,2.223500771637679,1.7669384554329117,-0.5875156112098213,0.7410125960116295,1.8618940958669294,1.5004414935056054,-2.259170826653161,0.3209368250938932,-1.377504606723996,-1.517632054603478,-1.0343436173916012,1.2346852602035192,1.2122543945058575,0.4496366533974642,0.3806691118052824,-1.603989818241617,1.5730505560048786,-1.7876088068681706
0.10499738209811194,1.2313637653610245,-0.49308746334006126,0.006320030567545876,0.26475262588081777,-0.12340761414355172,0.051128578160319016,0.255766981653722,0.681347627136853,-1.7905197948723117,2.374881163789431,-0.648025369242287,2.574546416454319,1.9414481424202406,-1.129477270314255,1.0582178690809836,2.3651605503024773,1.09289361244089,-3.168463027826043,0.4189478062297951,-0.5481435734839829,-1.281758018458719,-1.3380069332601643,1.1478889774013752,0.12127050001479278,1.3998735702951715,-0.9344851044016116,-1.3134272372047335,2.1752274602127164,0.050886799696635454
0.14566373603459015,1.088874022667799,-0.09159729037826836,0.2706373414188161,0.46476519252783255,0.7776289323672213,-0.9945553596275363,0.4760092371661282,1.46849601844955,-1.5828669641972353,2.538747303583434,-0.49180932241557523,2.2177352833468738,0.8353340471412858,-1.898272459366785,1.786703781801994,1.1913003896568908,0.027114490814151626,-3.523619804277967,0.7139190557669501,-0.4365686073996712,0.07098162092413496,-1.8854357735666898,0.19567760564918385,-0.65844844887296,1.1949157957742933,-0.7815696754902419,-1.05742837704517,2.3322546765826337,1.1737630896112794
0.05671212076587567,0.4870939768088895,0.4826419013934081,0.5524368097520054,0.05409865196005201,1.384448887264134,-1.214196716326031,0.8878943516669839,1.2057238602953868,-1.3114913980927687,2.2923698008461106,-0.10587362427256652,2.2906350203743133,-0.5364420550435123,-2.161730788335139,2.117893365276706,0.6170580104927501,-1.5697839161991147,-3.4662555371654857,0.5300287409825397,-0.3317275527918618,0.9249484512943387,-1.000395585616912,0.15788186974585716,-1.1118897294448766,0.9164973362649507,0.03197119712995494,-0.9249516213338451,1.5536001914300863,1.0399536863151737
-0.14757789594520077,-0.5952697231110715,-0.15104436147645428,1.2278441221868546,0.8941876283814454,1.235904436942908,-1.0002967599850627,1.137135685414992,0.9888557365198771,0.09260633772776428,2.0015484918729567,0.3225075394786992,1.7757102625762948,-1.61907165149344,-1.1949881836876948,1.7358377203600084,0.3048968609063583,-1.328357779197113,-2.0919624887780515,0.17176981364068836,0.021936184625990618,2.0698225268480055,-0.9556976547843465,0.022846671385975625,-0.4216367378326811,0.4792455220446382,1.9222671529770343,-0.4724581983232714,0.9260359512885221,-0.039686980240173364
0.5836143641829463,-1.3033132655557496,-0.7878554475475291,0.7383331089509514,0.5861774775087437,-0.28892908136772116,-0.5401406853079429,0.8780861596500487,0.3748599846219919,0.008988709107112747,0.8847144081553492,0.3046976867032676,1.2218313830630294,-1.7733238365383772,-0.7125755096572095,1.0978551182725476,0.6174195988552061,-1.0082017532616308,-1.7874237874934957,-0.1958497274338014,0.5403842638680094,1.9984903368271976,-0.003545333210063867,0.8522067898954988,0.5428722097509688,0.30506512437257327,3.2865392908344693,-0.33079387304329755,1.3415046191004565,-0.7545263780747961
1.9955194518043704,0.37084621181701694,-1.2565296923121423,-0.4065573588248309,1.042117271551834,-1.2824603040136924,0.32520306762327267,0.870047368299517,0.617710597387899,-1.3657741568760744,0.597159456464732,-0.2545635213648929,1.0545333759595714,-0.9209156196714788,-0.06133935960732967,0.30312856218614,1.1457442191166516,-1.8225865784568276,-2.5885950528041337,0.45563634999327035,0.24643616263461832,1.0445620983478225,1.4229364045604693,2.1807388337109685,0.07247831807421151,0.2140411290180695,4.0486179158426046,-0.2416231275296904,1.575644599934347,0.18948949856177832
1.6471001509012981,1.3081097807664412,-1.352925144247512,-0.5473346581072748,1.1126444649638896,-1.5071705301943905,-0.14673495767850048,1.212884522509496,1.3313890016748036,-1.0950589496021597,-0.28621685204529035,-1.3111339915243068,1.2900031853785086,-1.4396874601651144,-0.27608838586063855,-0.10077110414905024,1.2092894309506192,-0.3363088816084326,-1.6325984830486207,2.0215844229670585,-0.43121001356093813,0.6269844903035637,0.7228872099351459,2.4866380045849663,0.3618534551730821,-0.28730387228342624,3.208122725100747,0.3137476833926364,1.5828286829649294,0.26844683346448683
1.9449206083192145,1.5090856870817444,-1.2478467425046926,-1.1307940103148828,0.9724003687646684,-2.405986628442718,-0.48009248721614484,1.1640840506917511,1.2873673257123937,-0.8188756420616607,-0.8540717247359251,-1.460494191339143,0.5820071428000798,-1.2579882723431528,-0.49874980416189646,-0.5602684877763969,1.1572322670806192,0.5482724915766052,-0.8912089546462854,2.6615934375896253,-0.7860399495058401,-0.0067348733156253615,0.1712955921173523,1.9829758207428199,0.06303852453109793,-0.97382929015514,1.4414399160769644,0.6341175683312388,1.0515530421784967,0.029712683257343497
1.7245619074536904,1.065163220534493,-0.40263541128110664,-1.1718520808322892,0.010152489005801513,-2.1300194836013526,-0.8845217122768726,0.9692421072336839,0.7081219417216742,-0.6707568433255129,-1.2339318068583327,-2.1845959432800837,-0.27051334572592994,-0.30143080378065035,-1.0326837226535626,-0.738670114137578,0.6502367955725705,0.6804580238002688,-0.14117211762918025,2.508880446451898,-1.5716507949340988,-0.33342079142282954,0.27370201109248377,0.8932787065039987,-0.8331800628849608,-1.4735493739825958,-0.8861648828996925,0.597913520754507,0.42602619570253014,0.08501777001899147
1.155151685277244,1.360091060171896,0.176052979407886,-0.783069059735954,-0.031912196880389876,-1.5299830619577497,-0.8157405963774703,1.02503243567124,0.1927464562240921,0.535431650916858,-2.119488804846366,-2.1535109553357574,-0.64937172601868,-0.4182831524643461,-0.9412247301206078,-1.2060046579977515,0.4997972554636454,1.1051371332491775,-0.03641145599642445,1.7835477479530373,-1.8630664960160028,-0.2815810914038371,0.6463324009770569,0.16511991984100532,-1.0695901100343848,-1.5704469506966543,-1.4108026793839656,0.4008312847922574,0.5983107791828783,0.122817591808146
1.3342989070702478,0.23565790767101774,0.9109227103695244,-0.056956828488342603,-0.22556299488240467,-1.2017538898866338,-0.7107825961237284,0.19901026605829342,-1.0450515492460406,1.2348013093003338,-2.892081061045518,-2.069773329255267,-1.1580295449497089,-0.3329228818431059,-0.5080113160943716,-1.7788031122273176,0.42207092257732837,0.8804895988887599,0.8458695052199092,1.7628650745796475,-3.430570602163649,-1.3157590415565974,1.4967383300439165,-0.36688880930944,-0.4430574089374578,-1.464600352787184,-1.7306815438811105,-0.08887810280454245,0.18130706121904105,-0.9086903936787569
1.6537328566270073,-0.23723774396186623,1.152497596665024,-0.24604687756146448,-0.15614704167973897,-1.1206498493075263,0.19695640197699843,0.4248795489379641,-1.404324283568908,1.6396134172186163,-2.559728487433569,-2.0658809761656043,-1.5566693613584708,0.7599214783655842,0.4030276437548617,-1.4734859752244183,0.715308403154726,1.3891121977071141,0.7184354624934975,1.5232225235850518,-3.694567629986734,-1.1507080505544283,1.461781815065829,-0.35012944314354877,1.2995591783123295,-1.1465271490278814,-2.1355611590985277,0.38378827357403056,-0.5293579584529937,-0.781227408447763
1.731177271586871,-0.27730014646393386,1.4753456061878771,-0.5357487605128485,0.27888257157922547,-0.3735787218490498,-0.06798118024948949,0.8560894545591106,-1.763613246432095,1.3780446239479758,-2.1888522647635704,-1.9311402613385769,-1.7178361697419962,1.5201357901838208,1.0205771099786378,-0.8258948082685144,0.9404733733971805,1.1372356329019953,-0.13596903127432727,1.1999553893907542,-3.1364938953304784,-1.2138483498006432,1.832031239283048,-0.2379677957651008,1.8751392523949053,-1.511666946723124,-2.0431127616828206,1.0664036415137648,-0.6291033121195805,-0.2776300982452795
1.7581290680796693,0.1085043750586645,1.2949406835428605,-0.19862066014480118,0.7170574935046526,-0.2363455599826884,0.015295754577756846,0.7627776754504001,-1.6997893318004231,1.3369073880064544,-1.896600757204624,-1.7191844548745527,-1.1015183095233352,2.0082471046905184,1.1641907890521206,-1.0922666563824857,0.8399080302009937,1.1322305447295236,-0.22861159287595453,0.4807656403005365,-2.771315039277729,-1.4273184793073548,2.1024399605655817,0.5225391720259241,2.2115603494793294,-1.7684241869821848,-1.4363639561027295,1.3968062653140723,-0.6633055877172618,0.11660712617263957
2.7656039239684853,0.7219931831302574,1.4440147259215974,-0.10736122941168924,0.6248926904042769,-0.19000165661559842,-0.3405104483744502,0.36660322773449494,-1.1872204232629593,1.1409498426592593,-1.4832659539539939,-1.4619247910002342,-1.2233388828830227,2.725201558413207,1.0336361524923414,-1.1013250381468742,1.363162149668833,0.6277724310269013,-0.30941737996899765,0.9947813609721008,-3.000187478967835,-1.7577516360831942,1.4569845770157572,0.9325464364873722,2.684387479157143,-1.834546248588368,-0.799027479691965,1.4282798482852361,-1.1034366005176302,0.829021512345101
2.8209500995311,1.8933330745631047,0.8228717510761862,-0.9934047891284814,0.1646808311699247,-1.428114227175481e-05,-0.6743161033348115,0.8363132804471225,-0.017471651917677522,-0.6138704941952469,-0.7845277378007863,-1.9632232939006176,-0.8226638197351486,3.200483448977257,0.7173643150357993,-0.663521530342221,1.2878627613387044,0.2530959183484292,-1.3532702138994337,1.3375858157899605,-1.7042233666642481,-0.4379237384861385,0.9687620356269392,0.8084430988262143,2.437059025213088,-1.7515933216296564,-1.04698651919949,2.3740386919510073,-1.2585244830685143,2.2272571712552858
3.306379609872092,2.020678290902974,0.9828653909730625,-1.3053563620223778,0.43682060440094694,0.9676951735074779,-1.6319905624952455,0.6295298381124667,0.7812343082459299,-1.02739467748723,-0.5114617909358598,-1.4521708716894495,-0.1565222477048241,1.9039924358859488,0.4922544486732705,-0.7229482567540189,-0.30419334471521436,-1.0403652325337902,-1.315814656463291,2.584119218619043,-1.0711571145084438,0.4996446275739941,0.9002197690055422,0.6856370242519496,1.6677320385448988,-2.0039071261048185,0.11782498544939293,3.5774404329106706,-1.6453165253362037,3.84735223335761
4.317801948017396,1.5654089242697038,0.4572631127664625,-1.2252456729781938,0.6231159206558659,1.3708861159438914,-2.2833484977764207,1.286409747568714,0.9210801922763409,0.003822798881332079,-1.756798309793734,-1.395682551113313,0.38738946616752157,0.1472117281468901,0.5114039638730048,-0.776892908671683,-0.6696244086312981,-1.6047093929978788,-0.3556489805405537,2.9242038182475594,-1.7221413602465643,0.9096580667014469,0.8063991918327912,-0.22042444703135844,0.8658503077499684,-3.5143636157833362,1.7239147483115724,3.3371525636287993,-2.5716076557295633,2.9337679861610066
4.774292608432955,2.448122696896414,-0.8061902457298177,-1.6646118990763525,-0.5387878182001126,0.8727342612143666,-2.2825768031394107,1.3249308659805354,0.17668815404497928,-0.7638982241902401,-1.9972351849254255,-1.827955895270513,0.16951535359283465,0.18786937806080445,0.3974282500773447,-1.7210202665651804,0.1635606679119408,-2.319014200341275,0.6737152152140078,2.221792416783483,-1.5683988299917289,1.0816064323189662,1.1322730921540656,-0.588030339546579,0.8929149549558217,-3.0209877768703954,1.9113966927117758,2.5554228132122714,-3.5152700874488336,1.028341028713101
4.242557582077554,2.6454943643488553,-0.4428251190539446,-1.49671856155339,-0.6896055695717246,0.9359722236719084,-3.0576823983726262,0.48280799759508364,0.22842413475503706,-0.9108121182647424,-2.2338191838226935,-2.6699251172324243,-0.40776419223963367,0.5568089394689295,0.6239919904318141,-2.394425744193367,0.11444953340169761,-0.9528897619355665,1.4553900973568736,2.3171898934761135,-1.4796360093082934,0.2331487811957227,0.9468291169734675,-0.4923395995823441,0.5100519759224189,-3.1328461367356017,1.6745720555804744,1.8597316219663287,-2.5789143212989303,-0.09108322800254487
4.23645414871192,2.514316931629687,-0.5097435601886897,-1.4419264494052682,-1.5047262490136277,0.8049653169716844,-2.6338166249195147,0.17726836900677034,-0.2533169916513639,-0.8537588053084536,-2.25062910152272,-3.510782787252796,0.17385382094000612,0.9615161195301943,0.49349605044941136,-2.566983181737592,-0.18206072588116978,-0.358544849671254,1.7155298589134245,1.3402709188477697,-1.689143936211601,-0.03037484137318669,0.3970808251752766,-0.3659014511959453,-0.09545318699811706,-3.6850267691502117,1.038367080603741,1.4502166971200068,-2.299046642131932,-0.9331788824854779
3.7145733522449698,2.479766935162219,-0.008106379334000963,-1.0437597404337013,-2.619840443174687,1.4016655124032367,-2.6981293524515384,-0.32097620881300554,-0.09534264806376015,-1.0404274358550682,-1.7174567717405305,-3.853499687113649,-0.8039237853706019,1.6848645060499143,0.2581548181899768,-2.1618606644334526,0.30042971422697967,0.4146769878617086,1.7618494613320195,1.2542287485928556,-1.782476667918767,-0.0364317881094256,0.29657729963088886,0.08692355161304201,-0.23516398576883507,-3.8755478974264146,0.6728562058383982,1.2967600284419316,-2.455312776631454,-0.9360782660710514
3.2411325411542995,2.8388977109989817,0.4355882632460534,-1.102521548308952,-2.657098450835533,1.8839566776237051,-2.805372666988431,0.01950477995209199,-0.2720635658778112,-0.96192078731659,-1.661937370185757,-3.3189729162747534,-1.0533499368559154,1.9687557964473217,0.06710557717446738,-2.235164574889827,0.6227946917920206,0.36150089858026546,1.2387190471904301,0.8581569996642823,-1.4461982245865672,-0.46761590232604844,0.6193098891264635,-0.09998967059445363,0.17583001068462967,-3.870013177138814,0.3497219828966553,1.4937338477493503,-2.6926092177278336,-1.1412433142836407
2.039303401781885,3.110202654209719,0.005187995480609886,-1.2825599245252426,-1.391147987731173,2.1481486932133245,-2.1657627801714914,-0.4851483787778404,-0.48954277613419456,-0.4618697309961505,-1.5722854847328716,-3.164098382847307,-1.012691026196405,2.130845301212528,0.48133122741144574,-2.2228232457895487,0.7212599169007089,0.8146751584080656,1.046688577649981,-0.44417034160264335,-0.2722609758452445,-0.5536478538040134,0.9265581713284037,0.13001427184679373,-0.1868384989832984,-3.742041099821693,0.928750600657104,2.063635748048689,-2.481898900585941,-0.8302418816241944
1.786240529097166,3.0065594015393247,0.07129979738598835,-1.153895007197846,-0.8568266834491286,1.1843506754394566,-0.2944690036331895,-1.0924837921731063,-0.3000410916886529,-0.043996877577663976,-1.568453642005568,-3.4982563240352462,-0.9593621871559477,2.019356754279361,1.0474154760994998,-2.5195956952381025,0.6368505898497325,1.702517228003256,1.2723020792274173,-0.02511275059715501,-0.12659025927227313,-1.7288070089891452,1.042966998111058,1.3023758198253013,0.16190749931251508,-3.7759401816960305,1.8194203662706414,2.3078960183942883,-1.4804485381470391,-0.754375550567492
1.5589670088873797,3.7607706272046753,0.4328973011557048,-1.6414966155693798,-0.6695870923657131,1.420730086809335,0.33018415213671604,-1.2940499947983641,-0.2592788092573338,-0.6345645140912664,-1.0874237248106078,-3.5055683041496466,-0.5685468153533155,1.7031764044795663,1.1604599868539307,-2.470939442966901,0.6178830874288451,1.2969097961503766,0.8878864419443189,0.25648309382953294,-0.3778532568381967,-2.4229778556570856,0.32706587700003636,1.025290727486939,0.8726851995682614,-3.1421488629546896,1.5247185087300381,1.8419387464570214,-0.8520381547600926,-0.23149338379358575
2.1841446086323266,4.037389652104432,1.0522988568586622,-1.2129290636360828,-0.5069858314777793,1.3967961813019447,0.35135259143133046,-1.2486975778617708,0.3941986426558636,-1.0924113782467761,-0.7848359126687136,-3.416003320965757,-0.20563902997180566,1.535752519244733,1.5169876539701375,-2.0132971803680153,0.5114531098896481,0.145957655939151,0.7370514612680825,0.6864949653460741,-0.6626058764920653,-2.1950366033950686,-0.2230277406730249,0.7127287489617449,0.7199262236236906,-3.3486699004244223,1.1333709858349328,1.5548281020439856,-1.3701577839020345,0.8311473658728509
1.8885215823577512,4.3508720821660765,0.6850010711640803,-0.651556027988089,-1.610689274120445,0.8111016652737887,-0.5987235223280241,-0.6955754692636527,0.7263560953745528,-2.2281675266538374,-0.49857577414110127,-2.92618487926781,0.5372913715569154,1.2424418254643927,1.2020923934058914,-1.4013505556168397,0.3057799860750887,0.21768947138633823,0.16690618207309266,0.7379246253032558,-0.22572471196446597,-1.3807835723642057,-1.7731910311802441,0.2919127599677415,1.255589269978114,-2.655859381039649,0.2766219015868149,1.4009752209541813,-2.100875793753315,0.7899506247851797
1.5441455454036974,5.412437606511705,0.8304069491210146,-0.5615940861592753,-2.4450596105908144,1.2973704539262545,-2.240948050215227,-0.13637333362768744,1.3631981237145234,-3.7233954357159957,0.9010147827640025,-2.177121356419813,-0.965709993872462,1.4562300830705843,0.3891691660521589,0.07255590748317842,1.0406454965233454,-0.33926318943231465,-1.1081152342001814,1.019957008631754,1.0147659344207736,0.32234810864935093,-2.0754320887199826,-0.5023392538567937,-0.2637279715678441,-2.1927028033962346,-0.8200724906504593,1.5007246990868899,-2.5850013600710025,2.716283071708785
-0.05476199834960349,4.087024942822637,1.6164063708519156,0.7484076533497481,-2.411101592542313,2.5245834535633693,-2.8860974168110674,0.29240123850571176,1.4170069193038912,-2.4538934108946417,0.5151752222096077,-1.8810658021897813,-0.9353680623155639,-0.011853900989989674,-0.024063710958286022,0.3129304872881562,0.242787826722068,-0.585490969626699,-0.73513430554741,0.9339999702557524,1.206010166679217,1.115781117519301,-1.72727377252399,-1.4688301209670034,-0.5002313950582518,-2.270475580359359,-0.5377256931446169,2.0311638373259884,-2.646028921805664,2.3272839848927163
-0.3997341089759211,1.8520433415462818,1.7128199242574085,1.6892413081506201,-2.0068916362977527,2.959172339882163,-2.195839245908525,-0.15475104573258852,-0.07375576754144786,-0.23625022952159924,-1.1101082869272927,-0.8874413928685656,-1.4227344039351155,-1.362321710552044,0.24790340223393303,0.5731715564711837,-0.7012678561444465,-1.176853032661388,-0.33562717692804944,0.04173232366397092,1.4796352830964599,1.5019839012013738,-0.7165163998404248,-2.0403770931623213,-0.8283070166809168,-3.2897117529202387,1.1938866932812515,1.5960712127032928,-2.7321444441676754,1.5325745346757693
-0.21232804884417178,0.6964096847224154,-0.026037967394718226,1.8300429677218886,-1.5220988009534837,2.709385286817285,-0.784727313013617,-0.8610683696306094,-0.873769002635159,0.05683945620610318,-1.6609352947222873,-0.5840890918924984,-2.1834485700309685,-1.0306082565700065,1.1169135910312644,-0.5285073004188877,-0.8274596272920228,-1.6837289867972682,0.3398889948401856,-0.6734270453511004,1.6605333962679545,1.2379126425802789,-0.05319263369344368,-1.9782480844484542,0.4601326143566874,-3.0365143822399547,2.021636126813685,1.1731547628986552,-2.5964710707450385,-0.08808110512077305
0.18420657429832463,0.3866483547288194,-0.3039805273375521,1.23785999793242,-1.4468096736594136,2.9652221011446236,0.4526444271756776,-1.3835985681879768,-1.1981903269980294,-0.030922469658666477,-2.1239328759250737,-0.42909898624988746,-2.2307256082916207,-0.42070609773017253,1.4827220715467884,-1.253122918455752,0.08115203123202447,-1.4774491246540262,0.43398485015880683,-1.4049050891721209,2.0289680245553363,0.06510671442740867,0.8365571715860824,-1.1246837613631058,1.3388347062355619,-1.8721585103831189,1.9179453559730077,1.2630488823467514,-2.3111111134709077,-0.9056403436697796
1.496059529514965,1.3057022403609695,-1.2763572701335648,0.9972947886260533,-0.9773342220015532,2.287109508450919,0.576221391973359,-2.174324358662162,-0.5710895868349134,0.2967796852222892,-2.0200999270699636,-0.7794980783229789,-1.7210933373608417,0.2922195698722271,1.3010685537658837,-1.6007037805588324,0.04385585916186702,-1.7942049126341344,0.5966561925722855,-1.1302595625275678,1.2745494953470902,-0.4865396000583546,0.05699323374684753,-0.001698302110070271,2.0466760234885526,-1.054399884766577,1.3542038237978664,1.7715788485983581,-2.2681250900800944,-1.0343388912612737
2.1353161678457773,2.6026417958042436,-1.9999940035211017,0.037854301920229455,-0.5924422185713796,0.9683593981093331,0.5867785056965533,-1.9667638079794612,0.42091665603419015,-0.3272327029591774,-1.350173572187709,-1.217118920121704,-1.2648152565061603,1.5738694310825214,0.518111944312401,-2.0066714910312955,0.8724126321554504,-0.8092946143711544,0.6220116043162992,-0.6776759979203709,1.0594326210039957,-0.9564911150214198,-0.7533400977266804,-0.20893938006691842,1.6538532822351972,-0.4700603057563282,-0.4292229908397255,1.8025612540991307,-1.8215507800071775,-0.44523457282396556
1.3223815490169182,3.3686600519378866,-1.6150093329765893,-0.4378719446588909,-1.1162869481164748,1.2877290604709706,-0.24090951354769696,-1.6546566823989544,1.1818978546643728,-0.5199276203999214,-0.729496373701622,-1.6158501025655718,-1.2875345182971452,2.3661263986900503,-0.7081582723358107,-1.9878408015445124,0.8981399587655154,-0.7035860059237442,0.06143650128015699,-0.3764306211312479,0.9764022052656479,-0.889506774998048,-1.3965367393221184,-0.680112152177718,0.24842452580242685,-0.8340995449594999,-1.8423869787926688,1.7105717181901285,-0.8466798435160221,0.6706311661940939
1.362568354778467,3.1809008126632925,-0.4232738721539278,-0.06108279996089013,-1.6066793418243868,2.6477067562125893,-1.330821543017879,-1.1674101458672468,1.9957016349373875,0.10647809499132532,-0.1281739747266972,-0.6686161496877234,-0.5925286971743774,1.5355137745905,-0.730142255062098,-0.887888275358327,0.1732914311422525,-1.2989620719153705,0.0960764647673191,-0.2934813563174089,0.7004893887063092,-0.4330223755957092,-1.8960215223600416,-2.0367606142799053,-0.38629810864868475,-0.7320166128328683,-2.1210452532270803,1.8440373875660248,-1.2154689922380006,1.6040287346402928
1.1560168778948172,2.1411593220184164,0.5558626358849594,0.2473617355195245,-0.8817300236852339,4.146387801254777,-2.166704490948302,-1.2970538063863961,1.204457778722708,1.383837202043405,0.7515585371499806,-0.14711302430366807,-1.3622823647473157,0.6634965716021874,-0.5004753444203969,0.2638081631187652,-0.7138541376891614,-2.142035648983985,0.6059026802291493,-0.684704499985432,0.5620958374066523,0.68953815438782,-2.0782772605637123,-2.627946454528673,-0.14112523620622824,-1.2378348125092415,-1.3561283099922408,1.9852251343692398,-2.254983029875659,0.8273526856983449
0.5473675604407264,0.5139754118536632,-0.15876669554947231,0.7347060782235307,-0.7126166306983479,3.954580809362887,-0.5174738436337674,-0.9899578171611627,0.03596449900616097,1.8232374145937047,-0.42344044240196954,0.36405712529879863,-0.2986925929101938,0.39322216354720063,0.3109936956636497,-0.02204833572907261,-1.2412591305210234,-2.3027738592152653,0.9778545128862677,-1.1369617057973989,0.7425558916424775,0.8207407402786578,-1.041904169629145,-2.6404856899466687,0.638210494968991,-1.751117565433623,0.6149896557025458,1.844065445885642,-2.5336749836500823,-0.06967418933269598
0.7273814199672981,0.13411676441323372,-0.39787440371573146,0.41202616847585477,-0.5642344107886121,3.0505136142972713,0.42895845436702384,-1.1096733332424922,-0.1852316267376154,1.3146273944020745,-0.6587460401080377,0.7668264590742145,-0.22263255836339768,0.39811598729805237,0.33763319225662747,-0.4560507045705051,-0.8900501052564531,-2.4009769589395384,0.7905557241958947,-1.2683624345213234,1.0883609447272276,0.4415854362388477,-0.4249621477148798,-1.8277994747026596,1.1043601779720096,-1.5632950811647301,1.5758825739653313,1.4655863503859468,-2.192431628552324,-0.499666895880542
