0.9841660916586016,0.23640998500262056,0.38330221850304647,0.2060911463891317,0.055286340151745404,-0.6282905244548378,0.6385940480830038,-0.5718981763714133,1.2931208214986785,-0.23311588193764426,0.37753668460951517,-1.1550437944581509,0.1345971536363848,0.17160860280497972,1.1034522718722095,0.24666353200670937,-0.17284199641810716,0.2285222202494202,0.7493799190830757,0.8782839654765896,-0.3109120456774256,-0.04732536004310243,0.8546778596840247,-0.07438795619413818,0.03999459275275613
1.3840187889220505,-0.2879317639013975,0.3855984450700798,0.5042223946903467,0.1055366982656922,-1.5449618023180909,1.528100862049061,-1.429475389745898,0.9611975727288953,-0.7796853471178574,0.6746277032287169,-2.8549481775536667,0.6451228304740307,-0.1333742865890536,1.7638775783197727,0.507864083684187,-0.3597429894757055,-0.1652792251208776,1.3512850197459008,1.6896630956576213,-0.813400396140301,0.1241380857614788,1.8416180876125448,-0.1956496957775331,-1.3786585515481984
0.3589868893258861,0.055489068772843514,0.8564482434280469,1.0808542537268082,0.0672003458830781,-0.8803906460136675,1.5986044881524597,-2.011449601480751,0.9600301906511467,-1.5729385353936036,0.8432291363661368,-3.0432868681227623,0.6240158317175799,-0.05140236156318176,2.606946648131267,1.4634901800243245,-0.4786686940618905,-0.769831071777942,1.4613750830735945,2.4857284811138514,-0.4396308590461808,0.31211993384495373,2.184820834544034,0.009481400877946078,-1.5404857689291191
-0.05075535753814167,-0.3015279597199613,1.1336454059796068,1.6739123504548012,-1.2013492022196384,-0.685629104709331,2.0402826298026038,-3.099603256595677,0.6429175013770647,-3.422618308153622,1.359272678813049,-2.3427686301810917,0.1626471742069796,-0.292939754341816,1.5013515651095322,1.3303993643842014,-2.433248919713972,-0.41630282855701906,1.106820224608587,3.0019356861917807,-0.22454843605809724,1.9574527702435904,2.445810489316856,-1.1148277241063953,-1.3284382792905198
1.3301129735150756,0.39228146063082925,1.2572016584991907,1.4444035542072853,-1.6014231950454243,-0.833141783378685,1.147689380275958,-3.436819654280729,1.634953046193747,-4.671757310646732,2.4357098606722736,-1.6402027296622979,0.4822474551048995,-0.11529330876028723,0.9939626065127185,0.7061398520553788,-0.9624267185909114,-0.5736042489292014,1.2145821488493613,2.8654196528185403,0.48658378816323067,1.6438593518077473,1.3699409465815409,-0.8679210879060579,-0.9162521635530174
1.4789928513549138,0.5472681074410364,1.068011343193871,0.1324157104508703,-0.9366022866860009,-0.9453945636361558,1.1934919450595176,-3.240505579804032,2.5937999868924453,-4.813614644142311,2.8242247778709375,-1.446452972572127,0.7420840790872385,0.9388326238900877,0.6533925403024856,0.6182820900056033,-0.15398873236616678,-1.0567070508264846,2.4304496554619583,1.9833368314142956,0.3896402480753452,0.7038234282640428,0.7718172929045019,-0.01183964426605743,0.0874926120740061
1.696733453263312,0.27567931386718364,1.1551590868714143,-0.5715353048431749,0.198114451242832,-1.0872500595221237,1.338075215749552,-3.5699848678653145,2.8467813398269355,-4.67571353081915,2.509763440179247,-1.992480926990689,0.8909041774048034,0.942034050601978,-0.026895763286495566,0.6383290559246184,-0.1411893382624908,-1.1752812940486723,2.4168986598114994,1.5385694111410126,0.5740981091488848,0.49414971102209293,-0.03306357084972733,0.17058283022315077,0.5826772031099797
1.713291640758586,0.028786901828404342,1.4833134218810569,-0.30989180089836743,1.1245983219659155,-1.2968725822285592,1.942206481488136,-3.8266243515728795,2.777894987266263,-4.050115662055122,1.9823164956310022,-2.2764531796915803,0.7392200313764307,1.0278216057202216,0.0543195074768163,0.6969407557131846,0.20748118615686553,-1.293554711617908,2.1494644430686822,1.432171386837951,0.3993768040532197,0.16837201839633648,-0.674388781132752,0.6745171438864243,0.5889981672016487
1.6235517047166497,-0.0004127446764247422,1.6522710876465276,-0.638777421047964,1.6837420334474653,-1.3245930693035148,2.366406648912645,-3.8603830564882724,2.6758456020842383,-4.149548151526567,1.9581163744561327,-2.0936628598957983,0.7273654075669411,0.9472755416353306,-0.5783989931333032,1.1891329581508316,0.10610593545843416,-1.0844339969373264,1.6386754274135802,1.1481960518284358,0.372445964486094,0.06830829629210058,-0.4454874976949347,1.0248942208958731,-0.005056653177873405
1.3789552085888104,0.1322233121193978,1.941454439457534,-0.565172880776109,1.8285367630276652,-1.4902381482605858,2.116874419745748,-3.93628919737647,2.2571864169820492,-4.027093022735528,1.6700471273112198,-3.3612898280963073,0.6468498101909614,0.8090043618361139,-0.5552011364690402,0.6749453737679696,-0.21717703033736876,-1.2815589601621,0.9252095587429187,1.8076542955003505,0.2228797830289505,-0.062335550139434856,0.57324272633177,1.5055908398860178,-0.5472192735296137
1.5874458256658968,-0.34200482557458156,2.113125773070508,-0.15294435254886168,1.7634042002316965,-1.6701269846744453,2.692918586257467,-3.559946832967328,1.691314265041188,-3.0739300145985147,1.4194505232260326,-3.474979891876291,0.20377030369780336,0.7850659503025408,-0.4531997063567526,0.4414309795198704,0.09861392813265851,-0.6664913298384093,0.4673774927590493,2.0740085351010333,-0.3923339010648108,0.08647339575406224,1.3363665395470632,1.4595934374857582,-0.9919779243428507
1.3031682407852383,0.3458726256827914,2.3387364396589105,0.17333279054309264,2.03726333437219,-0.6161414939335595,2.814219230608798,-3.674851699352489,1.1244842641607888,-2.7955186038499256,1.6159146540088765,-3.297969499455068,-0.43308740727197637,0.4863583524229134,-0.5865102524384569,1.0277525026347896,0.18253236333587294,0.06836988947975217,0.6186889824862225,2.955668516034385,-0.808014479916194,-0.20020577889516253,1.6995972528985113,1.3966397948318414,-1.5468354269784086
0.8251349075754886,0.15278135489041958,1.7739631821861774,0.30931492093941026,3.0691767009100674,0.3774962672379788,2.979075052167582,-3.185748786553047,1.0071070256834258,-3.0472353357156736,1.816691498952267,-3.217347860800281,-1.0545939590597686,0.8064057848648007,-0.5440458796769205,1.0900662180068628,-0.10981021433496432,0.2802265849155704,0.6569037426735427,2.5598324669133,-0.6178231356969953,-0.3756592693329845,2.046749778526067,0.7631389562426517,-2.108107163229515
-0.02800294144919649,0.18922675100983916,1.726812094892232,0.8139973955036738,3.4640968324253336,-0.3799976818878811,2.852409945720752,-3.3865126494661904,0.5688215198179413,-2.8456499308581757,1.6407793213107655,-3.1737974045827397,-1.348285312080132,0.9230050827455347,-0.5448085232716214,1.1675999529369987,0.2528856411470915,0.6051360616938661,0.42679073230934084,3.048289999480858,-1.0845716509846148,-0.3524285985436571,1.458190262421434,0.3171234546744734,-2.2640622857838646
-0.5463308162407565,0.2937359682346361,1.6124464163911791,2.072942983637361,3.1585064464481514,0.09466736831887024,3.341117176264596,-2.8986078060343416,0.0351061125453281,-2.873925083552239,0.6324952309150634,-2.8887127480390244,-0.7200695963385164,0.9619301643134258,0.5433013891386297,0.7535788173207241,-0.3312374080999082,0.4240424373237901,0.5536400063493239,3.1524924277613993,-1.513227222451919,1.1694729010060636,1.9277885353303619,-0.6125187529824858,-3.3397116749230755
-1.6002476791591769,-0.8959058486637668,1.0108341412274706,3.3292569965376,2.1103962229081956,1.0072000258875224,3.4692955434120445,-1.9152343391354762,-0.736532619287858,-3.821306262303602,0.8819191858824509,-0.7863380720754098,-0.5890189302103992,0.6279241474069166,-0.3824980760692223,0.16875784746078004,-1.72266006679836,0.4084838787287697,-0.3448505517343888,3.8145144320856446,-1.248559139068322,0.9240301966289237,0.9447561983504034,0.2592777116898382,-3.727189426370576
-1.035368753921542,-1.6281662783042001,1.0677963799224486,2.925128731407052,0.727197209225409,1.0446511051078597,1.6575082730017583,-1.0530880851427575,-0.9181227929193729,-3.1777489742913714,1.1390060895515466,-0.2744898537839515,-0.9016088832909195,0.10939573286395143,-1.3690570590481972,-1.0346795030448077,-0.6049799876679716,1.2584663548013602,-1.0850807993559037,3.6302690850005748,-0.6159071118425313,0.2742521888573578,-0.0462485523145357,0.018401412065267464,-3.302346410370262
-0.964844979802634,-2.269345997787943,1.0985377325143013,0.8435730622091904,-0.7719892425434426,1.9113662674897165,0.3228186617840027,0.0034478145011455075,-0.9706211386532402,-2.582119449014192,0.9101571666262307,0.25315863301685465,-0.9336286522817978,-0.3322558742699093,-1.442879507296309,-2.5503121113497595,0.49456070951341047,1.3060252298798065,-1.1732145634369906,3.317079547378664,-0.24947720599469697,0.5141509907541729,-0.5401620652243844,-0.24700081621590775,-1.479876127589224
0.2148234348164098,-3.22246771839761,1.0951712622263565,-0.5972947364411495,-1.0029179784110966,2.151686347174167,-1.1813900460293176,0.8623494227071781,-1.1539563688354055,-1.5710170392045715,0.9978739682544854,-0.35775860399745696,-0.591629401542244,-0.25628441688572345,-1.2612955707380002,-2.5541895226377576,0.7193043932599565,1.2709679520049044,0.11709668945251817,2.831690855746855,0.32308988435296243,0.5938932543763371,-0.6544555159070102,-0.7498927661718771,-0.16393493186572772
0.4716341643274425,-2.759918597858294,1.8028010906052891,-1.0762867421919797,0.03787309057299769,2.501534495654177,-1.3347367288020333,1.6847914509142856,-0.8682623621792519,-0.8060440528466735,1.1125386015830645,-0.6536048949272093,0.14939953295861869,0.1108841760880658,-1.0930853420462467,-2.313311031214847,0.7732728972213134,0.8538609585792052,-0.21979543293326453,2.312533910182103,0.374503541495215,1.0339407730383428,-0.6206565991605526,0.24330065982300064,0.12319991350836079
0.5690472816972897,-1.2479842028008221,1.8309319231917844,-1.2903357918121143,0.5473647563433686,2.1551160885460976,-0.8676829486393318,2.437992593423841,-0.04507256276722038,0.4541191746535297,1.0811359701318926,-0.8468412533942951,0.11687350056718981,0.33014208626823216,-0.6043271415273538,-2.3913916574786955,0.8084384031192056,0.6944301930353737,0.16015270896217776,2.5047528370796837,-0.13629396650959275,1.4584332026610538,-0.8127459193887383,-0.2060626891793319,-0.5675701830156112
0.34892228426382155,-1.0608267887812213,1.8011953009581396,-0.8286381832652586,1.2095511167537283,2.237175624188443,-0.1240116082689038,2.9499509145121747,-0.2876705556552044,0.8495086129979758,0.8490160746601226,-0.892095487254353,0.04723474508246776,0.8754368384576131,-0.4582976915466154,-1.3837797637319498,0.6020979485705085,0.49422595568921646,0.6048658162235871,2.217834362667194,-0.07766659329847064,1.140828670341734,-1.3637992097706642,-0.23618747078450925,-1.316065167141661
-0.3573203077982645,-1.6285429446628885,1.5349973315491323,-0.04417684489294155,1.770886282469271,1.883907999864077,-0.43248880974143555,2.974154900365554,-0.7435875260583696,0.970153078195919,0.7077020088887473,-1.0569705863890888,0.18292077687125707,0.47284144717724347,-0.6956735025434054,-1.12456946177429,0.5807262440763428,1.2356350598740462,0.06075547321583724,2.134643634089716,0.34041342124220453,0.6753631951334803,-1.768434031446647,-0.8068290418963621,-2.288977748757853
-0.3864674916567033,-1.7528549184906315,1.2151685596637738,-0.3945941988694258,1.0678726156146583,1.1595202016760882,-0.8172137152705774,2.857627080951895,-0.8460857202737053,0.5970656927346836,1.488153236267765,-0.8399269982426132,0.24232472893786447,0.04077801018465452,-0.954113771784472,-1.2293040823272006,0.5084800666582201,1.6564785588755655,0.02984219267968298,1.8757749370392998,0.6034103530547374,0.4280041174753497,-1.5423589918491336,-0.9311156109533738,-2.505358034811126
-0.6855467302226436,-2.03183578080376,0.5456043204552039,-0.08918881333686642,0.05079088002807636,0.561750631300348,-1.2152603775748263,2.693576782055921,-0.6457720923769986,-0.07950210633214169,1.4463492323163725,-1.2894634900856299,0.8370432736782237,-0.31115609075604683,-0.6573680722402091,-1.1288798079161853,1.0157296055744547,1.5823462511553938,-0.3719919350535488,1.400294529181536,1.274075125114311,1.3871549716432492,-0.517013668320768,-0.9256747328053598,-2.007829617598107
-0.49898016796590505,-1.6735897397525659,-0.12399517921502051,0.43214232679007303,-1.2784195277746075,0.6230796573017195,-1.4186073530056833,1.7129089395220742,-0.24293000292150452,0.14825008552420288,1.2834014280358477,-1.4832650079376521,0.7145049493822411,-0.05369472319607475,0.6675338324435965,-0.675769131578579,1.1645670680132243,2.155922606220153,0.37055117465729753,1.9099211406150516,1.2116092690492646,2.12545175127514,0.7239681717765976,-0.6647653021795075,-1.4449913766224998
-0.47334320630955684,-1.0457285021486389,-0.027611254839777666,0.598610766955751,-1.1217937121180583,0.3645580250061705,-0.40969372881609,1.6441440283152646,0.48145120577355716,-0.32213553093043723,1.1851674110484867,-1.426655825908465,0.08432902373278789,0.5126623604982268,0.5922206365766264,-0.3297557628590666,0.6725272650952931,1.7978937111822821,0.728087381830579,1.4574872998386992,1.593466441073112,1.9463624016762284,0.05695214798626144,-1.1494588450247554,-1.2139696974276903
-0.4391864410558811,-0.9667544661525067,-0.1846012151599413,0.30732928762983425,-0.4470913606806461,0.006489811805754683,-0.18530917995827353,0.5582660989560302,0.8965266841936725,-0.6180964050954459,1.5348056520360502,-1.7377480045587272,0.32591344802508826,0.058445091312669735,-0.2218628739962168,0.534878852580941,0.6037342089425081,1.1083122589018266,0.36810196559978997,1.557232482799153,1.8462419118150741,1.0876275692413109,-0.25361698939027094,-0.31342305749499555,-1.3400733210413596
-0.9772312985493308,-0.5164221973477093,0.06709946939000849,0.08895012551638061,-0.511094826473065,-0.27805321713199915,0.02413305308908948,-0.42523052923727545,1.1763298986582242,-1.040758964498339,1.9710419704565691,-2.1272868569790946,0.20574280853697605,0.5907430318859923,-0.30896766285629373,1.850004982370566,1.1652435662987954,1.1321382457868077,0.8789420051269619,1.2776897435906416,1.8770808947479516,1.4091837797566302,0.5647164587113966,0.1759394743671212,-1.6857196040489528
-1.4385166796135231,-0.9115830193785154,-0.25308138452932294,0.3304379571641445,-0.8495877119096166,-0.44389002489505824,0.7796188842066721,-1.2781979431163224,0.8390114706945646,-2.011660745969695,1.7173158421772758,-1.838626946996861,0.13788085687741095,0.1540271372551502,-0.7445342517253651,2.2259734864567666,0.8275502736050165,1.5529051695813458,0.5344807759779509,1.0059384961026394,1.618098688434964,2.29597860734858,1.0524455531038583,0.4836342657823417,-1.8631165878438227
-1.8740037539007295,-0.4215294919341446,-0.04509154735890303,0.6391009507082855,-0.82988250519979,-0.8066809442689018,0.5191561698734474,-1.3125010798175796,0.7084298332731536,-2.9812219663892345,1.7189660284786648,-1.7531586582540382,-0.1706157230580496,0.3322815596648415,-1.0819741627958783,1.8814865316477511,0.6825240298874411,1.2357787139944312,-0.36019249640048445,0.8645339822963651,1.5911212730546347,2.7579619173920835,1.4197009958967095,1.1758573366961633,-1.9390057305128476
-1.2685270480012387,-0.07090622455301726,0.4645780925999502,1.0219825036155994,-1.3304208608886503,-0.2976827947918368,-0.04055143677395864,-1.3077494301336663,0.15292653638407333,-3.6015488878246233,1.1628457159317402,-1.3375440434849206,0.7067050693016012,0.7206043294717486,-0.5798998055963334,1.1584848183730885,0.0005986339917378181,0.22081337264202341,-0.17326547914307705,1.7449753762485003,1.3070765970529488,2.931899096769282,2.155846008174234,0.47448205157115586,-1.255727665155253
-0.6907720578944394,0.09713821198225715,-0.05441856644418758,0.9558675058786106,-0.26565852792997524,0.35536140718296905,0.1929250866642339,-0.8552757511256855,0.5544528252121941,-3.366363145223204,0.8194571797836145,-0.9067008203568627,0.1018542206239347,1.5567529571312804,-0.7915724616319382,0.42885762196933347,0.4653292354821743,-0.5349010157828172,0.02377176210517049,2.121368290607279,0.8399276548641669,1.7367319485199966,0.8164610149432522,0.6089998961889276,-1.1649092591047319
-1.660698316685116,-0.6468495189316504,-0.4921598019494518,0.5384917309940966,-0.11842940509989858,0.6419782570208663,0.7301414851961411,-0.4301579130998772,0.3966160652329698,-2.7718236450691864,0.22361585555370683,-0.8754942545743618,-0.8937720833308468,2.0632883742548636,-0.6728213498921747,-0.16525631969767038,-0.0014129968824108108,0.05588913081385244,0.2529860825852236,2.294745346806354,0.6337084754155538,1.4617811746188396,0.32752373428508397,0.16718591835470104,-1.4509267446082692
-2.1302816581091744,-0.725256903472478,-0.5076890922180373,1.0931205317594803,-0.7149257214073402,0.7989925827414834,1.0227185704253798,-0.5483474541542094,-0.6582801375754739,-2.3064792420269926,-0.4385325433309051,0.2222585544349599,-0.061220179783821216,0.3764493662314394,-0.3670114255280718,-0.4725023615013465,-0.8941695296130938,1.2720290408696604,-1.2245007081830772,2.5010662724223223,-0.23193209968375111,1.6387719885294125,1.6908409299171607,0.420396446069706,-1.8564080708100021
-1.5570324128376176,-0.08416076834891535,-0.2944381878541335,1.5337639219694452,-0.5170853887931047,0.39802813065447884,-0.12373286932770619,-0.33771699293910684,-0.1820624746974611,-1.5353148071458265,-0.3238653305899593,-0.7206231021744854,-0.08744586076532274,1.082867082374406,0.15322583824233663,-1.2407892923400945,-0.8187048057229553,0.268955104012258,-0.3508563611231673,2.682528099589771,-1.0233891615721276,2.6118381266942237,1.8468922269744197,0.12975877841186453,-0.11404815398437151
-1.3657101179005353,0.08396011698390186,-0.8000807066988916,0.9764672868133715,-1.3059780514853183,-0.7481644875204433,0.04705598329022771,-0.6144317233199512,0.2103263144611187,-1.8782076542445438,0.6335249516452321,-0.6709832878581637,0.6373289424207969,1.023549330830806,1.0990411424940827,-2.3334399459198525,-1.4311525039674013,-0.3710888124842403,0.8704837406799006,2.10932770455182,-0.5350464432023391,3.592592835099934,0.9215095986896246,-0.9708874424722201,-0.1813856189342996
-0.4837613027912719,0.7677466786523723,-0.8083238737852382,0.9428869387277058,-2.358728752949894,-0.289281154316659,0.5696375244815355,-1.3990760796672153,0.9386158120905915,-2.833741787184394,1.832252275624494,-0.9626362739238356,1.2071948211306556,0.7586234301200678,0.4303486801705006,-1.890730880767899,-0.6218057155691766,-0.8491928197356031,1.9521327999172349,1.1349750885575531,-0.4805640022494879,3.5769563491218883,-0.030239568161788626,-1.1462755059673124,0.7836210366181338
1.186904947139795,1.1113895139183763,-0.23564158531719492,0.3610349845786738,-0.9532099593909662,0.7148564144449767,0.6777491872150403,-2.1306168071249014,1.9287751001085263,-3.528358020779922,2.0471014122211146,-0.85933601897815,0.9318069991130785,0.8444884291060244,-0.4440386947944466,-0.8867648022284516,0.32503596311670235,-0.9021472735340418,2.717345045262151,0.2794173276472304,-0.3785312742244475,2.59291218588727,-1.1286198876842592,-0.18986048282662454,1.6924397287759592
1.235487576576603,0.9856472033930647,0.5459824394906114,-0.05039856703555926,0.5092405724135605,-0.1414852421975368,0.6600837072098036,-2.5438834497037144,2.588168036606488,-2.687435121592846,2.499722847394698,-1.7178985975534027,-0.04143494061492867,0.9771002041809366,-1.0618288786418268,-0.21035998057941166,1.166075433266978,0.031444938788801356,2.477920422612732,-0.29493832445905477,0.23416624371972727,1.898042663111781,-2.1920157441440216,-0.06072675204689869,1.923001844594147
0.857932831056889,0.6683740344011793,1.0193947328303783,-0.7109825949583135,1.0775788465374254,-0.32024694605081905,0.4493421069132002,-2.6348286794663176,2.545559740505745,-2.1150850293999945,2.6572649184963604,-3.048019732687785,-0.7248174074621085,1.3050676857959973,-1.1574066398346532,0.8463454881706449,1.5791431663556952,0.21053685828300855,1.9999386018798602,0.39765613150811785,0.7897772252737121,1.3032542209622406,-1.441660512639128,-0.09889975167905724,1.5589428767462554
1.2287096075256143,0.9460535530948374,1.4240052107353345,-0.990327108568835,1.2275549641372465,-0.5454276314704362,0.4748320127753858,-3.035982255813067,2.7039904109052864,-1.5894293534268766,2.5394447775046114,-3.5904463563731954,-0.48356174770569493,0.7767621682470153,-1.232546625929767,2.041456175187416,1.3719714147200581,0.7017495533350151,1.9320207023485343,1.1979886784336486,0.6368327429463801,1.0899094725720553,-0.7326863404941081,-0.47222358354004457,0.5352047112949827
1.0051087184373633,0.3314447626810881,1.7301589963102213,-0.42757045333781357,1.064765689055164,-0.6409952297853807,0.4383274251488935,-2.8382946390317008,2.204077794389923,-1.1310300794279675,2.5702991194363296,-3.4491552575610993,-0.4374318135993745,0.2558287576496522,-0.8425895197425058,2.222381239322879,1.27009977761201,0.6420829706445549,1.7506614091150174,0.993312205359306,0.8787630508830261,0.9962567146765411,-0.18346654195738366,0.09433136853451185,-0.04477813575779527
1.1208457821363298,0.23117863654141502,1.3380470398052617,-0.38978826639313113,0.611276610390247,-1.0918274690922285,1.1199300407058512,-2.535475979732822,1.8028369142962544,-0.8078553248221731,2.3669744919897,-3.807386187227211,-0.4691799121389243,-0.24000528113065817,-0.530506429432126,2.290070101056324,1.9818183339796231,0.890955535006712,1.5009913273374094,1.925574856258821,1.1303491207229517,0.7994732410785597,0.6568050495955932,0.061262721884245856,-0.7668127201583139
0.8670990699767582,-0.743822428174739,1.123216282284344,-0.514452994887916,0.28189824295011656,-0.4182253926368305,1.3463022405951852,-2.975020722038647,0.8902015188052397,-0.4536525363596626,1.5982565443172476,-3.032403466788787,-0.4967659010012745,-0.23460683756889025,-0.14577266333572,3.0501744285965877,1.3513545861810636,0.4362317975644028,1.200697400798212,2.736226101483609,1.126291385914541,0.20750911200256866,0.7806120399180743,-0.27253320346966176,-1.821000766882669
0.14883785959154805,-1.451850809633769,0.3885761218752001,-0.31714330460186924,-0.5119637551331105,-0.3039429037082251,1.3699092762866325,-3.124287258042794,0.7282494362477713,-1.5719275683628293,2.030964406129806,-2.5552720287676998,-0.4788298473972634,-0.5916061253524294,-0.4663688484161689,3.4056968469065367,1.2427044057979124,1.0118200910035011,0.6857465772989658,2.491685209163257,1.6308524974559602,0.5134150739957034,1.1081099531006462,-0.1409606810407494,-2.8386992978237817
-0.36185192140450373,-1.3468356820917369,0.04719261449297374,0.6008730305002602,-0.2188076475565624,0.06616049873155294,0.978972389932389,-3.3916317388411654,0.9003273759894006,-2.3957089924927795,0.6312337609245995,-1.7181843916666957,-0.44827130276062965,-0.4800635186678909,-0.3015803179441683,3.207335765002444,1.2758575764249032,1.3884883805029258,0.15473402718998275,2.616898109005166,1.651867693595443,1.1185527144598197,0.9548324066095939,0.009018229517655962,-2.631825048622255
-0.7995087677450117,-1.061465796904194,-0.5904663560561445,0.6653673025982326,-0.8527007708657376,0.3737304622220776,0.5386506069138365,-3.4409707332467767,1.0551692817530838,-2.1308828426057667,-0.01284835581579341,-1.3031381977662901,-1.1107216250132232,0.17244442998617035,-0.7156457706316388,2.6078754605877594,0.671445351790612,0.943038752095857,0.003847934900129704,2.9307615538688485,1.589201954335821,1.3047579034345418,1.0656511403310565,0.13438573109326993,-2.8718915474236812
-0.7915739336129717,-1.0718551208226823,0.22205365872309496,0.8961508612147349,-1.7225836969340627,0.05252380405456647,0.3664569606927282,-2.7540759518357603,1.0353476455245079,-2.2058496956652425,-0.13216518979725048,-0.7262426501464112,-1.7807424500808973,0.1881384380633811,0.176341275757825,1.4103682536803688,0.3085962185606744,0.6437947683880281,0.048032593430790166,2.786975726122966,1.3723061302808124,1.6979358215018625,0.5832840440438934,0.9862626260433769,-1.9545890066402045
0.08735194966483062,-1.2060347918999412,0.7197202874870339,0.6690897933850349,-1.7891217856447577,0.04014738445407759,0.24846909662205782,-1.7660227988509918,1.1746690659090526,-1.86355323606967,-0.6801089982416244,-0.45044552061630777,-1.574633127609704,0.5923712035691082,0.7376040196604412,0.8756046699623791,0.426262730786404,-0.2546355131642185,0.21970907634956954,2.8095373078072305,1.2937142966309985,1.365565665023947,0.3434632369458666,0.507036264431329,-2.224868882941236
0.5373350507890364,-1.2079513627063057,0.43423954810547327,0.3193260368066191,-1.9266878653452573,-0.008125416399927032,0.8155208319730857,-1.2865319984211467,1.2455477259696566,-1.6548113654683312,-0.8677260318494625,-0.8511861270665728,-0.9436901246271431,0.13442625387288226,1.180679565828138,0.7654292951869309,0.3267146434023468,-0.5363835148474121,0.33530695943267846,2.8167695643634088,1.2017502171111234,1.0421952946761361,0.8381727166378622,0.1635128356821537,-2.2477087033419494
0.33965924636985756,-1.2808604727410031,0.29089801186830466,0.26500732799743765,-2.261320715443271,0.6781322556333632,0.9971164808263915,-1.3825421357850085,1.1268891612788345,-1.5693787932744179,-1.0887966719945639,-0.5872326937044464,-1.1271169127704803,0.3514636749267127,0.9044145044277913,0.833039202416368,0.4539197824620429,-0.7577027386810053,0.6036482967253304,2.688157140636643,1.6179865029118468,0.6180499956797715,-0.26669477174382644,0.41451544767044696,-2.2581563919669145
0.29167242588847564,-1.8356536895170446,-0.020708599119650173,0.12214978551038164,-2.101294750782033,0.011007022942512878,1.164937699945742,-1.642871887023682,1.306101450149308,-1.0981266345532679,-1.1205630385979952,-0.6513415126760524,-1.2458043515735322,0.3658920393904437,0.5617124981326709,0.5926953607475169,0.3600055030353877,-0.3946448859116113,0.2937196675099192,2.163042317371503,2.001982447550723,0.1501345918333145,-1.09071013942297,0.6325740444953959,-2.6631101810070548
-0.3074330558268848,-2.2535338515309347,0.19063926986187613,-0.2875707659196339,-2.530835920475699,-0.7186351135857109,0.6296345708357334,-0.5312883056423214,1.0022493937369603,-0.8951864918699287,-0.5617644925446473,-0.7345353216477637,-0.979381804093751,0.1162300046273214,0.13416983949613742,0.4151062218583944,0.16379659187944806,-0.602403333347383,-0.4099507194481025,1.5256948820817313,2.2063138892720326,0.7998393417221847,-0.5477220774075356,1.5624279246172403,-2.412272935639939
-0.04532545498018675,-1.5224442207158333,0.8757465748102952,0.4766457686058829,-3.124596624861426,-0.06511665424163376,0.9408561898975482,-0.44314072355164796,0.24515991179418684,-1.2392128085448757,-1.638338144421573,-0.5473975163415327,0.6458561366236957,-1.3234538935621383,1.4025520965232827,0.4481039569164095,0.20471921911355806,0.008755178137269892,-2.1833032479277996,2.291282838944295,1.499659344893105,2.384572363363881,2.3986366511322634,2.2215120484527437,-1.8299755150783577
3.4761543390929126,-1.117298094857221,0.999374742167791,1.6154857727331173,-2.187581847261735,0.8715965740452937,1.3614379707387507,0.18107992408434626,0.00701370253164349,-0.04669801979586566,-2.9974272486899642,0.793460402341676,-0.13460189724474583,-0.9595975830303969,4.365424655356382,-0.4411048930573957,0.7272474954478625,-0.025540261381527263,-0.7264027040112375,2.89288011276268,0.22951348489214846,2.7659728394917016,1.4386234741337323,0.3380351404457096,-1.4653399901078374
3.687609479059864,-1.0713118492048208,1.8573515499602151,2.3560523990225875,-1.4142622481964844,0.40302038972687226,1.2934521329733093,1.1593282396375846,0.23295671371073617,1.1412054157823444,-0.8966490379780754,1.7317641031874824,-1.3207098845640703,0.5887952457717213,4.94925229953522,-0.015526404871289534,0.09212213528736989,-0.4244348055033915,1.2793970139637882,3.6157825084207778,1.406141442611497,1.0232556184236046,-1.219537704555238,-0.7641680020616768,0.08296851093666968
2.6061519255685663,-1.266631194717346,2.5220818096092823,2.178385923010259,-1.1547858299609917,-1.0673332969502998,1.9481689294416784,1.720712811882578,-1.225740351374427,1.3671318876683285,-0.11018356895566885,1.021144126069291,-0.19388054258979814,-1.314750112942346,4.724886119463218,-0.599581527235558,0.41639452924781895,-0.8023784655939834,1.54569105356079,2.369476029769978,1.9370526087520827,-0.7126037098607395,-1.7663711352275757,-1.07121088048739,1.0539933331600762
1.2856963162903672,-1.5220394553007135,1.9221573626026673,2.174121447880628,-1.6697221787786192,-1.1269348547266305,2.351965046630647,2.434138972699169,-1.7792416326268174,1.576745588375522,0.15275609066629603,1.2941408169472886,0.3305578747690216,-1.7095422193658547,5.0965425208841,-0.6905150169844716,0.16604625140785348,-0.4042445655759862,1.2261436741926173,1.0526192890983235,1.86509032575122,-2.135060776762917,-1.9659376485782685,-1.055886952072302,1.2153898703266406
0.2785977878332546,-1.2075255910991212,0.7264557680732773,1.9030083859964755,-2.0053397503964643,-1.5574600512243655,2.4264896966099134,2.1335204137779784,-2.159418041660862,1.374865062012483,0.5548158998423379,0.7614433814653406,1.499270913584929,-2.388555278718584,4.7963953680854345,-0.05919589098052752,0.6822005946032265,0.1252462981931361,1.4426395655185569,-0.49217193633924416,1.7027413126647102,-3.396114797243922,-1.4538731945512189,-1.759643046543522,2.2193985001729093
-0.6617323592716724,-0.6841781685190493,-0.48085363749241283,1.656111175620523,-1.8845878188401075,-1.5963737687923505,1.3516323938477368,1.9056730146505907,-2.0530974983161236,0.9093871979502908,0.3072240868299851,0.06215767293512969,1.1800522249104775,-1.84703246645317,4.14450950168276,0.19623993183885086,1.2896057278716597,-0.33938669351037426,1.2909795306450564,-2.021016282654005,1.975009875471368,-4.385038341807712,-1.0930280848100165,-1.544258074308826,2.821461076543966
-1.1583162235423379,-0.14380354572011456,-1.3544849274225792,1.454837448187542,-1.540701798431663,-1.6218370441972456,1.1655245325658288,1.7821949742172942,-1.8046508887816621,0.2673993406275241,0.23323396317284759,-0.42714492688494976,0.8233295729320322,-1.3172599915363818,3.48620527109082,0.36088242778669954,1.4077944031814245,-0.08336324903036677,0.9412111395066359,-3.0840035692120575,1.5437519350571056,-4.906954096739399,-0.5958360895454701,-0.9088440129367842,3.472884403658994
-1.2791703633553009,-0.16101566574214496,-2.367159332412375,1.4889450368051416,-1.155226127344473,-1.198898297325594,0.8401704620163766,1.249222369244668,-1.39178634979554,0.5282426348377292,-1.0172734184063348,-0.6017961227681824,0.8273406102133146,-1.0862782398229132,3.431503064889241,0.13622403226972335,2.014681512335213,-0.3059928718890292,0.5388987780618527,-3.036482407166221,0.8032630040074449,-4.668573994231617,0.5434802524091583,-0.612835179359573,4.2089463820073
-1.2763738022020468,-0.41228961624550065,-2.906522368934475,1.5527304800757236,-0.8344060081994995,-1.3472135130569702,0.10643481314992728,0.6569567267911949,-1.281035187074729,1.0051567710966924,-1.5318953061763283,-0.42513284283294195,0.08263250167616881,-0.6752317381871089,4.1603337353726015,0.0013476605936119795,1.99221761631732,-0.040739805603007884,0.9877399202561099,-2.930361266502963,0.7135920678011383,-4.535001303276853,0.5831757754235969,-0.948425575615385,4.210212153002946
-1.3685435485465907,-0.5755097052516663,-3.0141764073531716,1.2227292916906485,-1.0522554143666196,-1.2163020985665565,0.14840521245192526,0.12779880167193558,-1.4395673108474505,0.9415926816125315,-0.38772221258217227,-0.6115200713437468,0.1026310107623476,-0.7986154969325673,3.6708825881568927,-0.207221051880092,1.7184278616043618,0.4436366185727939,1.5783743054756316,-3.0070365588064467,0.8288839476221113,-4.632394910633024,0.5466161052407073,-0.9048481439338314,3.7738881336745376
-1.9321647762316678,-1.033002774904701,-3.084447717396463,1.1918844365008907,-1.0261435681761577,-0.8750920782061825,-0.3876563673697683,0.1667446302276031,-1.522614258397728,0.6214083077164121,-0.6583540763766808,-0.35871949487874394,0.12313200375668643,-1.275323906391731,2.8060972695660844,0.13625213250685048,1.2733744080780465,0.19401690946973466,1.2835720998468276,-3.265322625922631,0.6603706241142318,-3.828615028313527,0.07944862732203681,-0.6315655780949928,3.4480511527748403
-2.4540179745937505,-0.9041453423551766,-3.1510105768980488,0.9584369271477446,-1.3764257283790897,-1.1864152626511697,-0.5614156133665786,0.3252328268535384,-2.012861767742522,0.06493580264867327,0.12024506365096599,-0.34721190549046577,-0.07403388864021265,-1.0110977996363804,1.8720246798651508,0.4146485418720286,0.8066463585262055,-0.16014865834836892,0.38901995285646074,-4.261223973438939,0.8918961595316478,-3.036004597116635,0.6461702344490036,0.053607962684176,2.6056015061132016
-3.1919748952040137,-0.19824083880388688,-2.714217977241296,0.6240895159384757,-1.5124111289492073,-0.822578625170763,-0.85136429063784,0.366997850394167,-1.450846186936404,-1.0110049250528303,0.2695883592085375,-0.6797049084042482,0.016075171599781224,-0.5425661925110986,0.5786514371402598,0.49426595193987516,0.876363009031225,0.026938444956137918,-0.41576000425594667,-4.261290298033436,0.720155382937711,-2.2060336807040475,1.3964395628098616,0.4058276690508626,2.37819785820684
-2.6733387469050545,0.7769185276346865,-2.136553774178416,0.6119925251071705,-0.6224092931704578,-0.2715454643902838,-1.1143716887682122,0.035644306813373466,-0.8049731889464908,-1.1966531324160805,-0.3134248911359506,-1.080452322545052,0.052415224632531926,0.5167193021431921,0.00895790765291922,0.47245572169549954,0.5201482632105711,-0.5090700912626419,-0.5431464038875725,-3.247574607622265,0.06893214102451563,-0.7931968262260457,2.4131621875496547,1.3705350064304547,2.7706277548381495
-1.4392532150927202,1.7118203201775781,-2.1123140013720043,1.7419752875283654,0.12732675080312744,-0.13918280201659405,-0.6039354421067396,-0.7758137752714928,-0.6951584401515816,-0.8665040454028382,-0.9069523781404645,-0.48301648636693073,-0.187968357359194,0.5690480964234004,0.45078323904279655,-0.4008459031976314,0.12888054155846268,-1.0336841319169003,-0.18473202329973237,-1.6303852601260171,-1.3390784781887926,0.3864772006927354,2.204296439802238,1.4384724960760185,3.038777652938259
-0.608823422748213,2.4377670722704115,-1.6212469381458232,1.383703064401697,0.8866930265220353,-0.7136052957430978,0.3351545174904378,-1.384468458731691,-0.4234429219495812,-1.1429133258786897,-0.3450389605670601,-0.16883727569049525,-0.21448415385383146,0.22741793359074305,0.7150991828994545,-0.37943667191300917,-0.9732009950912626,-1.9020400744049157,0.02827505243575241,-0.9803348606144664,-2.0202527460057063,-0.018104884767973006,2.475961257645488,1.3676708864317475,3.061524727605206
0.19962176489080882,3.0315683553293518,-1.0644744044781356,1.8854946596014455,1.2214026744219466,-0.8465382110217203,0.8320629678504534,-2.164464046869492,-0.20046266012540848,-1.19069131822455,0.08997402554038512,0.15228435271325888,-0.6649946344714168,-0.006455168139085546,0.49075601751054265,-0.22136607461020602,-1.5099673918651073,-2.1847901333241273,0.16477060738142746,-0.4218566891475699,-2.510384840666123,-0.5592707973363626,2.189714462548477,0.49344692950455954,2.910334403777342
0.8133183754306414,2.6224290856518504,-0.9126971527809025,0.9787758578676269,1.2755382784807416,-0.8162908332617616,-0.21832053448682145,-2.547982664041073,0.3138223897542775,-0.5089879454535026,1.0685454785219919,0.20631964793304056,-1.0774563929342735,0.05821942491823176,0.7787529339641155,0.02485161573301936,-1.2628707007636724,-1.7505225566069935,0.5831319038054955,-0.04379011157145202,-2.117461617687433,-1.7705072727948896,1.7761654285717474,-0.23197700234793087,2.146628412132054
0.23038065802931146,2.977558810568593,-1.037864571256155,0.31819393765473725,0.9573116383654826,-1.3660194598121123,0.007410016691978414,-2.319247145727736,0.5254834572101224,-0.428464283799611,1.3532943727080493,-0.5746245375459115,-1.6391710413246805,0.06491583662527481,0.4494544325183252,1.2896212884331522,-0.4953656838786861,-1.24433819357609,1.151747953179491,-0.7467859160591068,-1.3757357536590384,-2.724401614820072,1.801203410240226,-0.32292332695067144,1.8940962888525577
-0.14198434800990867,2.458514398082744,-1.6664655870854967,-0.22199140323266786,1.4634322157959148,-1.8927918080849204,-0.6557278877634196,-2.5906540205734605,-0.032597966628175,0.20327306446157967,0.14138726552499342,-0.4670744010084442,-1.5745153012992859,0.1116141284120385,0.33998890774829926,1.9505007448763447,0.5844281509301935,-0.9976691812854652,0.9891212335125007,-1.6145218118479066,-1.0880460660437332,-3.024861367596537,2.204355971465325,-0.7037967545133192,1.279248706935967
-1.1814034054476035,2.361915093440976,-1.8036772530205754,0.5899801670061554,0.6185086268314967,-2.353288294098416,-0.3118842798043144,-2.706092441375127,-0.20305953036508434,-0.18117780267533012,0.6159467951870002,-1.1162090456937914,-1.8759416450752338,-0.5424213692592891,0.6327891108231509,2.6070007486412616,0.15994659912841927,-0.2340323435375344,0.4416500197992373,-1.8343875200970585,-0.7361271712938463,-2.779564678878238,2.7394064492245986,-0.3441449733443693,0.5722043955352578
-1.8486139308120673,1.8669780856635163,-1.6988501551430448,0.6825894931104021,0.005420037847591402,-2.304716506755388,-0.02601024916020859,-2.3552706177286558,-0.7226764741519053,-0.170897041226523,0.5761736255264139,-1.0723908149617596,-1.11598029689956,-0.8365488662693565,1.1044685943390575,2.130014856462916,-0.3286213831187073,-0.6063315451915867,0.27352834473906296,-1.3296405666878446,-0.9839151876991376,-2.3193135811209182,3.349057489411683,-0.16463959863705308,0.5605404808751561
-2.124268045130227,2.1820145262243407,-1.0999231440109813,1.0178598344553302,-0.7585230863397412,-1.0165688445591352,1.099680217096871,-2.5156907524257055,-1.0554240138851596,-1.529949692454235,0.4420629805362525,-0.7021448875593881,-0.24583032118977147,-0.9662774606746287,1.4167005154126509,0.951042776719202,-1.6795714013381822,-1.2531592560136593,1.0735242845200879,-0.24555190740480864,-1.7330686658188539,-0.40567030162703965,3.623735765222739,-0.35852745017310916,-0.06455574657107035
-1.313399597429445,1.9612942488765979,-0.9365027510723333,1.8639580198471686,-1.1833196770464687,0.5980623140386807,1.0993695418294913,-3.1116189426561838,-1.2281011858582358,-3.3347649455502952,-0.40598135930453005,-0.31374914664207043,0.12739224435155827,-0.9761625506271745,0.5198693559892771,0.046628400589789454,-1.5341746129960343,-1.5314414534944512,-0.36348123121704123,0.6639183429488094,-2.667132457694536,0.6827942099054845,3.418792675820585,-0.5018664372239081,0.6159428453004834
0.2388782356457186,2.3524184873698313,-0.8424727018673913,2.3204210544589667,0.4848794085376723,1.5836526511778855,0.9353233822000442,-2.833574418617367,-0.2852354656189392,-2.7989181555125717,-1.7965595255260347,0.08417302067253529,-1.2221836645866206,0.6994880444169157,0.4562774339359961,0.28115944206320903,-0.4761806406844637,-1.7776882169087531,0.012440703279484898,1.8626368193217213,-2.638359724499986,0.16698006499453005,2.1204753793885507,0.05113604150710925,0.8163441580201019
0.6869982959543484,1.6343541424181027,-0.5896940543254066,1.6226229335054119,1.770515859576835,1.494544435150266,1.1567130606647347,-2.3522359962303656,-0.035797636475786807,-0.2930939384926615,-3.602968971660497,0.5787809986870007,-3.0801304117428265,1.1240222312895602,1.545438923548015,-0.8290673391117516,-0.011823858387154884,-1.2683086804450223,-0.012371200834834284,1.8174924728005415,-3.39672434298271,0.12539753366873096,0.5065935896887118,-0.7942980718519135,0.23894606649845151
-0.8248509697239844,-0.22190739315435284,0.172655824258323,1.3837873363487625,1.8644721855129163,1.166346822935189,2.4851831099031685,-2.376963882763755,-0.7158280905167946,0.6415710058025256,-2.5864320372551095,0.08826292117273574,-3.075634173522382,0.7406551354188318,1.9665884845417767,-1.4405903564080187,-0.998805497275488,-0.36818926268913815,0.820471710282322,1.9402894831071487,-3.54693264009829,-0.3333191397393705,-0.6154681887735596,-1.5313353454406982,-1.0939296809632084
-1.5229014117766917,-0.4545993039630781,0.494906782628346,1.4256230336613849,1.098803818201046,1.2738751353927522,2.053341431778194,-1.6658169791348252,-1.4852384470201612,-0.6403247277522572,-0.5312108221934682,0.5226015630109508,-2.711377703693509,-0.8234486533445659,0.6199777525869566,-1.851618757342894,-1.506741937742929,-0.3773592775203617,0.057411099080564965,2.0556358079529513,-2.922410517123006,-0.8612064410207234,-0.7426499079700256,-1.4265912207809663,-2.2551134348867534
-1.2624332376573288,-0.7108329995314077,0.857424594791029,0.5483098316496002,0.5312723644580643,1.820303916199233,1.046714056777243,-0.6964000223243301,-2.352577182738976,-0.9849682338136451,0.41614335709755096,1.051908132578071,-1.6971000779766177,-0.42752222013654245,-0.218114397420066,-2.0440760960608833,-0.632042886008044,0.3842235926541491,0.26561515161652666,2.2461901916043003,-2.2338276214998323,-0.5842660783137553,-0.7328228192880586,-1.9029559864835683,-1.5916675662666282
-1.5042929605206912,-0.8719587874219236,0.0364235638298912,0.5339121507125177,0.5809313699384956,2.4068306604897662,0.6412616773341174,0.3245553936131298,-2.1454203806831593,-0.15607376804157808,-0.09607170739268978,0.6899454068727193,-1.6193034151790673,-0.7641377734511013,-0.3256500797485408,-2.040809618330402,0.24855504847805676,0.8408373669567768,0.34469247502964023,1.818295783619789,-0.9276185181208549,-0.32849722114566315,-1.9100418674811181,-1.3666046900129556,-0.7229063121949362
-2.480221017544226,-1.5845356393543089,-0.28675581561296026,0.6849904377782832,0.33951069745900364,2.5690817060134137,-0.07743524245209396,1.3052583675182003,-2.3492609434133707,1.237410116391524,-0.2998716393781133,0.3588791051182608,-1.1715452747055566,-0.4339654823828982,-0.2689893549579869,-1.3583696396635898,0.5221050161312866,1.3096440707994716,0.2839207856506939,0.3455770994354854,-0.06407942303288645,0.3916207040030277,-1.9970949234968187,-1.4425651995896533,-1.42229825941148
-2.559902997370049,-2.0666762272239185,-1.1568261005537819,0.1776052617508782,-0.43589821317698674,2.4027779736612316,-0.9170177213092694,1.9783917417773855,-3.0824778962853765,0.7474875351087322,1.1741910040657797,0.6858294434225842,-0.8277469523031967,-1.1680607844987958,-1.4628347068503267,-0.5160079770950592,-0.22854477813032403,1.0426667767276125,-0.5857001652216022,-1.4314497929126175,0.9301646169080239,0.3078805023040351,-1.9713561446028993,-0.9960771943538671,-1.2095032131087016
-2.612794624532653,-1.9525498081167003,-0.7565663217522005,-0.7895613084748421,-1.1775332987542504,2.9760689844637676,-2.7773512953952304,1.9143121131967065,-3.1042313027926305,-0.708327593683472,1.9192778939135635,0.6755752729716922,-0.649517450679571,-1.6288642761116412,-3.0143621534704548,-0.33606012482784053,0.34831643868986134,0.8141547912660149,-2.0097878924527945,-1.427386441625806,1.4235540044073667,0.9537815252140975,-0.6932140242532764,-0.08258217815735061,-0.10742161147499285
-1.2643324090522192,-1.146175540512648,-0.02106658963559027,-1.5355850199134624,-0.9218483775581297,3.746662866573353,-3.4594646815074603,1.4649796646455422,-2.5242631578459265,-0.056362908506328635,0.5181847606297996,0.1216063963525677,-1.2201114072991275,-1.358788002880856,-2.875463417227262,-0.65780102467492,0.35904656629889276,0.5970080913508087,-1.9892796424123915,-0.34109111495838473,1.0211148449241536,1.9144393378111215,-0.06751090796409648,-0.05983416941988634,1.224509018298582
-0.27831782647552367,-0.4799102298061736,0.40049680168392543,-2.0873194225701996,-0.19599307806070465,3.0375169902889385,-2.3525939303326537,1.4936498059960857,-1.2288666010848213,1.422944550652277,0.5062137714812114,0.06154093139187209,-1.2674796064622351,-0.5516742940583601,-1.6580202394983425,-1.2198455590400619,0.28120724986753076,-0.3212226113337952,-0.5620428283387309,-0.08229563417118774,1.0605300004787814,1.7755653937532496,-1.1810371801105488,0.24329893462379845,1.6557728990267702
0.06737521591690031,-0.1972448930209777,0.3109102007249928,-2.1327064756719594,0.7262557160857216,2.294082435088116,-0.8539896624722934,1.38486476415148,-1.045364439066095,1.8407300363193313,1.173268546518161,-0.3102108784834004,-0.4417111880308926,-0.8028007870002765,-0.8915299297676199,-0.19524865221483126,0.5524603451193103,-0.25828333135126724,-0.2690747970456979,-0.5677142002299074,1.1474112907244094,1.5125451366944362,-1.3021861712903113,0.26703727429681157,1.4477206363186779
-0.7884220815530727,-0.21288300260497559,-0.2834410117999229,-1.5736450642527353,1.0014491574307525,2.1172742834949307,-0.2548928580707854,0.829064495196387,-1.5104604885085753,2.1896640030967593,0.8652362860266781,-0.5340822597198467,-0.16813187798916546,-0.8846393936310653,-1.0435831913688132,0.5496057226265536,0.3453341644531763,-0.0200498886073068,-0.4308199328887089,-0.8067044590343574,1.5157162475118795,1.348252866458826,-1.4508661540179144,0.3974889638111777,0.7654951907396796
-1.540099214195094,-0.46308961859762077,-0.9178060177950449,-0.9980816971649817,1.4096742399810374,1.9753866309927102,-0.5067739061369155,1.008646099094299,-2.4462230008516483,1.775757866510991,0.6814113709533298,-0.3436621681330754,-0.13610539171189062,-1.0997262430173818,-1.587482287640731,0.6587864001996863,-0.22152048686158218,0.30006214280458215,-1.2030549808567907,-0.5501111826479643,1.7507851803834151,1.0727420552747098,-0.8030787025574986,0.3718424970097316,0.7276788432621628
-2.831662322946302,-0.25781026761953635,-1.571411665868773,-0.45410417730042385,1.102679841213338,1.8318076072846026,0.15610668242573908,0.8057618664178082,-3.5145357762966585,1.5892370589986726,0.23995574573061287,0.6973729043874759,-0.5066383696726562,-0.8333861596962748,-2.8027345389004337,0.6976309711305112,-0.2905347495351567,0.43658077350656516,-2.071362502047899,0.38777058683834026,1.3201449173995692,1.20112393204215,-0.2679763340526004,0.4255775991498496,-0.8408669933385762
-3.2450007769566893,-0.37407980185017453,-1.1955287513058246,-0.4670306714312264,-0.2283466667837688,1.6901599802900669,-1.185960665757612,0.9016537609238181,-3.1506882868758357,1.5912415468035608,1.0506178904264751,1.1728309836253792,-1.3235010182244393,-1.4303465182638073,-3.0265789176972064,-0.2878263349401854,-1.0324500725491992,0.614234441311782,-2.484647458968042,0.15928851049823733,1.0331945038629822,1.3653388524703627,0.122621127296591,0.6792784979519272,-0.033800765536026844
-2.4128264458671467,-0.009620278151724414,-0.6516958500308435,-1.1178596789043913,-1.037100023485454,1.4877377733729413,-2.0222710938946773,0.946319080489866,-2.82573051963898,1.5496857785841478,1.487748211030068,0.9558085438221311,-0.42265895654205,-1.605948976175508,-2.067857250504057,-1.0404759454161516,-0.8530057687811737,0.6244675281009852,-2.2614497257899773,0.7879331143511755,0.9512965347402973,1.9761982813473793,1.3900914911490867,1.1081699021187201,1.3152297434580023
-0.8112180896607778,0.7448042839309129,-1.5470756081678754,-1.8552091002167135,-0.9344749991206045,2.0149638554174794,-1.3354607655859483,1.1846369713617029,-1.5231922169737615,2.3952226088935835,0.9787834379543223,0.6915714169659557,-0.4432432329747269,-0.5508680571975395,-1.119773541609797,-0.856704330433495,-0.15911052884730315,-0.08443999312990981,-0.5771898868420775,1.5462592239430895,0.28970202876595086,2.1564321218258495,1.3083520068668677,0.36492638085319073,1.4300201007726079
-0.5311252326311374,1.4710764653711257,-1.8995488146918174,-1.8023686830591772,-0.04345518738197265,2.035978664024154,-0.13775964910614963,0.4880114619848647,-1.1979490969017066,2.761715983605006,0.25708802355406146,0.23859446369407555,-0.7045349705752701,-0.2076417796050724,-0.5103464507050853,-0.3365769812140353,-0.1948531849711971,0.21835453539134164,-0.25872086340867895,2.3527342473422284,0.028947017473781797,1.8875763925182363,0.7885026856338263,-0.984653712259846,0.3282425280732895
-1.8484749546218633,1.0421566420683261,-2.447152069664602,-0.7058974870012847,0.11179399529850766,1.7067138190700448,0.37846929983689503,0.25915321440616657,-0.8023257262635758,3.618354267099865,-0.30993598511627907,0.5436321537758178,-0.9038062437901722,-0.21794296627715048,-0.8662331925417659,0.24854850026766503,-0.23853050167347728,1.0779697223100906,-0.5922201886355623,2.6076091559336296,0.6093682875265025,2.0561412146383624,0.11770611417337906,-0.6069853501716753,-1.1050344009797866
