0.2864233438821197,0.46896899616258875,-0.15951257746816008,0.29670195765437424,-0.166191709848933,0.16932566021119622,-0.07191437489124586,0.0496594273491386,-0.10498245965422544,0.16518397920541913,-0.13531481712702864,0.006260659797278987,-0.08404936154170833,-0.38598127138783245,-0.1665298665061185,-0.2612689209514745,0.00010112063221058912,0.13543883988767744,0.18308049920621752,0.25874504900560347,0.382410936239035,-0.5259912031212698,0.16555846944838634,-0.011760367220938941,0.0655639809485801,0.23526548550289048,0.09503640285810758,-0.6398085388152732,-0.15100372401111187,-0.105150745759146,0.33504291087993676,0.24296063881350413,0.20620217104225497,0.05879225541576566,-0.15178928314143258,-0.28324036875821035,0.17997095200702698,0.35657064336255784,-0.322456019713323,0.1240670444398809,-0.09942386791580185,-0.10770101204258323,-0.4093156773508801,0.37884210872439883,-0.1118390096433505,-0.14320225475176873
0.24857700049588916,-0.14502351221174184,-0.5315682525629359,0.06962586946135851,-0.28978684028035373,0.42880343487544126,0.052417488598725394,-0.2617799881297434,-0.39712587512680336,0.5566514589479254,-0.36709202213754266,0.16797163057313122,0.23525442477810832,-0.16456265675520587,-0.4601624882162222,-0.27361592610824986,0.25548547621952855,0.32128037805843607,0.2064114601028858,0.2762863828998968,0.23680621150286324,-0.21633041099976014,-0.04846323440462463,-0.1796255899958758,-0.02775343382646741,0.3338657826643722,0.14210237427560726,-1.0459176158149155,-0.07124501587574057,0.4910029186158739,-0.027831021598806516,0.714572967261508,0.1773816518222196,-0.5778342840025822,-0.3749785107368869,-0.23187972375477534,-0.32486380296233386,0.017825061673127036,0.07042933611165829,-0.14413685128445777,0.15396643343742247,-0.0023160320177016136,-0.08019090401726799,0.20637245458800904,0.3462602546559246,-0.4407418743938339
0.19648253238761262,-0.10014500430150144,-0.4114881846015037,0.14173895146402066,-0.48634730366634643,0.007472486867438562,-7.694342882030858e-05,-0.21066766581966023,-0.4138918277538161,0.43042470337991035,-0.6277230450486367,0.23169446075547867,0.18777919418476097,-0.22719694102618904,-0.651626973265157,0.07461045543595916,0.4145141823505897,0.663791657665401,0.05059239443488532,0.6371980006800108,0.16486922874798962,-0.5057787679405933,-0.15633690683857868,-0.41258060669077673,0.18407926557284723,0.282012221829512,-0.025320525270636246,-0.8140758867909784,-0.32335784799969514,0.49518828459807535,0.14298962078682922,0.9970126725693916,0.30033610495085217,-0.8280432200353292,-0.3893728496304866,-0.5772496048050698,-0.1722753963833227,0.24011458855912238,0.05246491326710667,-0.14998913737666242,0.07243072747497722,-0.04180176220704866,-0.0639963475567213,0.26421778572666343,0.39898985307893564,-0.2283359398302392
-0.06907501192644573,0.08464435902752812,-0.4412150126307512,0.3374342169183979,-0.4109595746577337,0.34311636151264335,0.11469560969307738,0.11706383452452415,-0.4289221894822862,0.6702946037430773,-0.755186921507344,0.28654879316368176,0.5616242892491876,-0.08696237677036726,-0.4484544740631826,0.14980385534335955,0.5654524204472784,0.508138092527352,-0.29354921955773516,0.6435316335600885,0.10667350227608002,-0.5694759173908892,-0.47257897741876714,-0.5759989128632459,0.3641036745690254,0.05563086162385973,-0.1169522505950866,-0.9590006173063059,-0.5549845951099464,0.48620544503126795,0.16683123766136826,0.8667154456566153,0.28945683027969865,-0.8085655708230778,-0.567033719387997,-0.5596243855157045,0.07705009302816795,-0.1257542222675395,0.3066749663276645,-0.5116819676229719,0.19671697430249532,0.15700619134552263,0.13702175206418898,0.3592950890300349,0.4647625697539028,-0.5024869703556704
-0.4942110231986614,-0.3724047844977835,-0.3076843293231185,0.48976019711669316,-0.43629193238024677,0.2450938069970729,0.12421976458447874,0.34116357981049383,0.12213003066335901,0.3042091383930388,-0.7770999941512042,0.36551118230376356,0.5649098392795525,0.07822950133629758,-0.6374851284378195,0.47921090689033213,0.47519532070017595,0.26338795306948165,-0.3219335336269209,0.9263371597577005,-0.1280514512114015,-0.6190672743891865,-0.4435106528892252,-0.9299413263753946,0.39524296249096336,0.05903300054925615,-0.15565624722139185,-0.7592373503614757,-0.5657214805855717,0.7516919563204271,0.19497978369875654,0.6461910686526788,0.06915316115272407,-0.7975009072736364,-0.670150377798252,-0.4612702460883056,0.06814560603154085,-0.24716824911286922,0.2247337307146307,-0.8319578831028958,0.14102609381780243,-0.02466892934938436,-0.027986534068414545,0.6306250697723853,0.4366290305213569,-0.2673848980030542
-0.6136804138678119,-0.3095110483914442,-0.17208613672381484,0.29102472732054235,-0.3201137862189394,0.31825126088146277,0.30044469384686723,0.5393877977252508,0.036937980927917335,0.4673061930289374,-0.8160336221389889,0.44265830035151094,0.3142720804065569,0.3369438568213359,-0.4517489425039223,0.32871000307985,0.3563777449682586,0.04339193485676296,-0.7800938977987997,0.7567193593707039,-0.2345708908467378,-0.41630146813091706,-0.8547802656297342,-0.8813566956485547,0.5494333813689635,-0.3448087035177673,-0.0763224499358047,-0.906713860167349,-0.4242666727127039,0.419642429824428,0.0675590750828933,0.48773045879257637,0.083511038806243,-0.6072550039223292,-0.771738687539921,-0.06923003892311286,-0.038260809210646285,-0.7649943868019073,0.4207616746772571,-0.7492095779052876,0.2640535396972144,-0.26757541851235694,0.20343730370699592,0.3013584561372562,0.37188081165917936,-0.33695539554954435
-0.905820165087982,-0.8629785584584148,-0.14887447607052756,0.5306883219703583,-0.11541327229102921,-0.026186586279684176,0.3102828357233813,1.0647274231944226,-0.012283793310029378,0.25225626758808983,-0.8246599440142792,0.6760915688251495,0.4833046988986551,0.6952844203941504,-0.8096385275601059,0.5689124250502997,0.39422551734235933,-0.42582122874357914,-1.2245135720006166,0.7354349015503143,-0.6693715523079641,-0.002542084561210467,-1.2856019385893835,-0.8784467109553261,0.40177625372936754,-0.5058283596609261,-0.25578341209609823,-0.9380482878352738,-0.5064253490740944,0.5740920181019973,-0.42687235014219405,0.3103768439280756,0.05364573518570381,-0.62982745603326,-1.0223781790742263,0.41407017145153846,-0.48189151565798743,-1.0774382547339767,0.36702118654378374,-0.7752718219853894,0.17130891698791886,-0.6498109963057682,0.40336237398731234,0.428733130600473,0.791256792927754,-0.12318943989933612
-1.0484818109226997,-1.1207350382846861,0.020591487188805963,0.5213195235931778,-0.1806716514925792,0.3282614008384142,0.7572752751885168,1.0668458808807084,0.11409158226177546,0.009013988639822793,-1.1855223911191015,0.847681275847352,0.13210379745107986,0.996957021008025,-0.6851407493184641,1.1464346243999095,0.7990291976105268,-0.6260181656477961,-1.5997885799771163,0.773585766802109,-0.9969944404621387,0.07094062195328277,-1.419947041731074,-0.6176422958333829,0.3368038251326355,-0.7882647891171358,-0.5495434506887216,-0.42223875191765825,-0.6721595512594069,0.6553164239123297,-0.9284344391932813,-0.4310272624909987,-0.059517085772137185,-0.5558161521526384,-1.5141345973067928,0.6076375657963815,-0.8008256437412641,-1.258825597495111,0.3368689672806596,-1.01016214689549,-0.1250952371556354,-0.7409065770580279,0.7425399341378031,0.21976935705662484,0.3104641105611212,0.3470902995275671
-1.6668525620962265,-2.049540836819968,0.29386948948545344,1.1088473057230073,-0.2975638361458065,0.6257037512462256,0.5480743513984976,1.515001470423959,0.9483431570910832,-0.41625901086062644,-0.9091009337015923,0.5195587016527373,-0.08811295720258983,1.3787543970259175,-1.546580978721477,1.8391583766522126,1.0733941736755197,-1.1899659843816495,-0.9338621918530817,0.7519663938785976,-0.8373710899743119,-0.17546784153270178,-1.0376039768242902,-0.23346085862485338,-0.08591352035261474,-0.3492814350127634,-0.3073721302801271,-0.30458748653538587,-1.0470393621733303,0.98371507397621,-1.6672732827835206,-1.2568562049211098,0.04473276281124117,-0.142970736065461,-0.7930576401096195,1.2628574538088035,-0.6672481913417374,-0.4444307454232634,-0.15833659367442932,-1.0034537852997123,-0.19700502150594779,-0.7577840076857463,0.11754130612742256,0.7969403536255275,-0.015399030571391095,0.45291234915020884
-1.1653733686745236,-1.848903208099283,0.41749093005758064,0.5721994669765966,-0.3552647948214558,1.109866677410184,0.5650172663545034,0.680611540230079,0.3174555729794817,0.018397302065980725,-0.8362867861064077,-0.319356240754159,0.33000109267005906,1.321934176112947,-1.1950328851165488,1.12911400109969,0.8790245393566452,-0.9848060829171088,-1.3402183478984477,0.4532389303610941,-0.34173090430781283,-0.10241642841579779,-1.1211615383516504,0.2178865872182294,-0.6585350808599343,-0.488066726603354,0.2388549335131891,-0.18851532212789257,-0.8373965056528019,0.7014194201646873,-2.0113560967646187,-1.5451415584455972,0.25594460419949006,0.2739644169373876,-0.883850888472272,1.60425289076289,-0.8668785045518979,-0.23213948627911596,-0.6112995362964257,-0.4468556319907262,-0.42240842460400757,-0.35541703376217004,-0.10255298429742904,0.027428052548451654,0.04951089695977127,-0.08907801273649227
-1.0566054502334972,-1.4545727415353074,0.36139991049894427,0.2811657773927365,-0.2917657297272096,0.9278163607089414,0.60919703049956,0.5340044326158095,0.3730810094738987,-0.6077584446787759,-0.1841941136313659,0.1409999463236285,0.5529634308195476,1.3097530187938031,-1.311686342457405,0.9411461690660323,0.8067178618273058,-0.8937785415394496,-0.5389734585121343,0.504805055033855,-0.41627698275034725,0.06962567102008352,-0.37566591464255816,0.5480867829043453,-0.6721243071291644,-0.050073995373629665,-0.001132699395867652,-0.1920957286529827,-0.3430608231447185,0.6807531436174694,-1.6384218869113445,-1.677075170368195,0.29981757490812755,0.7205051674047132,-0.6335270587206374,1.4965608624895457,-0.9753724967589016,0.16246884962038957,-0.6421960918296947,0.08036858574925437,-0.3359119156433112,-0.4437684059053252,-0.3666265837195577,-0.1973528079355713,-0.17914313228285483,0.06915398180767723
-0.4804885402578998,-1.1068480406493288,0.41191678824229894,0.01951460170317025,-0.1299412123131046,1.019005770873045,0.34528865857095303,0.11722011831286269,0.07900018828507416,-0.28791018501689575,0.061868034884001305,-0.25171004054623514,0.23427520781671277,0.9096771613567333,-1.0504145249158006,0.809777789171072,0.667379221199227,-0.4477075792577193,-0.10935136279504375,0.19904457536432046,-0.08971935203061635,0.14146560011447845,-0.2622536990627343,0.7856237926570798,-0.8191256916069276,0.36402928323039774,0.2930427504127797,-0.04738416365651994,-0.20714911600776387,0.5980765916912291,-1.496936757052589,-1.6117410727100918,0.47666821957953986,0.6385241960713921,-0.2665635959456709,1.1482107647222983,-0.9769065332147799,0.34290986176747773,-0.6955858510522893,0.2513027401348897,-0.44818637380263554,-0.06257185222400863,-0.3845669230223765,-0.2018546346730652,-0.2802386635780858,0.06488826733007919
-0.26772409837635225,-1.0481121450458701,-0.06257395379253618,-0.09859599847855881,-0.30750613618585965,0.8944038537240933,0.29342464938773266,-0.12335410473017279,0.04710749012516641,-0.12162778925951846,0.1569896691811932,-0.0892277593500197,0.014582528439649356,0.7107401752744471,-1.0007872391658807,0.5517588286681213,0.45055721336980165,-0.21766717629728716,0.1279298974437036,0.037335311607348924,0.026696267193588974,0.34608995366353645,0.0630637978196352,0.8091124018629763,-0.6648969499134433,0.730755783247649,0.16244828251521187,-0.056090896539414244,-0.04862415209600227,0.6677157134789371,-0.9638730980707388,-1.4723677574489964,0.4738859892122119,0.31547231161435474,-0.239978890569051,0.8138701267277482,-1.2058043202115565,0.11639581011409121,-0.4876877247297096,0.2528695000322405,-0.3525712337162247,0.061269226247737646,-0.02295420621700177,-0.08259608766096242,-0.34212802249320434,0.24838298497911246
-0.38934452796447216,-0.7624918117155599,0.1264247613043395,-0.08106086920125023,-0.2448295760223227,1.173176173806232,0.3769108976570148,-0.04575191962934728,0.12762648027389842,-0.12483915183369573,0.3215011318320336,-0.16804715375800808,0.4300040485258446,0.6613169494958446,-0.7146989304060996,0.4618784849084181,0.4639710280769219,-0.16703585888334604,0.2640727376350759,-0.05394328443516325,-0.07895965597700141,0.30436003900257824,0.22801938993451942,0.6488431319852395,-0.5828582585032546,0.6456481345470767,0.12136991481666262,0.1707547788617094,-0.0018160416323546045,0.5778051026940944,-0.9440128258305208,-1.53497603136812,0.3730655340071173,0.5327813939613096,0.024336405994701757,0.6115886655113711,-0.8817180493790632,0.2166782313923149,-0.35199399204356063,0.012468605493020576,-0.26155662121924667,0.1139126226548835,-0.3514022431531404,-0.06352961464952876,-0.3618143522950725,0.17837148713176648
-0.49331044710962246,-0.8735540097391458,-0.24062125499008477,-0.2542544015439283,-0.012669134802256614,0.8465772810214491,0.6910240731632858,0.02347695716032841,-0.3811442980450013,-0.29017442204666866,0.08593876848825871,0.008101222207950093,0.31005549598333676,0.6441300518575874,-0.6359716243010517,0.26319172134770624,0.8037098914958567,-0.02574230258827731,0.21413956583299046,0.08201515143915306,0.054146523101541194,0.4149281320780662,0.37538523922072453,-0.132355934056504,-0.24704018622598964,0.6008463880432953,-0.2979708406065884,-0.2466625258682208,0.2741218280834786,0.5291806667399718,-0.8445412443294457,-1.239624253323743,0.6150442555014598,0.5305748608805398,-0.5880094294693698,0.6490704367136898,-0.952350036905101,-0.19526758377558198,-0.002902319103021564,0.2634669270270636,0.015265359445486196,-0.07514644326404596,-0.23818181482658848,-0.23071847075866023,0.4590598714210409,0.2659789683291567
-0.5167734846446803,-1.0061303690798915,-0.20647161244858808,-0.31177548595481935,-0.1799994444167372,0.6591699777929472,1.2084834760391758,-0.16808672324645207,0.15181343218984733,-0.3181403527560921,-0.5032820546089306,0.6292233411745406,-0.13990891865286192,1.1001051745738082,-0.4500637410970424,0.23786466666648975,0.7446064815636614,-0.5783721729368554,0.2674016541602112,0.012371715840015937,0.016452071881888915,0.2834442305475214,0.4221741571723355,-0.39870025460253783,-0.2502121073284751,0.5875585939393896,0.19421728853715564,-0.5757082764231256,0.5583397506589288,0.5617535093771651,-1.1574725558720327,-0.7334981486473736,0.06104089464117151,0.6213187962894366,-0.6070398337338523,1.3408124920494382,-1.2861745724453522,-0.8718966959679654,0.12562788730972266,-0.2856672632886318,0.03374850880450925,-0.7411568365921981,-1.0627532309392305,-0.19855816371177248,0.7630963124721579,0.8337383878892202
-0.5390881753453121,-0.8528779223698407,0.04422155671395468,-0.22531821871170465,0.04482767698260084,0.4950014043169465,0.5845596692899371,-0.10993743753722202,0.143704332939943,-0.1310522056425629,-0.20395114912685938,0.5081082842351113,0.03854372357783722,0.7984449539245173,-0.21338804103298992,-0.37444476873252364,0.06997051934156033,-0.47852656164997615,0.590700046416586,-0.13505328034593056,0.08870188022291985,0.6198317468915224,0.35650069917049654,-0.6513276249523922,-0.24615625757212306,0.767196213183651,0.2913423035564927,-0.9149264036320792,0.6238246044613899,0.1716156467463541,-0.7027573295207105,-0.15743137800655388,0.012842513635474201,0.21674302393362313,-0.25118638043578845,0.9205742915020603,-1.1717495954544925,-1.0801191664961616,-0.08362653423500493,-0.05627321561528509,0.16075117916229298,-0.5669671587164014,-0.7822136816337203,-0.3418288982715155,0.6597480803731859,0.41193904388286817
-0.31489416750187443,-0.528321897106344,-0.11318482618016115,-0.24297346894350041,-0.09255086935101058,0.27961521651158233,0.339875598700879,-0.25196648416725237,-0.2642267814604207,0.12682021397605642,-0.2075214051791492,0.35024447131433867,-0.1338485487277732,0.3429740566307363,0.11022176117566661,-0.2593156348980088,-0.09000331315745469,0.11753709258823469,0.49174495661746526,-0.12598383315427228,-0.16266916804447362,0.4262976436274353,0.0909374959395867,-0.6802868282045857,-0.2675070304780771,0.5023669532472328,0.02559531782494901,-0.34995943178251976,0.8842971250331583,0.06898090494134702,-0.281529007276242,0.08995384388173118,-0.02300877759223642,-0.06443272332372399,-0.47814291132338316,-0.05627402322037975,-0.953408590030666,-0.9459757462873237,-0.007253786180923677,-0.047901586772923554,-0.005830808989718397,-0.37414804291312154,-0.19846615726425504,-0.4131306785005998,0.7393069232234136,0.5302114902425286
-0.49237449156042973,-0.4953482710285037,0.21569278378465429,-0.13611134045078407,-0.08047203036084444,-0.19578562457880366,0.2767505938348199,0.064931311882396,-0.08156503106167187,0.0689391211552775,-0.3440243613089167,0.39162263287653715,-0.059087643565190875,0.3070709346731959,0.3390156014197337,-0.1504096520552446,-0.22128475984833307,0.08969685505714059,0.046913205410574636,-0.14666764049814773,-0.36907144922985335,0.4559091247606778,-0.13033137487490148,-0.6392855553974749,-0.35332801525427093,0.04576734810900146,-0.03801153055004841,-0.0746205610228789,0.8071785479033864,-0.10165766675670568,-0.14416099679954664,0.1928287143980868,-0.03866161765340909,0.03576657814817477,-0.5585189548005315,0.12800942310321528,-0.7663828382249503,-1.1495056643598638,-0.14786655227375972,-0.07406972267397884,0.34098632879598456,-0.5490706700866579,-0.02421890317163314,-0.42108225222604284,0.6678486269347935,0.22745476419690058
-0.8118984774870637,-0.7657984300533909,0.48222571703371275,-0.15171869107492697,0.11529363791185572,0.02679656454467219,0.3627109531277233,0.5887330296548101,0.08992379974644246,-0.12984520926072438,-0.5310848800348974,0.7252838481779058,0.6041337771904229,0.42082102688973555,0.2792399558911065,-0.10830574636441474,-0.1738158060774065,-0.2672961721459393,-0.07978789395850214,-0.11027006472040647,-0.5388911812694273,0.6948853576397154,-0.159155878851527,-0.40556031409701915,-0.1874026595395161,-0.35579845645265923,0.20853073092096447,-0.39466956219433474,0.5903328812735485,0.10008630657916812,-0.6281275234213345,0.035535637577884555,-0.12404202965404865,-0.11301949814965753,-0.7097000975613726,0.3252371475450072,-0.8679498764542276,-1.6837494283619066,-0.31405712703133326,-0.014688454676598621,0.7363935405849199,-0.3864217939730328,-0.13353375858722216,-0.5161258906889693,0.5014066737588992,0.011544436310654119
-0.7540250782502704,-0.32964270217288477,0.09525569494532188,0.09763494267501252,0.26982389095418446,-0.018341049096676956,0.9140800277966973,0.5618400710393521,-0.23807538191905764,-0.25284581247588267,-1.0531664933810376,0.6012985923829003,0.8812047617379312,0.6868323143847033,0.6073305979851339,0.26383330219409523,0.46858524340345625,-0.47586844773627723,-0.5145764036772508,-0.13445251829773452,-0.805201329835717,0.630069059990247,-0.43588285397003407,-0.569519723449615,0.27738892596851916,-0.29546128554667617,-0.4981594411939049,-0.3790111959364862,0.0635015128389322,0.26852805187602746,-0.48237147825589277,-0.24093418315113158,0.06445288522643644,-0.29039884677596295,-1.0790561978121953,0.11850492448849326,-0.8558932083807826,-1.7204495332371372,0.09059579303342001,-0.7547073108256164,0.2484428298893006,-0.37215177074504496,0.5355934574398463,-0.3078688109543817,0.33684127590521207,0.16298960628637416
-0.985343438606482,-0.18158642840645095,-0.32287321775548505,0.6773525900701676,0.012335926561178656,0.04837892019171358,0.6984768515593608,0.6832014259451059,-0.12801179098077425,-0.11317887271134269,-1.0477248706002829,0.5684663975372877,0.646893303379245,0.8108666766444718,0.14313703912261616,0.7391014117125144,0.5088912329419781,-0.7891083229395612,-0.8350571518673877,-0.48232837668337847,-0.912196813871853,0.14013091004130926,-0.4541527957957511,-0.52709959452317,0.5361197757304567,-0.4424651104442414,-0.6691844554381956,-0.20131041892119333,-0.5155138375976118,0.39350829497289846,-0.4537953711334024,-0.2193151006785375,0.1076034099361445,-0.41111794202602125,-0.5896219023200349,0.1270054245794286,-0.19656437814552757,-1.2205863680733773,0.045065038837828725,-1.2462457174770143,0.2445940334802565,-0.5561653575138432,0.7521674972808728,0.024711117640973196,0.06739484948796874,0.3016417863648951
-0.9494753586149004,-0.033641779805909544,-0.7663834888631728,0.8322174174749425,-0.2819663660974908,0.48900790769288327,0.5198568557671329,0.5158290698886261,0.09961499330658284,-0.1970482462857371,-0.6865539026066434,0.5412086244135715,0.6571870788107256,0.6619526402821982,-0.44407170640578464,0.9093034480531028,0.6052896633300673,-1.0217969642120468,-0.534077213520929,-0.6437963727501678,-0.780786063903945,-0.08539412713749811,-0.1408356716616842,-0.2293034729422872,0.8248898878476671,0.20246808081163942,-0.6085964211800403,-0.1268667360818218,-0.9226965649826109,0.6123453756613592,-0.4783453306151201,-0.7678112182214766,-0.15447747026251069,-0.32111745509439,-0.05886624694051934,-0.33009531768414174,-0.05931913309928899,-0.5519920737612056,-0.00787702563555132,-1.4546833086174595,-0.03233140292371543,0.07889981963287851,0.43558851020315553,0.11605081846992782,0.10761058418216868,0.5874294216295726
-0.3816285395439038,-0.0721051183354959,-0.7405311384411749,0.7188173916597169,-0.07593776238628422,0.6771002250724326,0.49321113411757866,0.5522047447647047,-0.5023747224739936,-0.40467269718747245,-0.6305790752717128,0.5085124623572626,0.8982689778875426,0.7254347304799833,-0.8760108643769106,0.8198682332564253,1.2108543992105258,-0.7989982627018911,-0.5847649201138531,-0.6219276632917146,-0.4734035327313032,0.07245109824951979,-0.04115105690276187,0.0008879310557398101,1.0981163152592333,0.6466745977133104,-1.140476381249698,-0.36676258213000124,-1.1336766996880334,0.6851022454155249,-0.5855559231003824,-1.1833115425029819,0.011922458882135958,-0.08175761781392694,-0.1237617163962289,-0.7271921469231387,0.27737572819851597,0.03058753918017945,0.016733787229879414,-1.3739540952847509,-0.3003709121104756,0.5588738985407982,0.4765996509423666,-0.0012555450888468156,-0.04273250299425284,0.5928953277030844
-0.6415737721985718,-0.07098107953430217,-0.8889319364098089,0.8818902961561164,-0.3278492005353613,0.6740061417374957,0.3084612055923363,0.3002992098957518,-0.3854542106363944,-0.30969677118273276,-0.5893699080448924,0.15640614174784592,1.3175034705464406,0.8862604393790507,-0.8670381998599408,1.1479534573476633,1.006061972164587,-0.5948415512598493,-0.6362579417455541,-0.3708018776726717,-0.28676656384920474,-0.357019285860639,0.23790516206172702,0.3008673517942831,1.0114523456397064,1.1696811514842775,-0.9033239091133883,-0.09179996019413181,-1.4699113189663613,1.1663503336091012,-0.17776752027084017,-1.3657039945960037,0.5158139733639191,-0.08819092458035337,0.2223605425660618,-0.7532389806123262,0.49184988270960456,0.41535428951600784,-0.20971645633236047,-1.3006998687417743,-0.4089937098397821,0.7749630394077571,0.2556191717178186,0.27331879707865775,-0.37760019633334313,0.5563054032241115
-0.3493604315663228,-0.10091192148417685,-0.8556505032671018,0.7603791811361152,-0.1796838710304413,0.63397669099826,0.37043168138093463,0.4811151251237312,-0.8837420662109068,-0.018196779659681278,-0.6316013012989831,0.010503234733584353,1.2629162120182762,0.936427408163899,-0.9241851365668343,0.9613732520456211,1.288988640703883,-0.358947844256177,-0.7551252026589177,-0.34695813333186454,0.01696302155425672,-0.24940370729093897,0.3204721427422089,0.3094082437417461,0.9052446538930061,1.3236791204928815,-0.9635111215675201,-0.24690501012524144,-1.2868127528824285,1.0044851450096866,-0.18805440054909467,-1.348308101422419,0.8238719935569774,0.2093679513721225,0.23854280396979072,-0.7187345994845566,0.9100096421672469,0.4777509368658016,-0.07118209511354416,-0.9935594792532367,-0.22040767117012036,0.9518336328077656,0.3688173239696931,0.19794596735499637,-0.20156736124769192,0.4739054492432684
-0.18638639647271327,-0.23480986273883853,-1.1735414977626057,0.6244289206767354,-0.3704410722740916,0.9329955485497935,0.5264444939436763,0.10116552161934911,-1.1205674239086614,0.17701329721237685,-0.7564943660281982,-0.02043276965440817,1.1089976859231478,1.2164792063557854,-0.9133924597444039,0.788690149354379,1.2878484494299323,-0.19060582320246644,-1.2120326207369154,-0.4926378592290226,0.07060735566965426,-0.4892575541898245,0.38576480344091935,0.2707182005836445,0.5925047086972121,1.0079916201665,-0.8038864731969498,-0.365536897788857,-1.1219125443657716,1.3408463542449454,-0.643167649001022,-1.131625851844909,0.8724089558996677,0.19831810224728913,0.08203827118000329,-0.42018656753229444,0.9989878961885089,0.5909253211543894,0.029029412244949218,-1.1954186257630874,-0.30106299956819416,0.47506367940900346,0.09457664083514013,0.07716762801913196,-0.3732506133839393,0.6472639524399235
-0.12107120478606574,-0.36392430395120945,-1.084414117830009,0.8657968029610995,-0.6755662426827013,0.6997877811028846,0.2775770785943108,-0.056224189131136304,-1.1513230203906877,0.32526515794563554,-0.8142848692269481,0.19240009901532612,0.5428167674024775,1.1690202103736678,-1.1183732369900388,1.023529513707389,1.1554500609890792,-0.20202408922650103,-1.1887800559473152,-0.6355538985006093,0.11976190767865974,-0.7712669483024777,0.4266344715797894,0.19197039514570413,0.5113045670234218,1.2230158006212604,-0.6658104675411151,-0.3665710066241533,-1.4297750740382018,1.2439724044292069,-0.7358513494783565,-0.728785543703879,0.9879256371567327,0.19293258308295105,0.31456635691815116,-0.2780325673721281,1.1110235596468285,0.6626370644678626,-0.04188138991045501,-0.9849079691939839,-0.32527073941376883,0.4002096510932172,0.009620337003496987,0.02380060021507774,-0.39853172436156514,0.7317952673987687
-0.25913061636362583,-0.3762793398546429,-1.227550625432238,0.8745083861012528,-0.6750365143755932,1.159989867647858,0.3514639041861605,-0.0721064158088291,-1.02734614917349,0.4293750348078935,-1.009421286937427,-0.03491106056293333,1.1154075149239184,0.9596079339018913,-0.9129299173783478,0.5067994386525358,0.954280200091008,-0.5765199841227621,-1.2160812865862987,-0.7374602838786847,0.21125674152074764,-0.4147038043309494,0.470027760542387,0.41656084409217053,0.5862652997450162,1.1916914628803568,-0.6172280292707599,-0.5379956042433397,-1.5240370081435348,1.2060988284234888,-0.5270656404938694,-0.7697385759406092,0.8310964675475456,0.02647848062117269,0.14113993430180666,-0.37027398967621505,0.9556038635092483,0.457006413353778,-0.21172923022287649,-1.1565497892943555,-0.047670341767268976,0.7916484238144863,0.10750830219518259,0.11955532384925632,-0.27269365112427385,0.1291993646057269
-0.268720639541138,0.04384042417348594,-1.1076157286879664,0.6430206869777718,-0.7065053731113674,1.0380418378842111,0.1781717232398144,0.0876545277318714,-1.1351544253729398,0.6278446541009634,-0.8577998580310975,0.011910733353405615,1.3814141591962465,0.8743979829432448,-0.8221695015032511,0.5401918992361102,1.0667420164197778,-0.08369383405411761,-1.1056417003064105,-0.47518656843036555,0.26076380382487296,-0.4975524309656376,0.20355444295548009,0.23466819885486973,0.83112046831137,1.2731568777864963,-0.7073951191710721,-0.4932910626305686,-1.479885910509293,1.133266645240535,-0.125048880821045,-0.73531329160892,0.8429776144725148,-0.002902302837512194,0.09853950929977981,-1.0171944464294267,1.0553747286075965,0.5154310234547519,-0.008313745529975172,-1.0357264050257162,-0.029403935811185306,1.0841479711827278,0.13154357499873406,0.11399632410323268,-0.2047784281121247,0.2738161972545744
-0.21363677562452307,0.007582718581088249,-1.0797815467024294,0.5209221932179251,-0.6765274393819474,0.854816396832811,0.1037054026048176,0.021874735701527648,-1.1218353879825385,0.5154499739314072,-1.0234649728926664,-0.02638618321836786,1.3481530588724595,0.6746004777788361,-0.8877925764909024,0.5191983716017451,0.9362206957940232,-0.034790188137925934,-1.2323588698389116,-0.20700605356769766,0.23066079520725952,-0.5277111457774541,0.15731013988731926,-0.06483491755332804,0.8258372228659843,1.094308539133986,-0.7170176452389997,-0.46712060379063775,-1.3402616846882438,1.1935372399624902,0.045930281356248465,-0.4154535930867622,0.8466124612682073,-0.19016815192355302,-0.09102349522214281,-1.0681682197626734,1.2023477713542476,0.4730026069872695,0.020620270132382407,-1.0750308855568946,0.014173107580528255,0.8395206217487805,0.2347465209227379,0.12030764920560721,-0.16593429171497853,0.2741012088028445
-0.22565455013470753,-0.6221432808753312,-0.6721107301935187,0.6946256438755827,-0.6488174391065881,0.6420811875370727,-0.04064955550746303,0.4152736120898489,-0.7178617323005912,0.5028333423873602,-1.1776848925999057,0.12209464158692805,1.040292838387787,0.6423115146466202,-1.2336431312461866,0.7110572097448254,1.0470845012224328,0.00417283351258621,-0.8729056684739396,0.002951398256472393,0.15174080451562388,-0.5070025940659725,0.21092414269213924,-0.25374603543032553,0.6956219639335185,0.9577673597096832,-0.6327361330786604,-0.41004950767396264,-0.9798822732684987,1.1446905833697305,-0.03213624109642321,-0.21775412575134195,0.5891272878121916,-0.19156254566454223,-0.012044753686412751,-1.0838347814502944,1.3177203101328767,0.37866580964606544,-0.016419461804428603,-1.1294328767385438,0.14352826628783744,0.6039840251654165,0.12468073785334455,0.3608873388534626,0.04363734935883096,0.46617878767267723
-0.5208073043901221,-0.5731663104334792,-0.724127554733522,0.580654490937186,-0.9546965340421009,0.6661215066012237,0.009833366460688758,0.43677052486106877,-0.41974523038941614,0.6313984800859864,-1.3575013384760921,0.19416050926652256,0.9499175125689485,0.7945921906057611,-0.8915794137910087,0.5309423332186963,0.791877023100337,0.03326124896068597,-1.1165858409746108,-0.0690568265370366,0.03933807868529138,-0.47443738193532947,0.026288045977071337,-0.4128258900484714,0.434583398342995,0.4603964613464443,-0.3044070811029198,-0.413723933779526,-1.084946916895942,0.9969372188778749,-0.2666023893214405,0.0827666273836527,0.4338880156853675,-0.46966515190645275,-0.25506874002161206,-0.7717679320791283,0.969611425304153,-0.19590971202026866,0.0986520071010398,-1.3198548416248606,0.31793825717841917,0.2192346382379794,-0.03168779730027641,0.3941962832260187,-0.12521615701772565,0.43373082847687006
-0.5577531719110298,-0.2109777953022044,-0.6018076429369124,0.32853792133967363,-0.8719533373857437,0.6340127674499192,0.027648292069199647,0.4191159547439208,-0.7534380323150429,0.4627020690837177,-1.1878257670788688,0.17333041725336576,1.2896446288903,0.48441516405946644,-0.7462963323677492,0.23473687359325118,0.6888635854663615,0.01739652688946039,-0.9350870348515912,0.094769448496976,0.07849498905624053,-0.3213199664769336,-0.1915146991380974,-0.4300821966909093,0.6396794986190399,0.6618286700346712,-0.4584971275400159,-0.6559353870786636,-1.0786432033573452,0.80334865225878,-0.02568802161504022,0.1405743566004239,0.4154695265597397,-0.36849724884331914,-0.5314733378580395,-1.1087018122453511,0.7733887198774586,-0.15192590991545826,0.0405559433731745,-0.9073247843547947,0.408257804379571,0.6553402922266937,-0.06443656252094264,0.21466320809020356,0.1529844079151546,0.026626720572837638
-0.6027792083938276,-0.4486249036511863,-0.3627828602232534,0.29240880133113556,-0.8031640061021608,0.6570780607401909,-0.1391191562296741,0.42858249938283255,-0.6463232964299294,0.324582816782341,-1.1682265159439047,0.2520096782684047,1.230018206845926,0.45408337168735124,-0.9324408866158722,0.29055411094413536,0.5309091052407481,0.05608922811323935,-0.585419663527242,0.42620352699426495,0.036327537640374385,-0.3452788651714952,-0.1094306800289537,-0.701192956482547,0.6676275017611569,0.7074502631349571,-0.4721937410098238,-0.506802358802917,-0.6913197820625557,0.8245622938968484,0.10266637188667527,0.3046701818595246,0.20992422438855712,-0.3633861879681488,-0.4582194671853447,-1.196616864664379,0.7875933239402211,-0.06790074705051373,-0.016036728228635527,-0.8668093942585084,0.3336622914072662,0.3863955168960591,-0.41238358848167334,0.34483965981753334,0.3898531852840561,0.2497346919840303
-0.5226383757056515,-0.5589794650808788,-0.24405091758252662,-0.21998144643809162,-0.9989464641916884,0.42709629071913446,-0.40297664934465055,0.5842368660835742,-0.5591505367808101,0.5817863468465074,-0.9768914830510359,0.38818918629224286,0.7893741503486553,0.4336243143900782,-1.1907523799906403,-0.11908431919162925,0.21997745640608973,0.2823786524862536,-1.118174561273666,0.3372053392338399,0.022116834512811656,0.01879285438554862,-0.4040340327493943,-1.0748154110369295,0.5063000431599403,0.3413913596005044,-0.3173598912756867,-0.3916556329388702,-0.44027083157628455,0.5677334174508206,0.026555923500447748,0.6662718084742547,0.03883301445082099,-0.2671248143238231,-0.5784895326090352,-1.165252513994858,0.7978803041094342,-0.3314178016786264,0.4725467104209752,-0.6655308101393331,0.584038133428521,-0.07709439343925177,-0.26021200792212623,0.10436682277169504,0.41923854038134484,0.49429296225958663
-0.7156465889435978,-1.3150194789164122,0.23786207914476198,-0.42420654363018007,-1.2615674318002663,0.3077218398927831,-0.2450177192969498,0.8430169721621396,0.08090473435115852,0.5851119870037971,-1.0602839122651107,0.9391797922821241,0.058237385694037906,0.5822103362342776,-1.2517966936991751,-0.14403318552696118,-0.18405490752667167,-0.01668421463214953,-1.5843925808066142,-0.012016486513356728,-0.42667429972580917,0.2999443842435718,-0.5770454673647236,-0.9939162165680856,-0.13798553363438013,-0.5822016655421773,0.05604270902415959,-0.1188921577486794,-0.04382865899410417,0.4685524144969444,-0.46392230879922114,1.1750813597995764,-0.5121197047075017,0.029566724891094104,-0.9694250289842985,-0.4424647338117822,0.47779810852623583,-0.7451548961700534,0.28348918412606405,-0.6746883982868982,1.2577119109194683,-1.0053533081180914,-0.30285938361225767,0.10459331625096682,-0.03867106853942946,0.4142081416041557
-1.1073933292826468,-2.085754917155409,0.7549679887792152,-0.5361887751019424,-1.2455008425645366,0.3050361281277045,-0.3450836076469458,0.8430949891641153,0.8034555304685239,-0.7041550990279792,-0.8453996187411565,1.0959633241548323,-0.6946167455703547,0.46418662862324617,-1.570273169222002,-0.07174701345598145,-0.7036679174333758,-1.0132210267371968,-0.6891465067057118,-0.017597682300569725,-1.0818922300346194,0.6683189481649201,-0.2595012011891117,-0.5319822870869173,-0.750129492628257,-0.5118829859412395,0.4164769730938075,-0.5919945455453595,0.7322134682737245,0.3931997150373251,-1.0163524152876404,0.8596981691130658,-0.9584801249050697,0.22767100871408658,-1.1552844001891098,0.2587066202709076,-0.09796125500802735,-0.8426095036489127,-0.7449855866323987,-0.45885733958468844,1.4913619683703017,-1.5729498226887106,-0.7671106993463058,-0.06159378729170797,-0.5285344500627183,0.2762883282012112
-0.7105458812095982,-1.9761656190540307,1.0499441035983654,-0.3473635827892469,-1.0776126234000993,0.034363297986245156,-0.13128540706172784,0.21695474800944026,1.0807162246144326,-0.7109618147505014,-0.5999389502080686,1.2570829464104074,-0.8963051680889277,0.09702346131254336,-1.0173835696514413,-0.2555665440834062,-0.5781673767394122,-0.81978594768385,0.29386502514674556,-0.37000524980103294,-0.9385570379350676,1.0243938983819065,0.274573979589645,0.23946797146724877,-1.26078534005896,-0.1928469785972449,0.6971932184561143,-0.5148142475807228,0.963335977589161,-0.10151914351358338,-1.4372552183316545,0.7112345819760078,-0.8906920499493081,0.16040738333158594,-1.0276305854957963,0.9695374002615399,-1.0983556570200257,-1.0392260753146252,-1.1171979072231752,-0.2165955664596662,1.3334755735515167,-1.6267329967759725,-0.9011863916481101,-0.3816054642297375,-0.4929622369775638,0.034735792846948665
-0.6498279038595692,-1.1652969670720008,0.779124699713878,-0.20772068870552698,-0.7028102304472653,0.3772615871171829,-0.00022485386081159964,-0.05803045661229944,0.9419402919875474,-0.6814498067606978,0.07536344592362539,0.6141242920185037,-0.2499946357781465,-0.09769015824465388,-0.25446630191346364,-0.3800205992409349,-0.44231809200532574,-0.37034588940717084,1.4440466308572502,-0.597242924524385,-0.6610295659902764,0.8699037824275722,0.5774479508292472,0.3944927080763184,-1.212678540959349,0.10700248285054606,0.8894182748343196,-0.2659695698851366,1.07616322694024,-0.32685325413026856,-1.2282137979866317,0.14342564952083497,-0.6505369935019173,0.07052986224686186,-0.28724278569093686,0.6567579404866868,-1.543144542825955,-0.8736846565133591,-0.9877963027510316,-0.009670115013041214,0.8716802347006534,-1.0132997898677831,-0.8458290430543031,-0.28302956275564606,-0.3524457221716281,-0.1845103632227842
-0.2758581938497294,-0.2849926069423241,0.6769617126395368,-0.5855275570619224,-0.34180681110180267,0.283270349149676,0.012311554625118635,-0.13128791461818018,0.0718328868249155,-0.4613622154652536,0.4409668277477018,0.2634270037608851,0.1593879979258035,-0.3486301084087696,0.3184011532760624,-0.752085458434815,-0.3724207338802904,0.24471710981464592,1.484045027977977,-0.4413650937721033,-0.37725782483594444,0.9179850510291864,0.38782429545032177,0.08245447908443258,-0.9204039518712879,0.28581813319948374,0.613412595462995,-0.11692643916443018,1.356491458133993,-0.7105632259754595,-0.7796610377907538,-0.038046233336888564,-0.487068326529607,0.16752392196489765,-0.1937161499605772,0.028942554397464366,-1.3189566900267085,-0.9387583299549997,-0.530342127423315,0.4362804452135903,0.6106400829296805,-0.43091172441381775,-0.5754645285605269,-0.6070506106631297,0.11043054788437325,-0.1635632700836266
-0.11266371436041736,-0.3942970621288472,0.4905886767964916,-0.6333441299148311,-0.4568969277674782,0.296942006466823,-0.12180038597496064,-0.23078620100207553,0.2004192993888293,-0.3117321940200869,0.39571490941062715,0.2495637713344203,0.20602539847817858,-0.5716731140881863,0.2046573525122028,-0.8941258226935138,-0.7716255794729515,0.5352120487074346,1.7700426186540417,-0.14326279839551276,-0.19018929505855442,1.0035096750233086,0.5464335842898866,-0.03678422550186691,-1.085404536420727,0.357793321985086,0.6678374319068111,0.248537700369037,1.6762379473464093,-0.742572816504051,-0.33711102961981254,0.11416695842427921,-0.33452436270580044,-0.33033211202047835,-0.15278533969106606,-0.20546125031759785,-1.462123201870045,-1.2506380316660057,-0.7037250971878252,0.32951346494327954,0.5769628456599116,-0.3276502257438055,-0.341181678619935,-0.4379646354664437,0.17426785341573534,-0.08405381274482056
0.15885769048218068,-0.04798901116615009,0.31029292761592664,-0.48825241711569134,0.03052805932885671,-0.028515050987016885,-0.020284486363766896,-0.06325863172706017,-0.3630179422060326,0.000968889530118873,0.0829407955305355,0.07446051303559414,0.3716873156444836,-0.517702121538532,0.4557058572698266,-0.8149763723330514,-0.2651017122798391,0.7115472948266669,1.6116543622343578,-0.1548057862274857,0.037983973157515075,0.9423703327975141,0.29830512669285775,-0.2444044734152706,-0.6169053939206874,0.369816272658618,0.29461015848616684,-0.009807898418964935,1.498947678552651,-0.7231404504301325,0.06785049693549117,0.2263314136984635,0.059205030915060505,-0.3645404071330552,-0.17420274136420724,-0.5308865120046031,-1.1713402441099643,-1.254736028329213,-0.2997971471861459,0.4783004261914681,0.41324142890850823,0.021166477709677223,0.20905825627224822,-0.4571379681927147,0.6849822057396432,-0.10224629798946666
0.08206371720046375,0.06283613730607762,0.06228485404274224,-0.522350450326621,-0.17207667496066306,0.3056621466582682,0.1101694661043055,-0.1537075076530497,-0.5359845668689993,0.435031474834977,-0.330902977895822,0.10753216471654764,0.6718897560206666,-0.3327170504139143,0.5753915332690708,-0.915316860865052,-0.4056927248957245,0.5485709436584025,0.5768105549257199,-0.3862801131552993,-0.0793689035193102,0.5389006257493895,-0.042633162835168895,-0.6811300111484945,-0.5864233150351483,-0.21191368424545431,0.29924370154772734,-0.24677347631805666,1.0305693377327787,-0.18799466650439536,-0.12347439280381296,1.0038852492309012,-0.11687432848657575,-0.38897005362704895,-0.5333913086371409,-0.7640995863758633,-0.7243040242569498,-1.0636259589260448,-0.11753330442033078,0.0077886788071097335,0.6174054232786487,-0.09177940589073104,0.0062364048757325985,-0.4288192031840107,0.6442459456099555,-0.2807334132712449
-0.18651591553861346,-0.0986578359115168,0.27721652725396356,-0.2815863392232586,-0.3145020968278767,-0.30462953403229165,-0.1363613673344535,0.10213710402844603,-0.3249562599195597,0.2656060567044322,-0.6302515414862918,0.5023654902536728,0.579831343997484,-0.006721077835070477,0.2169013530377756,-0.5128044514726826,-0.1644435101318026,0.6968953611463372,0.26204735243251825,0.04477176214514818,-0.06098722256983201,0.21630746666521827,-0.13164622077570978,-1.0217876450180328,-0.11017999617117188,0.0306584938865848,0.27162258931466504,-0.3938718445797651,0.789900422166531,-0.035607657868604384,0.14135212806356498,1.1905234487037082,0.07175083704943142,-0.44685141986094534,-0.43836910131599516,-0.7745009371211153,-0.21848467925362783,-1.21206020842776,0.010511341015500997,-0.09392654962785704,0.632272400609338,-0.35932812578572326,-0.08462286894913969,-0.3822531442648667,0.7297004345184437,0.16073892744372095
-0.4170368889224744,-0.7812169915704259,0.45372843514692723,-0.39035628454859644,-0.7555965394918832,-0.5094858500172708,-0.1983818779208245,0.3631909498007785,-0.203353081190431,0.09641946820777167,-0.8859711522669241,0.7903090329584883,0.10216449399031959,-0.04026083777767955,-0.072349121748768,-0.4544556290721003,-0.6887615439776567,0.5075824765453159,-0.17091401907316295,0.19908949373076001,-0.3697247060630645,0.3010587470299484,-0.16551743156933238,-0.8090412052805742,-0.6980620175159813,-0.18091295713105132,0.4156109863200098,-0.15079494228578721,1.1672905804554505,-0.24834821388913336,-0.052726923229841224,1.5708173504031038,0.12919906008980314,-0.4170803195722138,-0.8892529359889119,-0.533885987143333,-0.028266952097282083,-1.529737340308805,-0.529642685664012,-0.11160163315306813,1.1712215939415778,-0.6804744912148085,-0.19506719905876937,-0.31311235107655083,0.50610211165495,0.06432511020181889
-0.6937327132113893,-1.0203304848316659,0.5135808828763564,-0.07074365977969777,-0.5068626641739998,-0.7405471422522414,0.016984479496805746,0.7717541872714982,-0.0766590306023569,-0.25275384470257545,-0.8120159637815942,0.9395460167372616,0.48856983432304335,0.21128258160897168,0.05304466529253492,-0.453890771857965,-0.7555772299021833,0.0020172915513759493,-0.012303393604685048,0.25030815174715093,-0.6737138788888481,0.6271213731948049,-0.18863547366619804,-0.47840391413578137,-0.7014590848626174,-0.10078289962575832,0.5004773771094341,-0.29139766548991,1.1182451166193594,-0.4720038608038061,-0.2278217117552643,1.1178673468204698,0.11989204019463201,-0.3148837311408147,-0.9261505675372572,-0.08752329392264464,-0.499575184151821,-1.8972750205848499,-0.9364340175604939,-0.17614208727531352,1.16772492891614,-0.5787929089509004,-0.3013777121912865,-0.2625283524727716,0.6274522917197166,-0.2634966181811423
-1.1845545887189457,-0.23732675142893717,0.15472233209785002,0.432584333317816,-0.20291388434751534,-0.5665606795694176,0.357704773820381,0.7689457226335435,0.1141504974888878,-0.1695380245469893,-0.9214323937319397,0.7843797947028144,0.7142577312621458,0.670671034044626,0.5598738514865502,0.09048924266012055,-0.05755518062229689,0.01049129568492918,-0.13672367680679876,-0.14754680700148434,-0.5632309429034462,0.3683570621453547,-0.36299074539694165,-0.7975306759717585,0.2093163312827359,0.005031328951070058,-0.0234498110582112,-0.20600499975936898,0.3994612374796909,-0.28949815943822654,0.001645273471524475,0.4598256983775228,0.45695860812149,-0.45712483442532076,-0.4692033283228082,-0.2744066096993032,-0.5206567834521272,-2.0336610364426457,-0.21937311407492613,-0.7322216438110303,0.603237246352855,-0.4014681980205719,0.19839913377655075,-0.2755691355246663,0.7708829960070226,0.20373404758330116
-1.3744884556317474,-0.15527355995706965,-0.38479579846102874,0.6878400001784005,-0.030977059872358326,-0.8148159746807548,0.6082648594855079,0.8175155228155606,-0.2818959192805967,-0.5189478982967182,-1.1199338018883844,0.6505662067347586,0.42584699005780574,0.9494824369715252,0.48336451975481276,0.6607153429696414,0.3162473311703635,-0.6611324693749445,-0.8360904879543152,-0.27066061701056193,-0.8740355145671055,0.09390752633024757,-0.4380711421623746,-0.879045797767195,0.3584363738631517,0.048780334750884446,-0.4423514638458247,-0.20107499234050802,0.09857014597652097,-0.06881795158039489,-0.27743450362551303,-0.037873958222614454,0.677297560240814,-0.3374009857264039,-0.4467034456567683,0.29014405145394934,-0.1373983779865391,-1.9325285023417649,-0.018826142293442552,-0.977249130510539,0.3762255607884723,-0.6962494706873753,0.5242652384975413,-0.21875299213759464,0.9160474875164055,0.6039031159139324
-1.0683122721364433,-0.21303783995589354,0.042671306506855966,0.9126530612208507,0.04492131837505248,-0.5926042103426998,0.7538027759594139,0.8095209385074423,-0.26514761752675864,-0.7137436628432872,-1.215990342182935,0.9156015695234438,0.7454935545589048,1.1911286105888133,0.36582661305379993,1.134987880864877,0.9382842537145641,-0.5293433872902087,-0.7980239880570354,-0.1699853992315399,-0.8617380784092064,-0.14224280926538452,-0.3730499414626574,-0.4409437305608374,0.6434660996324184,0.29136338075776963,-0.7076276058637522,-0.2615637199366658,-0.5908926909083093,0.2861475783805135,-0.4669386193863137,-0.39684409731897324,0.5892210540160697,-0.13423068962551812,-0.4829685872104106,0.15440875150437464,-0.07847735044297316,-1.40371097293477,-0.25045369027767733,-1.1998786601513889,0.06570984623137033,-0.341240987998779,0.3378244818693336,-0.15361387580010188,0.271122304354996,0.5610382083360159
-0.7288134974311045,-0.3253227687398336,-0.4412801415072338,0.9342264252225022,-0.2147336931804252,-0.14694054309227675,0.5298970521577941,0.4222210307355565,-0.3035884410289714,-0.6708687002889491,-1.0840419680113451,0.5153834396149752,0.8082036939798407,0.9430407337288459,-0.07090649124189399,1.1904807242240856,1.0135809215871745,-0.447496561636202,-0.48997833480341935,-0.14187274152000132,-0.6593325674769608,-0.28569624273758126,0.014110713234761582,-0.00993015350253676,0.587344127758569,0.8343444857085272,-0.7282275744862255,-0.19732321005632064,-0.8844991766456296,0.6393387340624831,-0.3974793364151523,-0.8133345252159847,0.5325001468810489,-0.27984858724406897,-0.3784180248823718,-0.2755544608916785,-0.03697714192571466,-0.6948259616531325,-0.40491338021543993,-1.38267852814265,-0.27203654908843783,0.13685536431388196,0.29248049550192146,0.10399309459941658,-0.02772149800039264,0.5658950224648207
-0.5218037355383801,0.012626051488857974,-0.6191752217715514,0.9013746088148612,-0.32416412754846735,0.16504417063554744,0.18101743695284164,0.2787604279016115,-0.3545864947117617,-0.12566511695377106,-0.6992853077013448,0.18107643540256255,0.9675247149114825,0.7496359448743608,-0.3569491553705788,0.860900467214538,0.7940722903746749,-0.21823679016353753,-0.5232867840398112,-0.36867204607259946,-0.2549430087547217,-0.39940292536442257,0.15483950841554583,0.16494060005880554,0.6686208435304151,0.8801160290884822,-0.5363486552505361,-0.10432907500212268,-0.9701995641310103,0.6644952020659323,-0.0461563640058473,-0.7233544363701095,0.6460932005350701,-0.20210386781297324,0.21338044333782324,-0.5746542712855649,0.5338032810066922,-0.14050112778894397,-0.3118313373025306,-1.184530734345167,-0.15625488482364677,0.4735594331809611,0.3439409666199066,0.1322747459449473,-0.09232276765371104,0.389829043407084
-0.23401097004819893,0.03338898594043088,-0.8822670286902682,0.7118359012999429,-0.3975434693558926,0.1565027425587114,0.08256679399944558,0.25156705074844343,-0.47217452375092694,0.0698820421598882,-0.4561254738754209,0.259482682910111,1.043542962787943,0.8233912552312741,-0.6990852565478922,0.7067816861567702,0.7974404833890565,0.14304833232021852,-0.7668736815858777,-0.4311763082561091,-0.13099929158773563,-0.35964866251699795,0.061292733363494,0.23457396180829698,0.7447551213216371,0.7025341432223506,-0.5690339881357126,0.029809652454761783,-0.9111719754640877,0.937997519791311,0.03480166971996379,-0.7808599311664317,0.6905866895875005,-0.2922954814698077,0.21786149568367535,-0.7899799245069138,0.47556379719778646,-0.056092359179681056,-0.12983081392707896,-1.12883050014656,-0.22906983680138987,0.4873737653436774,0.6024584651353075,0.1433691269269446,-0.146222665924796,0.5501040537720612
-0.43454645271392767,0.05811969571564715,-0.7526565825822231,0.723806690353934,-0.41129737941145894,0.4244232099949913,0.042037998695752594,0.4008358097312019,-0.8019146171617664,0.21643472126425134,-0.8883998467818339,0.11520991798402398,1.3102145142300006,0.8054941433197736,-0.6804762240130546,0.8106854548636551,0.8079886009459064,-0.34656655916165097,-1.3770535901150058,-0.5018971954387366,-0.23749145636254643,-0.27936303733149903,-0.11938002081867247,0.22702256408428897,0.9305723477483727,0.6044899432653127,-0.7787007663292718,-0.03499889517888985,-1.2775149328315916,1.0484176052920868,-0.03864640581559323,-0.8926721730923083,0.7068748059645529,-0.1925147080792653,0.08197071653570775,-0.8405473623472433,1.0754367701865906,0.010051584896243138,-0.09444514844856423,-1.142482247780243,-0.013158468979080594,0.6663820379401407,0.7709303457704498,-0.0070159074193822946,-0.36260204065079804,0.47157126105708036
-0.688029931371264,-0.24218304654056885,-0.8744901904178246,0.7334257997683505,-0.5653127270709801,1.1292983866617226,0.30378474791306015,0.4703377283383503,-0.5859743969080974,0.2856110649987106,-1.0183163152232646,0.09909954675426988,1.8780740224291244,1.0267760159950756,-0.8774336480902797,0.549113439332845,0.972437915287187,-0.3559184746320265,-1.3220973903872406,-0.3709883254608473,-0.16812896270283306,-0.18885216333992405,0.19389691362591616,0.09088343479261585,1.0482452779030882,0.6672858515976483,-0.7550065386522095,-0.19380597511610786,-1.0837244174410812,1.2952566184710037,-0.269440247085791,-1.2508617491555913,0.4701908194656064,-0.23688198534029964,0.04364746916814491,-0.9524982746759184,1.0910539618202357,-0.17665425253340594,-0.06304881469093421,-1.5632972777305807,0.06539131689549865,0.7599276845823443,0.4299391427780242,0.05449259913662302,-0.29215433700014,0.5124931239785033
-0.3673152422460394,-0.44618247560526947,-0.5488198441045112,0.6312272280162324,-0.6180148419952672,0.6217601088671202,0.026552960098464397,0.42393597873140687,-0.9161127813828553,0.3280504492142618,-1.2313199099345251,-0.08172808282495782,1.5086149829303395,0.8720973335240982,-0.8887245342933492,0.7043436547299138,0.8063094049525344,-0.33829707938906317,-1.5760054744988108,-0.39450442370024463,-0.08977962508465709,-0.3033911288922002,0.07677506437885204,0.2612552890192313,0.6598651767150904,0.6794185024507515,-0.6482193237727648,-0.01570745062375778,-1.1052720135114305,1.2141019188182653,-0.1612657023801116,-0.8134071674117239,0.6410261710390763,0.13499236648442345,-0.03966735714927844,-0.9276307933801049,1.5142903837264858,0.25587248511093147,-0.3215223549014886,-1.1955215265054597,0.04091369201899235,0.5937008277152613,0.23042852223242927,0.03528795477096325,-0.33868490973205667,0.5779280968729028
-0.5218942877648237,-0.460520503391153,-0.5127979204974011,0.5077763351248674,-0.791806318973501,0.48681069303897184,-0.1723017985590265,0.4245400591261675,-0.8713696789643532,0.2199813990260132,-1.0951272529782659,-0.00034930378158054554,1.3331413760791433,0.9169542530689219,-1.004232723720604,0.6886286463865726,0.740847861115148,-0.2349184026880785,-1.48388208125237,-0.37170435132266627,-0.10746613889540374,-0.27590528220189736,0.053544384257568106,0.11464936811548587,0.6073942306573437,0.9242855306349957,-0.6013172672472967,0.05263705078170204,-1.0590240540850164,1.1062006637803408,-0.18322731694569389,-0.7693527631381936,0.8873421287789397,0.03953997996964832,0.09463372016681225,-0.955569323509259,1.3786420998360454,0.06733369632323591,-0.29212919827598277,-1.0394415848094207,0.1477713372871324,0.6086204379079035,0.2905982761258226,-0.10696186529229745,-0.30042819922797137,0.7098449363395679
-0.7311599582742031,-0.8173665829751436,-0.5205852302956764,0.6946644388389588,-0.6386180821978086,0.7123104983297505,-0.025292280677789998,0.5343193828302771,-0.820429755132362,0.06571517219604106,-1.282318188140442,-0.024825859671618627,1.7590119300308407,1.0518711824400773,-0.9617898732786775,0.7098594592816508,0.8454987976172073,-0.4635382617837316,-1.054148194915191,-0.18681189843393223,-0.17624212514545304,-0.24284767360311038,0.1417177209185773,0.03992962795648315,0.6169716803820613,1.1660340448362334,-0.5564250049350588,-0.35582073863745634,-1.0116076876064888,1.3796071446176519,-0.39094404497749946,-0.756126925774065,0.6749618313553628,-0.005160044114504186,-0.08040308168347665,-1.049615150090649,1.0914945597582277,0.017200590544487068,-0.5059151607489839,-1.1464137198569508,0.032267185029203574,0.7640258518911116,-0.2359572185549043,0.11785938657971973,0.12820853996481027,0.6206042070363851
-0.5942262333137026,-0.6246575783005412,-0.6676237217270333,0.4957943277588508,-0.653823775266601,1.0177461429695562,0.3786443140776202,0.4635965798273147,-1.289806732814911,0.6231182356247178,-1.7229940391649896,-0.19972258340471677,1.7635852327963775,1.0595930964893925,-0.5003667968067353,0.2274735348513729,0.760245340583348,-0.2556282616665276,-1.3860205494586646,-0.2664755931976934,-0.023676623701502364,-0.060469268336149684,0.10260769924415579,-0.33882166866450447,0.5445105386344424,0.5278116593326513,-0.6141356464984039,-0.293846003794595,-0.810942596321907,0.9893027490657615,-0.5148949961968065,-0.4234457064018058,0.5183095538138579,-0.06613729102778809,-0.5391198791919134,-0.8623107765341644,1.133856724086859,-0.5502820179957918,-0.014368122198613609,-1.247271822299971,0.24530541898428646,0.4711750385192374,-0.07218663593391142,0.01989968174420098,0.2830163045185776,0.3364825120941994
-0.7626842658912681,-0.7634505741894055,-0.2679623990942517,0.20641587301763006,-0.5848282503162875,0.21377341641403674,0.1283505160462448,0.5789084252125325,-0.81895481707997,0.5859825336774984,-1.58174932128217,0.39424771719138885,1.2589493127569986,1.2438544568302161,-0.6155382199116481,0.1807075513955257,0.4723863091636332,0.07518947381505292,-1.6191095444033379,0.10793100003928102,0.06697292670949939,0.005521614032601735,-0.14607359756390986,-1.1026919761097291,0.8724204143230812,0.6429971667238357,-0.4680427968561002,-0.2431443666716555,-0.2691515250268599,0.8093713307800423,0.12079017015641624,0.041561898113567364,0.7706628849793896,-0.13148276141283516,-0.34469374536863084,-0.7635183722783839,1.0706351013749642,-1.1595686110834786,0.28250893837985547,-1.038126325074892,0.40140965399065665,-0.052363188228624014,0.13331090472459747,-0.28592785971927226,0.5783149138936255,1.0456499206308105
-1.0321776533804399,-1.179293909977437,8.026638005775855e-05,0.21224513200713996,-0.826933652970288,-0.15947993190035648,-0.025342585297152456,0.9330045353823169,-0.4964548973283008,0.3989376589050669,-1.7169443807528162,0.6361752792201358,0.5082854340261085,1.46289715268622,-0.8071183559978943,0.5771031084057913,0.350805275321728,-0.2036774485611344,-2.280439714104151,-0.24724869909776076,-0.3344150646671891,0.05936087725480795,-0.49629720806662003,-0.9558142743032246,0.418169178245903,-0.007161933048108526,-0.4135019291495857,0.11714680019354799,-0.38129756071511345,0.7219641635613703,-0.3584060292408734,0.2411541880955571,0.6650554704912794,0.11354819055663758,-0.5235013750468432,-0.34954189478090797,1.2613236887802173,-1.1373596730154838,0.20747178873221203,-1.0654729157418212,0.6786694658381813,-0.7454695267355802,0.23200331089775267,-0.2981520583446059,0.10838839170142392,1.244507015879005
-1.2270202919828166,-1.416610149677501,0.22211008438564908,-0.014067366204056103,-1.1191880239547274,0.36648685365932376,0.40838079067984956,0.9997778561430488,-0.5961095152566959,0.03668641421964105,-1.6447569713380388,0.7869580682824625,0.44612633842411886,1.2635803283924893,-0.6425984071473767,0.4292689647543949,0.20188239772427383,-0.6887459998709247,-2.3343623082799803,-0.47473247780582534,-0.7308718369629102,0.5505563038063591,-0.4946755707283117,-0.4603026982836387,-0.17446877019840978,-0.19521750448862352,-0.5353863373255108,0.25339385286841576,-0.35689784578405503,0.2511562874613381,-0.9120630343276179,-0.030976276787165552,0.6278522967919138,0.4426858390829947,-1.1152816088393853,0.28477182189800376,0.6726847969596543,-1.3015881411054735,-0.2699507063670239,-1.0376671521174263,1.1888003288097637,-0.8221296826766036,0.1292941615770036,-0.3693365733240711,-0.3562305415711944,0.555425779109671
-1.5100584194629818,-1.611285907724484,0.3155058466261802,0.02983282570045298,-0.7241410217244107,0.15067462055266886,0.6356963107425381,1.036605808591648,-0.2554720829408677,-0.5446935300958166,-1.0687021769165599,1.0265331797443737,0.09564400937794532,1.494451661409065,-0.6052123172598924,0.6189081085470891,-0.19454114080035903,-1.088702694702241,-1.5919147667756541,-0.29486975967428986,-1.0124043927370145,0.604905560321848,-0.09163173153560467,-0.12681947952710926,-0.3942791616757203,0.05818536525362622,-0.2957807607185764,0.25520248527667655,0.1859532568701618,0.10980841200994607,-1.096328072265167,-0.3317419351062075,0.49707553203915555,0.7606030685767118,-1.0139567140869237,0.695202881645931,0.11489583603074954,-1.1933549675111506,-0.9095751505985835,-0.4912233759531106,1.0833409815599198,-0.8115031972940958,-0.30685128303360265,-0.3703045285071913,-0.3554851176928926,0.5947102167116767
-1.322707980771802,-1.1443687390783897,-0.03687328576968372,0.26731255556237565,-0.4649948259529707,0.7482276988425456,0.7225718457066126,0.5541985053220444,-0.012743734685371266,-0.45798834595246307,-0.620911644225361,0.5693402973030377,-0.05752444532469586,1.2661600649230096,-0.4275358298986292,0.5106244053377242,0.08150795953069491,-1.3027288352041242,-0.8271589397037874,-0.9104048174260853,-0.8291723641762381,0.8160563512635621,0.20941600955411235,0.4221106808013225,-0.45671446564111,0.31346137749604563,-0.35338964905679204,-0.024804644104226004,-0.044787391431644646,0.031661371089600765,-1.3652142084576624,-1.1233211527259401,0.2870564263914375,0.7428860682935787,-0.4716480511676343,1.1053504013463806,-0.48832337867450026,-0.7991806659015753,-0.7896242612142038,-0.6657036761434271,0.6516489166008305,-0.7483236038796415,-0.23765535531339183,-0.4598800737700108,-0.45218776881326206,0.3185904795074946
-1.0935152325578972,-1.3550142102688794,-0.16922843852685973,0.23330900325536386,-0.49168738022439057,1.1735719004742013,0.8392661385064151,0.1674721615086098,0.04227999110762315,-0.3823135255859739,-0.2795471752557509,0.6865512564991831,0.03522113953577946,1.2559519305338172,-0.8994417626467407,0.8292886751961115,0.2965814047676024,-1.3960803430095603,-0.49738491530896034,-1.018159260481513,-0.991475683741953,0.675646722948131,0.35605286896911004,0.6594840988140356,-0.24908490462832183,0.4582373621795731,-0.3065998275240751,0.1650748904623517,0.11947522643325534,0.7775464794740224,-1.494584696813218,-1.598488254562915,-0.0181414733549881,0.8581512352753953,-0.2550403953184808,1.0166887224391692,-0.886683114366795,-0.3383436956323195,-0.6426623826106642,-0.5022434402848904,0.2825649283509996,-0.696633238438823,-0.13886162669760596,-0.3821399483248443,-0.35306231208382893,0.8823166387718465
-0.9661111705610228,-1.6350706416780705,0.2506342428329542,-0.4211863667260557,-0.5567753700674087,0.9544258057945298,0.7503987463005711,0.34598837048687936,0.2159325453296632,-0.5748964154649635,-0.18378772932297657,0.6211752974321522,-0.08953032902558938,1.3545457468852142,-1.132403814814087,0.43337455882364373,0.10748642095896005,-1.4722683604385451,-1.0342793078993868,-1.0324872433480152,-0.7401991603373932,1.0936315294610475,0.40705939626928667,0.6958347434452742,-0.41463728607872513,0.24003877309613308,-0.17364740354193675,0.36514360396685464,0.28010471406936016,0.76204906317585,-1.5915887755289886,-1.8421604297762666,-0.33897551643922624,1.410272284938851,-0.450262205174245,1.2314162634943406,-0.6466213704336906,-0.29618846786140296,-0.4646569402964205,-0.08523715028452121,0.5443854142271964,-0.8221789668060685,-0.34669718637123287,-0.549610621610747,-0.7318500420342486,1.1256407509807684
-0.8132812576125541,-1.693734821616128,0.8656817941843649,-0.9050890918185603,-0.6632899558829223,1.2179985891758065,0.6222913746391947,0.2582722743196658,0.07033444159817032,-0.9548715555096337,0.5925672717782874,0.417352114890833,-0.549489801308404,1.0924968163367081,-0.9621493771964004,-0.07847469551107211,-0.3961232820979104,-1.2923802387000465,-0.35100625818165815,-0.9555380872777439,-0.5897503417634833,1.1707063175370833,0.6306285989380124,1.3014988909693903,-1.1641055234128832,0.2869755005358334,0.08988076531370912,0.7631469799678092,0.8511982317233154,0.015333567487422317,-1.8150503824488375,-1.6524193404066356,0.02594987284678818,2.1267637660742715,-0.36844229085600155,1.4481291978479973,-0.46126738432953956,0.32147668581149025,-1.1864807826835548,0.5302607626691931,0.7925816673776962,-0.9070176329782113,-1.0835550896634336,-0.6680419801385422,-1.3171176660193489,0.47562450358822156
-0.7089833116876079,-1.8529489600248752,0.9915278238204571,-0.7781832006849386,-0.6950225203141752,1.3539780299918642,0.5947352794061815,-0.1399601475734754,0.26339899605974865,-0.9358414549004699,0.5328885206834966,0.3208084123050187,-0.4501652513072439,1.01345820924795,-0.804901601248189,-0.21648375634084072,-0.3342169630175628,-0.9947011204549485,0.4638068852452848,-1.3509525689026147,-0.3957965435528338,1.3955217339220285,1.1398624081670905,1.1424960947552731,-1.618393191350212,0.29468087863129777,0.13388800541635987,0.9514986234770505,1.3052183529073,0.1256818372091092,-1.868051669961004,-1.6791423172419826,-0.13436508545585324,1.8848845981428335,-0.1474519121863641,1.5404895691635159,-1.123515893007354,0.13193329552230237,-1.378833998322392,0.6733768846354901,0.6920921072826833,-1.0880086179160608,-1.258634616381105,-0.6503275366382333,-1.0816657327681796,0.7549875924959576
-0.4041045672969918,-1.9914571754366688,0.919920645024932,-0.8234775454226018,-0.185907571355862,0.9142817174270829,0.46664069191213164,-0.32414144054235344,0.17756063702846758,-1.0714698774767024,0.780661431765146,0.33088723763551436,-0.2372676654155354,0.8479142926479828,-0.5333035798356413,-0.3572922916390602,-0.5816342433058369,-1.0222890380940488,1.0350272722876679,-1.3310493218180213,-0.7952331194095925,1.6969628617333359,1.060593909828367,1.0178149708161224,-1.9239654828575063,0.7585484132010327,0.5061160786420952,0.3025358736149042,1.7609593845665439,0.2801512198506425,-2.085364933102342,-1.4163324433411566,-0.3407437116367408,1.559827963710997,-0.1038810375192154,1.5852761870873338,-2.065256945811603,-0.3152932913905674,-1.411921985908135,0.7005189207891829,0.4900941486848064,-1.2056641855809092,-1.1712917469573714,-0.9462432916994867,-0.5425219761791005,0.5997260659960495
-0.013742078883928172,-1.5754070143038974,0.8650446771945587,-1.091124201000981,-0.19396016654167186,0.5521911621008423,0.7778865930606352,-0.6406194544299041,0.09538906423919287,-1.0250443755556022,0.6243482570592225,0.7191524449527487,-0.6050214738451454,0.9760754344885074,-0.09441572434680573,-0.458363238792946,-0.3701646337456685,-0.26446417408760897,0.8857997503607526,-1.59165483584593,-0.4178802292979076,1.564531534592097,0.9728580313729381,0.47959192029530534,-1.6327276918367017,0.21691699179112497,0.21617224708895585,0.9517063225962756,1.9967367023901543,0.08881295247652832,-1.605286468052508,-0.9588775091857857,0.1380440336844929,1.2549306919798784,-0.18306518524128024,1.3224890231154114,-2.2152729492686594,-0.8573100427336777,-1.0124793863573656,0.6358828888634548,0.34585907617005524,-1.3231574665386816,-0.5490456881551736,-1.2109732326679967,-0.538410562646821,1.1803003917394768
-0.15850428264461927,-0.40051356522570886,0.6237202014708998,-0.6988040664466342,0.23814506009280728,0.11427995669618612,0.41264978146930287,-0.49480750879805135,-0.4826660549838837,-0.8862489025833183,0.8267516062190458,-0.05544144987661437,-0.351659007434399,0.5235312376343703,0.8295003458344836,-0.1611344131635738,-0.19789644328327996,-0.17710534515794318,0.7982155992704685,-1.5870148709593583,-0.5900229932527701,1.181252166049922,0.7454902823680684,0.5218276976194453,-1.5118989955533828,0.44631248420345415,0.17542290077439543,0.8891003508939163,1.6126069208582952,-0.33828289052013016,-1.2556763069256476,-1.4302296515264725,0.44465570349294625,1.1142860625610551,0.42543212689350085,1.0221620159542222,-1.464240289801399,-0.6891906220986337,-0.6006912758640999,0.8414147497117805,0.19067635838167576,-0.81495198192962,0.20893964608170684,-1.3120210647450552,-0.6036046824872158,0.7564082023282969
0.17836538002057634,-0.4184830388282082,0.6959360041461048,-0.5071284223778855,0.3636912623030858,-0.25517310067382165,0.09847153671317185,-0.4122462687369486,-0.23040038780665711,-0.4427770148244613,0.7250812265662585,-0.3824816332686367,-0.43415189264228776,0.27344791348575637,0.7036099008220966,-0.1459748067418607,-0.27583060416291344,-0.13133671283738652,0.4643271604986092,-1.6302766292713449,-0.41290833840649077,1.1490771268041688,0.7750811650682138,0.8891983723228815,-1.2944300962103366,0.2628117485628816,0.005423434070212382,1.2431079444767352,1.6738378599969432,-0.3237599743519717,-0.7607933821565155,-1.4551796491426698,0.5678791510413264,1.1903530845749242,0.7344414226308791,0.7213227877179941,-0.7093428586887462,-0.43208072672332903,-0.6245148527719461,0.7789688243919849,0.2785509662047403,-0.510100401349126,0.7424124684277749,-1.236652566923411,-0.4702094589660728,0.5891501284821767
-0.22290112830447684,-0.5904177224288734,0.5560755279385002,-0.3715897276156729,0.17898373606838403,-0.19806783381357887,0.038246399638192735,-0.1401456171242271,-0.09105352639941658,-0.6260331392886268,0.4481689942986245,-0.07429276402839124,-0.2748140173951154,0.5681307756143088,0.5418318934358761,0.11416772245706472,-0.4212570064538711,-0.43565194868741475,-0.20229956101840102,-1.6413615889248008,-0.7361451187369804,0.9100263902094634,0.4473099836426531,0.6114227872233543,-1.035935036903745,0.07724510100738735,-0.06675846031618396,1.4615937506829821,1.2464841684575743,0.10960366468529756,-0.8186520511918848,-1.1800494305372096,0.4863336655819509,0.856042801076702,0.5971240809477623,0.40563534692786574,-0.5321595092396995,-0.5786232592683906,-0.6510542834008218,0.3458721153231074,0.15917291869609776,-0.48737095158173716,0.6911523616422873,-1.0456974295441095,-0.6006055575582752,1.039455397644218
-0.45536884180442416,-0.560147636073062,0.42871199442011604,-0.16300838433181913,0.1737980333446092,0.005373558578158938,0.16158217218987747,0.07220538801765963,-0.2288704524428363,-0.9149357420964322,0.17045157994147303,0.11663641990168808,0.06297362027763875,1.0388444411265023,0.17304289984924331,0.7600238417102868,0.30179116985271,-0.714005980600471,-0.6130387029822562,-1.6367292019127235,-0.985319441789538,0.9885973219487869,0.15346314333224348,0.5753737130788095,-0.42451741666311316,0.23559781360315135,-0.5401586299306431,1.395399854543628,0.3960314786798242,0.3810984426836932,-1.0994335441857592,-1.9602145455217743,0.6980667269769821,0.7828457491803222,0.47396150901657685,0.4593128074222674,-0.7228837853518059,-0.6643053044200686,-0.25548227858297706,-0.16796357011194746,-0.22487862172144085,-0.585067388657838,1.0752234561189147,-1.0367829346599968,-0.8329636892799609,1.4579651107877933
-0.3967035591731253,-0.8173414946411595,0.5404142397784018,-0.1198183416117524,0.058707743674592555,0.2736315314702099,0.6684648199894933,0.2637856897095774,-0.1723337931395084,-0.9367437184973461,-0.19719085798306768,0.33982127832133235,0.30938015385065754,1.2858556435195734,-0.024702807891856998,1.0988654188670803,0.824644300918061,-1.1395243323254416,-1.3194528564839398,-1.549469500817806,-1.153259824283304,0.9679749769300527,0.035976466414966594,1.0211971582935968,-0.22939328805110992,0.15146929696135533,-0.5576069060099019,1.262957768788162,-0.09776577994323873,0.6185566251378672,-1.493750903979315,-2.5440226632063485,0.364166076063385,1.267313159066158,0.1560186581850304,0.9571925287505143,-0.553772939192869,-0.5800386396040302,-0.2088769895610523,-0.5556862603416286,-0.16321847871203238,-0.5364017364378786,0.8400694396047379,-1.0225821290788581,-1.010822523474853,1.4204097392379529
-0.9246992551934942,-1.2030190453292855,0.7120383136655738,-0.05988634504994453,-0.006526737098774604,0.17151146104788512,0.3619526760698669,0.6250016473500802,0.2155886581192096,-1.136480963893894,0.09652582591840714,0.07050391204842332,0.5649774368807495,1.609639159323491,-0.4648040414854787,1.1358248892287246,0.5129025386629094,-1.3065461613860458,-1.2263135591014533,-1.3244049180213155,-1.0745890024352525,0.9245875429144157,0.3733559726086594,1.4751968422135437,-0.39421057149709343,0.29179783376950164,-0.3856358773862568,1.0362052633027186,-0.12265738802389178,0.8363931199473162,-1.5017527622977482,-2.86299443575999,0.3350022280833303,1.4598988791741179,0.3182703477555406,1.2291352321010098,-0.1976814485967148,-0.2576492048814636,-0.665212310744539,-0.10436009226491694,0.1366858596920398,-0.28801422017792777,0.6066195009533045,-0.5927983108162624,-1.448068295990037,1.1369773570597346
-0.4727979145130198,-1.5351123919224607,0.6806862896770826,-0.12710097710682872,-0.265790359607178,0.706715841863415,0.24632817771092003,0.4267697672319084,0.15776720835091207,-0.8770224802148546,0.27871606533568416,-0.19741688753730247,0.25414475754358623,1.0742554134938842,-1.0353099735586069,0.9436872257452532,0.6513209469589197,-1.0381005172998259,-0.40347775830516025,-1.148360949761132,-0.8087729401071355,0.7663029661976776,0.8410612807867512,1.8093798795935896,-0.9858368443840532,0.6168868652521192,-0.11493348635311368,0.8942772659018389,0.2714298152440659,0.859086904349592,-1.8004441940201574,-2.814747896275927,0.1554816087753437,1.5631782480323095,0.36280512197283266,0.9152356894499053,-0.04708832706780834,0.4607952815462737,-0.8961720227649904,0.07695708790137881,0.20687144425397325,-0.16926330889152552,0.06928515036709862,-0.39483677580727644,-1.5913904521229933,0.8677160635377347
-0.29914089851287484,-1.6436389070063115,0.6811106792262435,-0.3764722625662315,-0.4176584408206943,1.1124163189163567,0.14409776953172085,0.07303633110536029,0.2586917129438886,-0.8908626827490811,0.6589078560335383,-0.2893909415976266,0.6491243167709944,1.027772941394663,-1.0756015648920525,0.34035423938373666,0.4826975296176449,-0.8024667637911261,0.20280248898319622,-1.0304854804380823,-0.5439290245258559,0.836837498799331,0.9049940548514104,1.7783852954933401,-1.10263908627381,0.7188923870195923,0.2172345307520363,0.5387033545933506,0.4191931651045484,1.1708281974880883,-1.898524884918745,-2.2602853808075687,-0.2731475404178391,1.4448302848778973,0.22606507470209686,0.555902547660011,-0.6321822755292954,0.7382160532498123,-0.9835762471039177,0.28256412329019187,0.059164997210079937,-0.0013590778333061881,-0.8356574519013483,-0.35447768606569136,-1.1511129941984672,0.782726582960612
-0.05767503868579315,-1.118293303377023,0.8503290970277613,-0.8899426746931821,-0.5380853662460902,1.2281996768547256,-0.037798772946652424,-0.24260219943929867,-0.17561691742022895,-0.500116138305365,0.465549026922825,-0.13304652812664158,0.5591876918602154,0.6067764603965538,-0.9453106345991581,-0.18757698253152508,0.17709482876212657,-0.3033164387630939,0.6012576946489474,-0.866054938936309,-0.24998057789144643,1.0743086446751429,0.8393486463118988,1.1323655543639435,-1.1033689511888545,0.68877218803593,0.220938614781707,0.5989147919548652,0.756045128427371,0.6004395868034823,-1.510875800254552,-1.4999935180177404,-0.15790666662468647,1.196307822789062,0.15605383759912955,0.3177185098844396,-0.7415473227733936,0.44237953237522787,-0.716987514265027,0.6383994040592708,0.28353984173289215,-0.30899201453483793,-0.7579437167567561,-0.6582885547998727,-0.931975696133227,0.7054713919341584
0.2080853889914332,-1.3087461592791925,0.6712841205140676,-1.214423902466779,-0.9432260362774647,1.0213224641558196,-0.13751585175724687,-0.43008194590268495,-0.07824456179480711,-0.6145145059892733,-0.18161567681570506,0.4362903574867768,-0.2207294104016041,0.6761734650231629,-1.0994509154407923,-0.4974299723774131,0.2639745626869857,-0.008104274489347085,0.5998168182905219,-0.9328531219258702,0.1274701927930112,1.0452483068089733,0.6110910202686951,0.3516665725873769,-1.2784246908204586,0.11801877181616381,-0.035563909024838594,0.6720339208318964,0.9583180703346714,0.05711145599232742,-1.6091872489540835,-0.3110370715869918,-0.08614614908931971,0.8249340355523509,-0.28297154967696136,0.22172002338172891,-1.1648608691086277,0.08192779717476734,-0.3012668407241198,0.4021957953752542,0.1688272772489688,-1.1345154339456132,-1.0152451473863349,-0.8809848092813874,-0.46412350906783084,1.169666569092839
-0.3095609148528614,-1.1406515373383614,0.9430867915606949,-1.0222097796066192,-0.5886042441930603,0.5746084190105224,-0.5433257068710059,0.0387377618372063,-0.05472410820811277,-0.22154277309222348,-0.2644272596009042,0.2986166893461192,-0.15923408983281012,0.2770287823816599,-0.6317274033718914,-0.4234799849922548,-0.38518661260732,0.02186312272993815,0.22638884148889682,-0.6881327842023843,-0.26958612828934925,1.0246999494276983,0.07660423726192714,-0.23506147740471994,-0.9144174549283123,-0.47090790527431375,0.33263804711090145,0.6899894993677107,1.009773167824861,-0.002286366420414687,-1.1172871595810516,0.24482143620147523,-0.23497078129238724,0.33963960610893473,-0.2506618917862485,-0.19057654526816514,-0.9069356501205913,-0.48439943930621565,-0.28652333404649044,0.6753946431793935,0.6054736500157897,-1.0876547935708025,-0.6106952643173497,-0.9337160291550968,0.11688945499022894,1.0171822858631234
-0.7403481001393456,-1.1707098323048832,0.8845613771687946,-0.5359634059626874,-0.7604366053239516,-0.0080483582255364,0.008533424432611153,0.28498577589950935,-0.07021274393932056,-0.20723282064763435,-1.1925313794154984,0.28924405005916315,-0.08591786083475762,0.2730842131501244,-0.32971867458881265,-0.4286285373948815,-0.23861939193327725,-0.42484053565090785,-0.17931268495464903,-0.5661228419757952,-0.4519033317599542,1.0139757316508076,-0.25016983093390044,-0.5779463276077539,-0.5565676109845508,-1.0181519364178784,-0.30102150629553703,0.601385922278526,0.7334047791602144,-0.30211915486227914,-0.8673113932507646,0.6439890980776228,-0.5761740179356394,0.024411132283789744,-0.463290575645568,-0.02815973945717934,-0.8516069971684607,-0.6038883220552738,-0.1945570699561347,0.5631767754279565,0.5538319402992083,-1.5197397531890497,-0.2617571162224724,-0.7570547333134094,0.4433936301440732,0.9719402355591351
-0.8536817257099002,-1.2513885499572677,0.9323796510299965,-0.4841397674170188,-0.24358206374697022,-0.14808852908941267,-0.2504203939271841,0.5301373534103806,0.06468696788915343,-0.849209819575461,-0.8060852622418471,0.7199050142608345,-0.24449268973764673,0.4503581922027876,-0.3944219977796636,-0.0013514937481736988,-0.07819965103335597,-0.791250355430405,-0.2625902118487412,-0.5377498588726135,-0.7773994727932498,1.1354199334749335,-0.5706581829944832,-0.7756048958787294,-0.38358458279399765,-0.701166714480813,-0.055546794915622005,0.15651200208225508,0.42543047166808606,-0.16954762779277655,-1.1487820192834715,0.4309075908336704,-0.2882218836639735,0.06835266493291277,-0.763883454631728,0.4519320939093256,-1.183838757495658,-1.2036396685628896,-0.2702725235377058,0.21100986996228857,0.5447362249819812,-1.5518728039639176,-0.2542178312013557,-0.8135564557770839,0.6165411432142136,0.8887392665344543
-0.46231764649245477,-1.43036684603829,0.995529332580323,-0.5170736024082158,-0.4070057607676374,0.23143074624774573,0.0763351714418963,0.37959612077630966,0.2489207204199766,-0.9170728961020518,-0.5230829679195224,0.9719461423407875,-0.3635883004172002,0.3432086272578174,-0.687648663051802,0.1319573937755535,-0.13696741188206532,-0.7604530085078063,0.2370118123978585,-0.2844368373424257,-0.8755218919395434,1.1061102126208178,-0.39735348857497105,-0.397875618762829,-0.61511398665958,-0.2547780894588029,-0.08269171512572328,0.17731467683623744,0.5954223655962012,-0.17995588502530646,-1.2697970815379938,0.14999631819548503,-0.6502845742628103,0.1905393532605208,-0.8718316441659344,0.425577431460332,-1.4603666243990443,-0.9405576420458813,-0.5215087180144267,-0.1067894400461546,0.3080294783728712,-1.257157641977003,-0.5360071638654782,-0.5019130167947413,0.16313505030102873,0.7349045895025776
-0.776698691125211,-1.0374021653026624,1.0692353060492996,-0.7635896675795455,0.05978345872754881,-0.0045536420626811625,0.2057514160792416,0.9324532869137241,0.5679182882671048,-0.7393730818660582,-0.09134669404490042,0.7960916850135265,-0.09591902033283643,0.4697064877340297,-0.7909075035260285,-0.1423820238100623,-0.08663582015738862,-0.6541555625931871,0.25975572050901885,-0.23835204168239607,-0.703504944950436,1.3700045650745616,-0.2589828400376488,-0.2102174338031972,-0.37693828007998603,-0.665344830436402,0.09000726475642995,-0.10368831640123562,1.1668804566245254,-0.3149758683511408,-1.2958155556149829,-0.49135950840993864,-0.6252248832084881,0.25999634283878165,-0.43082540931399027,0.7425079007707156,-1.0744167534509461,-1.3079282610800285,0.1328939887503186,0.3626468327170239,0.7176772345887159,-1.2536357735354664,-0.1639639289443471,-0.5459111392566681,-0.09158249328028559,0.5956560453392512
-0.8055685540303704,-0.5595707309526349,0.7883667544017078,-1.0139130563120158,0.03653677202273703,0.48229224507000024,-0.028981078093090917,0.9244516896864863,0.483736440131057,-0.2892469066914396,0.11454368298978324,0.6788400130190875,-0.2737075408931442,0.19561451004887037,-0.7783100916518082,-0.2030856576289873,-0.5715260320649154,-0.8968252746770264,0.023934819843379945,-0.7089031285367104,-0.7485575503151777,1.7390591633999664,-0.6674317315217715,-0.28349807759998713,-0.21659491402231235,-0.9516336377085741,-0.26601580061989266,0.44313213315682576,0.8400063360793165,-0.5288436027634452,-0.757479359877283,-0.2828297528171992,-0.9277305888346128,0.22294855422826843,-0.5166280756136847,-0.061422367818508405,-1.0424293666294338,-1.0151532585191838,0.2787730469862827,0.5137845182321789,0.5843193114272226,-0.6857790884652842,0.03996574046820182,-0.3412115397487643,-0.12188193169061748,0.5613593399174286
-1.0919479965603036,-0.5190958930100428,0.5727418101646735,-0.9317857204069673,0.2126008275634812,0.320697260138863,-0.34295211042574714,0.9942969859776141,0.5008282392633405,-0.7749396668651415,-0.15956501613748006,0.821457378100219,-0.047342878042985,0.5340701253579123,-0.8830672498860069,-0.3126358995924851,-0.926060720058206,-1.6039046607336274,0.019059594744402553,-0.48270526588897833,-0.6781371860655432,1.7901727953447693,-0.7301081192329542,-0.291215542550161,0.15208254485197698,-0.6326540068812712,-0.34975832236493665,0.04251027522077365,0.6605121074680905,-0.583703762203057,-0.7216124465626128,-0.1119929687699886,-0.6820828550325171,0.043178425260561426,-0.2697085094926783,0.1393813764651895,-1.105145005112843,-1.2268627705484554,0.235067869675862,0.40314497156905543,0.2572616475596592,-1.0167759941202172,-0.21041399265092056,-0.699631642851648,0.3282624205702448,0.9771921131044525
-1.1436999586455587,-0.491595246826506,0.6691156071310123,-0.7159993532949072,-0.2258879516559965,0.41590165929252765,-0.28434934238762244,0.8667252260096074,0.6219544615798636,-0.793892966150118,-0.39467725352042204,0.7866165134234021,-0.35818408795355305,0.422664020057124,-0.6774627251940888,0.043907581776585075,-0.5201568206696329,-1.1569391631938237,-0.17048863783656693,-0.3977869006243492,-0.9936723368484582,1.4680799755048641,-0.8897018545650722,-0.676287782591908,0.4993392957258452,-0.6548666677991696,-0.5799720295312167,0.5980315986607176,0.48185053784985443,-0.5474465269862352,-0.43541393064572775,-0.3651527923590777,-0.8738845632591872,-0.06292646378090155,-0.5344023731056486,-0.4771888300527005,-0.892476630320856,-1.2870626905846205,0.29436881578289786,-0.37237709974171274,0.1486841662717386,-1.0897861538796008,0.030125611653530643,-0.5644391332027849,0.1688582684033255,1.233426116217852
-1.4574151253537246,-0.9109412831466402,0.9600852350352931,-0.4588166536249159,-0.42393666145075065,0.30499581226495603,-0.3573147389839523,1.0971789909933356,1.2473673327415586,-0.8159087257722872,-0.6885378674464289,1.1919353394647922,-0.06879260063317574,0.6075539288423148,-1.101225432389452,0.1695845217104071,-0.5288262368108435,-1.4039023939692645,-0.31749799436346643,-0.3698990990684663,-0.9472777709003929,1.5869589647213278,-0.7239352452332387,-0.5149650052335382,0.633317173790248,-0.6929633206270469,-0.2958576114538711,0.5114546266561055,0.19225138287139634,-0.38631373025183147,-0.7803098138446064,-0.46258912324412954,-1.0349419098537083,-0.293687993450206,-0.4006983618008443,-0.09325569334418005,-0.8147292710462488,-1.6573181179286416,0.11837679521374275,-0.5447492507514653,0.4341036447398738,-1.2070961748145936,-0.0802441004475673,-0.541063118286832,-0.10729912727587715,1.3738341672349934
-1.5203161570331796,-0.6429006707083295,0.8034982105416099,-0.7179206896411909,-0.231875753293863,0.5113280620630253,-0.07751242777042897,1.3845857350750435,0.6680921496930252,-0.8630550723621176,-0.6074231250899621,0.9413586540094854,0.6403071542956835,0.43553911626656056,-0.8555921800495165,-0.08330484360550638,-0.8568800339571734,-1.5146505147917677,-0.1446697569967202,-0.10560758333054579,-0.9970128652823006,1.9210948574637263,-0.8271573494236921,0.19359023726284663,0.25823967095464406,-0.7703907221978364,-0.3433849482707024,0.33320135580010113,0.5573722009677046,-0.7347635721779024,-0.8547400722007341,-0.7631633743763011,-0.9685540516966561,-0.11953432316728713,-0.7490780925747642,-0.18639670580732298,-0.9404699799315115,-1.695953652979902,-0.11281677777117924,0.01486531418995346,0.4777541742554512,-0.7252264149095683,-0.07291019632884543,-0.7593713360325749,-0.026284701166876326,0.8302951863715565
-1.59333302214029,-0.06756527244264621,0.4159668997265865,-0.5482819320754796,-0.18561627313440882,0.6175123198929942,0.06295344697649802,1.2136172776726584,0.16897571766930278,-0.7026869101423414,-0.317670158173622,0.7215806871550539,0.5741763119762211,0.5356549009866636,-0.6741728015505838,-0.056723343786044544,-0.5776195531785576,-1.0063467983915249,-0.08840292407726452,0.0983440384065272,-0.710871639456246,1.7474540279756638,-0.781788024224275,-0.2835848441419082,0.7047041293271319,-0.1637143801359238,-0.589504084357346,0.46382552376747943,0.4648543323930154,-1.0662056174255066,-0.4486192024943508,-1.117967375369652,-0.26111466315640014,-0.24006384834976086,-0.4426375575675901,-0.2267484898258852,-0.8846064139295094,-1.7875071184452094,0.1165808105487891,-0.10002337402132105,0.22666001075933281,-0.5067930930152114,0.0635391547190895,-0.6898280191324407,0.3300538594127596,0.9150661074849036
-1.4512156345759317,-0.13008318903873667,-0.14984718604083863,-0.532181555971195,-0.24865072832959434,0.8248111025438394,0.20183171966701835,1.2243980588623835,-0.17791723172451968,-0.8168300276588775,-0.21943344154074976,0.6092171112647359,0.4923123833202785,0.6901460673348693,-1.4043773400261923,-0.059581977411593656,-0.0730029737343621,-1.0567957334418492,-0.292110088344665,-0.13392358243364616,-0.4929296662906961,1.6700387471780866,-0.7798218282424336,-0.4983332639195457,0.6125393288268539,-0.20218306206095457,-0.9293883446498776,0.1757728309622393,0.12813345304151147,-0.8393467274330348,-0.8955619525537342,-1.0358589348778646,0.024727019007672213,-0.1340293160151141,-0.6331005025169827,-0.03685144679209826,-0.9474602391499964,-1.1689384543908972,0.23486178432203342,-0.17668872276212227,0.2870077898511323,-0.7613074865510572,0.2093189431069237,-0.45123962027777154,0.4117586559748988,0.6703058327310112
-1.1857272897805937,-0.8741296433903968,-0.023617170122560954,-0.8116371504167031,-0.8552684661671719,0.9657180759457582,0.06475624146371439,0.7971123927653767,-0.10139090741300039,-1.0499473869357645,-0.6915961427086612,0.8352531615515242,-0.6781797595635276,1.0000087208450088,-1.908736544351934,0.17597350346015134,0.008345666250358985,-0.8483673117044471,-0.12097178471404385,0.07569483314078086,-0.28224745570389426,1.3193675132292562,-0.2900473230053642,-0.19442888404827793,-0.14985794463171237,-0.2877387426331729,-0.6657796401412056,0.27277074411439683,0.31015127465242376,-0.7153542346636741,-1.6911734422123892,-0.6724937416005592,-0.07687622806786487,-0.2342401008425675,-0.7847170609627948,0.46500782235556704,-0.9134231291225258,-0.7435024524378724,-0.20790012461664836,0.02659060460660405,0.21995048219073277,-1.4333116334184623,-0.7905466326215542,-0.40412101542740564,-0.1713971625842131,1.351387303706146
-1.124666212217438,-1.1411988486570985,0.296691819111713,-0.8803771192419052,-0.8962636865956841,1.2935288125305902,-0.27996162975576794,0.5863091545882334,0.37781290322907735,-0.449399277574581,-0.26558203772435734,0.6122963672152508,-0.4074137834639663,0.36954003924586143,-1.4564143048319786,0.06835973565398479,-0.5940252255136389,-0.5186864196443933,0.02644811368090328,0.07506453673523017,-0.1975075685737021,1.170768706413608,-0.26245076672152723,-0.20271457671927878,-0.4497083871692682,-0.15290992480914875,0.04730054295740227,0.5051412013735552,0.3398496001313636,-0.4838616123441192,-1.0963824432229443,-0.3739982821268703,-0.19589016661851022,-0.01666888074202985,-0.6606223249123769,-0.04940879519021499,-1.1107477922864524,-0.6038152894037625,-0.2888551117213364,0.29052971756355056,0.4528872814568596,-0.6760165543584402,-0.8788024845988196,-0.4999922997082348,0.03101271397391412,0.8394894736355307
