-0.4063762246858873,0.21912958932252483,-0.0958155967655231,-0.18551479633001336,1.4552726486830028,0.1734717230068498,-0.24277687487822266,0.3905115783005882,0.6277433282766388,0.5094000967467133,-0.14446739257484048,-0.7032570598298672,0.1396959918998741,-0.23949598035860753,-0.2658193636963424,0.1767774859206355,0.3178054497230639,-0.5900766218133437,-0.47097804940094945,0.6851022434165441,-0.5553810252256115,0.12932756304708526,0.20090120934143482,0.8628493792606197,0.08531121120421273
0.09646544032105986,0.5805476656414701,-0.8759635638386766,0.36068212645358216,2.304203681879043,0.66069593039645,-0.6125098310496339,1.3083345345513842,0.7492370365730876,-0.02861520210067064,0.23387961645638666,-1.6895151176823293,0.04619956055511831,0.019866137680415518,-0.8021170903422773,0.6998022093859204,0.3683399437901794,-1.0964607997726685,-0.6149425844008176,1.6818979189022087,-0.07519176542407972,0.44261375232893474,0.9548880966057861,1.11101724386413,0.9194659613611128
0.5440354743448518,0.41886349999484623,-0.5937387829875757,-1.5564275489507842,2.0683563412218606,1.4761508481719376,-1.173299821281145,1.7668164583163026,0.9124985351668935,-1.6420547027355479,1.4444575941753193,-1.415387933333186,0.4819587471668052,0.030657538308792642,-0.21495383030139892,3.0366188658281783,0.28051494738589144,-1.7471692278975377,-0.7423646188494308,1.1299579918149851,1.336211913815016,-0.9339610700214442,0.8385484674322934,0.2860109900743045,2.711802582285098
1.8836989154246784,0.9887988070650748,1.2701988569086675,-1.8607091138205523,2.2925081009130297,1.4490644721477155,-0.36642169813925074,2.691026509836967,-0.5789978408947822,-2.6027112576602827,1.1588650361233326,0.06013840472145657,0.35454073318722634,-0.4119214537916316,1.4116322025988444,2.9013965943393325,1.134696309336891,-3.3156293998933535,0.5101272306031919,0.9325179497173727,2.2372215284648687,-1.4337691471449832,-0.184738850828919,0.5249654191181716,1.3866808813622067
3.0854776210620414,0.8858498385186274,1.292004230964692,-2.099666868266657,1.8291901657485619,2.8329870926754595,-0.8673692565245654,2.630455216058891,-2.0515123939373545,-1.6229779356615275,1.3604545124595682,1.2081780945246303,0.9137584176966286,-1.386504723406693,1.8123236267147365,2.078358276703914,0.8579289928407643,-3.1378100395094455,0.5997842406669001,1.699206982867897,2.199861355160783,-1.1843164487258857,0.24151869147907865,1.2858874676481324,1.0794921598937126
3.9468582830066605,0.6804872841611784,2.0635439259728763,-2.317491193607985,1.181219610423064,2.535894172889214,-1.3137507715353596,3.15828230073349,-2.620678984621473,-1.4147998264323212,1.9058556487560638,1.6318001792909578,0.9219306195829294,-2.2612236632905702,1.7904649940151633,1.3739242916000016,0.5739260100843803,-2.772101003793756,0.4103012911700246,2.0947308305168093,1.9075993648288874,0.047006581157586616,-0.08585556013052749,1.4633520435920835,0.2646183410151136
4.540137324115454,0.5586141205951762,2.5745793800941645,-2.3129760841883282,0.875945605264359,2.314352380593018,-1.2193952001535493,2.753890225451546,-2.618437041424076,-1.1464417216802227,1.4497352531854562,1.1867022069486852,1.3258313213723225,-2.5726337184481665,1.719546486343591,-0.3668816626555943,-0.013349962849107,-2.584988049385199,0.12987949070772592,2.2978213333583914,0.7805226396050019,0.9614019357663963,-0.5495158745366968,1.2040527515023118,0.5544137115557795
3.1165223167042724,-0.033844882082136554,2.773114055689271,-2.194541992600423,0.15911604528641848,2.2212316025919456,-1.4834478702155138,2.0179025049746264,-2.7839706198254217,-1.4545658364070473,1.6810520906792923,1.2264082079210934,1.5653703096781992,-2.4382719431260105,1.351673405709604,-1.7187653390571633,-0.7723866547145586,-0.8132695988271452,-0.31338853085784624,3.0812296220851314,1.084208440654795,1.6054347217890739,0.20763213803019526,1.1364433371378224,0.24041749856753322
2.2767223284389027,-0.6993655441225339,2.795134491463345,-0.8260235975982252,0.07362672864258225,1.0148656531373994,-1.805237601655595,1.655630680056879,-2.3696769670921722,-0.02378656381422478,2.3809808276030124,0.49378542294813776,1.6068390176968543,-2.7166142126029036,1.4185567094447773,-1.4707599389049673,-1.0017725008374836,-0.7000768776372528,-0.14502805342839664,3.5924166382629554,-0.01244221951958275,1.2399893609909938,0.4041868394640293,0.17737962466137308,0.35075755137331105
0.9196087615222877,-2.067768539887446,3.0087962861512985,0.005438650609500953,-0.13759630906653927,0.4301128229708725,-1.0207317675936314,1.9122353444398121,-1.103770389267365,-0.012190605692857771,1.8789941482327857,0.14811411315290224,1.866817643285602,-2.1188549703373067,1.9730951948013766,-1.6347721364669758,-1.4598524504884334,-0.049638891071364946,-0.6499365017238856,3.2168930339825113,0.9367768386531832,0.6062231930446959,1.0969779509461253,-0.5460325425038722,0.6729293132089063
0.8555108227826145,-1.9617129201215182,3.0425777560591527,-0.0843570328371992,-0.0024797743844193754,-0.11976375829044039,-0.5031241403204345,2.278567910920776,-1.5819791092486242,0.6761565148899951,1.9570731496366187,-0.34616477009251,2.5658041702272985,-1.4542060246995008,2.5591953215382697,-1.2802554088257518,-0.9805638439981241,0.6929751616869119,-0.4108807309322841,2.608767583138402,2.053625309217796,-0.4406410598355216,0.9405126293640498,-1.0896653553984188,1.158311578188692
1.0528637487823942,-1.1810745371524727,2.6263569219308285,-0.07167803081076624,0.12367886503698163,-0.0026268076151958804,0.8734503313300648,2.181742094403983,-1.7941514474631788,0.30864464548237575,2.435765667483291,-0.09899376941210827,2.145260759774193,-1.3330673026417532,3.3091917673228455,-1.4221396593783382,-0.6749704299212725,0.3739256282938545,0.2807302841020023,2.1408587400901062,2.306373135361275,-1.0521375911072155,0.5348709304483702,-1.1751416501490901,0.7438474471639102
0.47173621242669755,-0.5237685282211878,1.7971482523346314,-0.05392930954446579,0.11789882220258768,-0.011743935776902248,1.4925743457155867,2.401215836330151,-2.0267821412313767,0.0864798614337878,2.986586342962908,0.5519104654334391,1.6628083467273203,-1.7783658407586436,3.146719999584766,-1.9292553580606788,-1.1183216138975736,0.8868335309599941,0.8123061270804467,1.626163787553428,2.3406904908930577,-1.0091272711021853,0.005638349609617399,-1.6562593436275415,-0.07992961117276794
0.3074968331854679,-0.026519377357517356,1.7155884044599579,0.4236328544510926,-0.22202279157407653,0.02117541327167984,2.0964567436551595,2.477912542211445,-2.6068671243471577,0.8945276643934068,2.5122311367257626,1.1224673847461972,0.954739723931279,-2.0855553848642026,3.5106138459050764,-2.195988919382109,-2.3888974255916633,1.4168581481427025,0.2537225837736088,1.1906983526379449,2.070237808149136,-0.699008057598696,-0.7396635683380143,-1.8247055825472849,-0.31912901752494793
0.028300077722434258,0.7805920448302408,0.9259586877112348,0.532941092897895,-1.1327961456858804,0.06560553948116904,2.2785089419409656,2.6852546225523395,-2.7922086320751665,1.2213222592764912,2.5352265376063725,1.4736232522923225,0.8234585262905918,-1.72220464252266,3.3940135110670853,-2.297572580679012,-2.4776575690456064,2.016924489418753,-0.7208080606716772,0.8865290933827032,1.668789926851912,-0.33503654167039065,-0.7092622029452524,-2.247006056694016,-1.2108120955539623
-0.22259894919928988,1.2831106937795154,0.4967655676131717,0.5749833357280064,-2.0276052318588578,-0.3951690280059553,2.4638386079148997,2.759539682317006,-2.122800201386961,1.4293901834995002,2.2097858179416665,1.6553343305935877,0.276555143744114,-1.5958904267873069,2.9658331333620196,-1.9420716715824984,-2.741382173112192,1.7128368509610807,-1.2193584404717979,0.8037205742489467,1.418907192412399,0.3136817049530302,-0.8157908446174803,-2.366711005098882,-1.5391273963979106
-1.120016442227444,0.7951663126948509,0.21503672836129128,0.6276983867628647,-1.7230984665530005,-0.35971130737494494,1.862941375805236,2.802244544077155,-1.4447064968075618,1.316515101686204,1.2296923675832945,0.9450501273208758,0.8883455252216738,-1.2479203804245644,2.408634817019278,-1.3294595909071003,-2.848194100455316,1.7485356383160267,-1.6615349277060059,0.4422017490975936,1.2223675799015061,-0.0247449716335989,-1.3481296690300635,-2.6415990895174923,-1.6726267622042261
-0.944271429172319,0.31181393992670187,-0.3098377610274029,0.0041620699847452584,-1.4718943025614997,-0.3887421014293899,1.7226948686263182,3.7016202921948804,-1.2682688131215034,0.8186814328183248,0.47901307169901713,0.31052351064261174,0.7298367144174526,-0.5051205191650194,2.3685467330325554,-0.5418766224779636,-2.342759961950196,0.8949860285004323,-1.9498603461383557,-0.917709807576664,1.354663155623533,0.001908362849157897,-1.5089349271394108,-2.2535263103570617,-1.390481848908
-0.18913089386718862,0.28293059073009935,-0.9188162734405093,0.4715649408767406,-1.0760656039176026,-0.28566718170154387,1.640536049452405,3.4041410213113426,-0.9985001555494194,0.8386993767794078,-0.15010938441975247,0.13426474136695063,0.9138658732619561,-0.697043915858828,1.982384550530138,-0.2622287654435488,-2.6121431848796632,0.6530847631132486,-1.3462718393873974,-1.7169383018985835,1.0002196959304832,0.5140294008003646,-2.165688721482051,-1.8156961911430893,-1.7655040956599888
0.3432048946029461,0.15952060779198704,-0.56774625575542,0.7611496550366379,-1.0912966780744031,-0.10446210598342157,2.107372469804506,2.888450104878449,-1.2567669170343634,1.2735585828006937,-0.9538850396842965,0.028862225015645407,0.5937891276635214,-0.9877512188946914,2.0832649664560607,0.42127324604085015,-2.4757531239125283,1.0595557903598842,-1.2827780330654979,-1.9323813585692577,1.2164897154500773,1.0831801584588836,-2.2965166660338228,-1.554257498658986,-2.0082453773562725
1.0080031444106354,-0.4058757115567875,-0.6929216116159195,0.36426082592834075,-0.7080281431855238,-0.2456154992212758,1.3476059550460433,2.990551696269562,-0.6880594620658593,1.1419067811964152,-0.879508564614283,-0.32811384298400914,0.90154032911848,-0.8257548733759712,2.406666144374043,0.6984891417394602,-2.10024885293331,1.5700386098938812,-1.4118187157163107,-1.8024008726536138,0.960776499677163,0.6551070994758691,-2.355196501079401,-1.5211761149118992,-2.2380762509222
1.1509987546177294,-1.0174545695566606,-1.149492691545728,0.34772349715688855,-0.32385425842497606,-0.5058818459415783,1.3308731852503366,2.3771904164560778,-0.4360959273075236,1.1770699655232566,-1.4758951002353526,-0.640146580090062,1.6459269605640574,-0.38767017056216896,2.2659605140200307,0.6092181852569969,-2.068054985273265,1.1459719388267404,-0.6334636444442532,-1.7024477143334154,0.9584099004073741,1.1557989946896006,-2.0122723746023867,-1.3228419991817146,-1.9134713102132932
1.1072906995298601,-0.5952221757181887,-1.7946376529444117,0.6612881616500854,-0.8360655596613141,-0.09891368665751915,1.26749522241648,2.5240270514677827,-0.5895718469075197,0.7277610021059362,-0.48347198740348196,-0.2087389689240211,1.6941478376697041,0.2532949082952054,1.1970829719854215,1.125457917773809,-1.9127422300851293,1.4532133324328782,0.8480739762830484,-1.7415969077882014,0.8583471750044651,1.5617626667938576,-1.6959144901759644,-0.9994948181608873,-1.4598453556610176
1.096549244167129,-0.8447307136327635,-2.1288699841252656,0.784070397845931,-1.6662007869390922,-0.7361596249638434,0.9034314841602588,2.1595161449382037,-0.6032689451191049,-0.14337930465210164,0.2772035119762815,0.7497373276141497,0.5463811402798338,0.5159578265301991,-0.038745167123856485,1.6712349353692524,-1.7718988158893025,1.297548034123918,1.3851253008709081,-1.9224906029491926,0.1852540006277178,1.5721762883485706,-2.9413268014274085,-0.8744246236718269,-1.0791226277063217
1.094367727012921,-1.2004855448276106,-1.7628786123623243,0.7696674355987111,-1.7877754350125112,-1.5310908165492843,0.8466213341488185,1.0379737185401132,-0.055599505377707414,-0.8279171673506125,-0.41096968220258123,0.8413637336876915,-0.1317703527447237,0.6727073992880905,-0.6519605401484594,1.9402817007218607,-1.5215729167135057,1.4974764567603225,0.9015199673403895,-1.8180095988673821,-0.4991843776359784,1.8135742961256396,-3.150967828897371,-0.4812848546163922,-1.5167480141888894
0.979279519991783,-1.583624220764162,-1.2026640423702382,0.8804458195602538,-1.0394632702586415,-1.7036512691532852,0.8930892323584319,0.3995294681671431,0.4482989713021042,-1.1086341013616579,-1.8003459692897115,0.48061809557589136,-1.0433334849666915,1.754561932466915,-1.1209717666835322,2.0499593880201474,-0.951286539677551,2.05153193084804,0.18021862881494496,-1.7235350460907048,-0.18264531775807474,1.439399105105533,-2.9097572461909347,-0.37912923623365197,-2.130459330780837
1.6842203642516855,-0.7498723083045377,-1.5484065890791319,0.3618709557938921,-1.2883521285009434,-1.1504870148454787,1.1558537697018656,-0.07853243204270721,0.5701610229572318,-1.444937611586885,-2.250401487864533,-0.7263181823047831,-1.3040393014442853,2.034373212860759,-0.6257234017755746,1.6376522423397482,-0.8840354136283156,1.1746352294547904,-0.3425271430906215,-1.5026711107869377,0.47445468395269197,0.4180816012007416,-2.3629647153928293,-0.5583054871390438,-3.097266840760108
2.7329445354500943,-0.14130580290730116,-1.8975578864923957,0.37397285296153865,-1.6210806164780078,-1.039230155927739,0.9068276291766751,-0.558379930847067,-0.5069601075625597,-1.342370457359373,-2.8289838114426082,-1.5528995623990378,-0.4984783625055174,1.2874727228511675,-0.3591116843783089,1.7744636794275477,-0.7410701107805251,0.7272805494897158,-0.7025185449016245,-2.2966600083271644,1.7242986346117506,0.33895189343133963,-1.7802951148184165,-0.9347994662855502,-2.0144761789681094
2.8678877618606493,0.22022067149209162,-1.9941684627925629,0.41120444971764025,-1.8703110902218454,-1.8631325634920044,0.3539363415395197,-0.18514572030524404,-0.2719156945523534,-1.5996263896568808,-2.3387206654812487,-2.1134029925894087,0.36506406544123093,0.2534842126251351,-0.13096678110025303,2.2183378605938233,-0.28606081671067374,-0.3171706981786345,0.19908253926966224,-2.946781355021226,2.3757259200769916,-0.5497547102150914,-1.7538662620734091,-1.7128390701602856,-1.1127783078465365
2.5652632049400066,0.04171844568783938,-0.9900307069985659,-0.7024786064552291,-1.8533406779237063,-1.9207147125620412,0.8979094154135082,-0.1983206141639943,0.3649937217806783,-0.3842730720879132,-2.2751952866458507,-1.6188837985460864,1.5314904305676789,-1.55174438924959,0.19431116154154515,2.0796980915893624,0.1135155577660468,-0.5371089019827251,1.9093033427075765,-3.6523129300122013,3.3409796046350557,-0.3296463305435521,-1.299873611140389,-1.1769026918622407,-0.5550386204104387
1.8609050448112108,0.8585279673052246,-0.9719374520591751,0.007402763038547533,-1.0940425508567095,-2.0936310625881847,1.6974595943579291,0.13990389179849405,-0.5840369579320934,0.4243441483253312,-1.7744960899514852,-1.2321656923212054,1.4188725250864844,-0.9590796371134911,-1.8707933165834472,2.2426992523473395,0.24000056836342026,-0.11188991006687635,5.335706293711359,-1.8086099565715237,2.3002023236448728,0.6832891650010062,-2.3680839523635293,-1.3636822190020341,-0.023016730318632828
0.06661026749548994,-0.16609358679300418,-0.9003266237856868,0.38483166007296615,-1.0591604748438992,-2.3865700208960705,1.0169294301528038,-0.34277475101650856,-1.5076527695776276,-0.08884764817016345,0.031133076145454117,0.19029730163277028,-0.7327706208535508,0.2526118125501351,-3.3310243170987412,2.678232716444482,-0.2381437401677711,0.11001304327966252,4.121871097791602,-0.3513079907381176,1.1904204023164657,0.6876316321505623,-1.66162128237134,-1.2625709193501236,-1.4227683937992865
-0.4565202093191527,-0.8283388379130023,0.01859989107394791,-0.8574535298636465,-1.0054515397403554,-2.2531609205395116,0.31070664646742396,-0.8872678758239291,-0.8205609289795666,0.12711073951068697,-0.23342670133089055,1.15550670397437,-1.8713877711269085,1.2551857586806974,-3.464495080591553,2.2591116977350056,-0.22389520393254175,0.471902887104153,1.600235035020709,-0.2945822768378016,0.1853996253757619,-0.7818918251787603,-1.4444703566677435,-0.8229559801607361,-2.765122796640801
-0.6820573737474518,-0.8698986015332907,0.37688993466067233,-1.8366353333658516,-0.6913665978123875,-1.5608420147263062,0.5319816547618376,-1.3977147177293112,-0.6887415087574873,-0.12748730523973018,-1.5660867989805234,1.7795257164095544,-1.9359229214898612,2.210217406067722,-2.9624043014025934,1.7923392452799556,-0.039000458940519414,0.512946272736491,1.1453606402648198,-1.3007071142919897,-0.003864734473851883,-0.8569306767816163,-1.0135543348219813,0.03692547464430043,-3.07971654159739
0.4194394240644023,-0.39430069257158196,-0.11564832616080087,-0.7822404001606833,0.06873339222699071,-0.8052903118578382,0.5527450762366015,-1.6320900915451764,-0.7948622977853281,0.004830581565004433,-2.0579215469143817,1.8441280748786193,-2.005513978076936,1.7193167881208125,-2.1643089675991236,1.454008476537471,0.95345892049206,0.674866137382191,0.18000491693699422,-1.1389210048785108,0.43520357490306494,-0.1321585850704201,-0.4929520941573853,0.6841830343915042,-2.789438682834081
0.8211975478285349,-0.011903070865109555,-1.0165100508255296,-0.3482539692806329,0.3167815119191119,-0.2775325362991576,0.24968285624945796,-1.3700989600905193,-0.5963864403256545,-0.5066750673692039,-1.7899473137830575,1.8857931152706806,-1.4921565447446143,1.281765657404092,-1.4698384240258733,0.7363895809912103,1.8730835453211194,0.6204679953864093,-0.18275962414194588,-0.551723866309156,0.2080654487190129,0.034796356713851374,0.661910413473944,1.0866645034121756,-2.3479382077437503
0.6533519053007283,0.4930215183377707,-1.2762926336333258,-1.2876786427428188,0.49877965297654264,0.7634746643140611,-0.5872925275170087,-1.1714271255930333,-0.4596531745272611,-1.3817291162787255,-0.8856422662202508,1.6954238840003089,-0.7962010817206386,1.6478071080518526,-0.6222928773587253,1.1345139516306184,1.2828479241596755,0.4611207058931285,-0.552572225713405,-0.38578946728847296,0.4297416390140079,-0.07157911879739733,1.0428745823174141,1.3441285927336841,-1.1931182734167871
1.0769785477015654,1.4413824762316143,-1.83531518820365,-2.0086353022744157,0.4796846310030506,1.7401272160317642,-1.5222473477340033,0.32783615293005924,-0.18494951303632556,-1.5902859558078966,0.06409029964074463,1.3718454488152607,-0.1268809398879793,0.9264229146618178,-0.17515373837956377,1.1193112254950772,1.555508693288876,0.0316663374636077,-0.2454118724390929,-1.0853110065506595,0.3337278469204874,-0.5278906135926367,1.0103873987629775,1.0658122982461902,-0.15246536086596285
1.02049187650746,1.731069517969983,-1.1767240748636496,-1.6393852555439992,0.48556524775031784,2.0706092438145607,-1.8086464753593872,1.3673760695327362,-0.16872905750806677,-1.655861215910053,0.48907200547552837,1.3158957334433425,-0.11763963252244165,-0.7035174253719935,-0.3130616875738129,0.781748760279462,1.1149942419782048,-1.1249827852252063,0.7778013916259989,-1.6578686480940537,0.18147584240337178,-0.11435773152078205,0.22468178979287123,1.2105052329747672,0.10132820873467291
0.6611297293651127,0.9803659472054065,-0.13143920364638684,-2.34985350938542,0.09477004099605232,2.10538631385161,-2.6545056801413427,0.9773211593561959,-0.4364514362607598,-1.2573950722205365,0.39868346311845904,1.1773873709547131,0.17589924867345116,-1.6540820537779235,-0.09220472315516824,-0.1047678411749789,0.7887438451338759,-1.167255212697341,0.7090249375252236,-1.3118998605138708,-0.2999293720197163,-0.565179627259747,-0.10879759581077399,1.5265548083404836,-0.07276651794373229
-0.05305334803507096,1.5423064820381176,0.11262247243295027,-1.533881494707767,-0.471048010206737,1.2156749443210697,-2.77847536949045,0.6997360864529223,-0.9246584483753144,-0.1080689768290913,-0.5494854052378182,1.0360463814148335,0.3540973022643268,-2.281026275738615,-1.0947629487830148,-1.1611284139410591,0.329529672110415,-1.7275044158102708,0.6513326450897013,-0.40085369337579746,-0.8981816949953028,0.13609026407409608,-0.03682297222843384,1.1942649643871857,-0.7699325573524962
-0.9864914781160649,1.3350282807222937,0.8416899449850106,-1.076654324898512,-1.527062862172665,-0.5274116004498248,-2.9399298272527217,0.16595731399152652,-0.1860670054902763,0.49375340915779276,-0.8772608013889178,0.433025163231082,0.672330235860444,-2.233073595882535,-1.377483416290969,-0.45254382302786533,0.42781620805228004,-1.2817527895565148,0.6729079871404455,0.31947198616518674,-0.5905595917700804,0.5812024471020428,0.7074643190765867,0.6616092348799332,-0.8880959601586864
-1.3329931337956897,0.828533263050271,0.2535574440495212,-0.43410630555134605,-2.1115544612994896,-1.361069323493348,-1.8825756102091429,0.399357283257274,0.39135175605260003,1.0787234234694663,-1.1432770934184056,-0.3729016367993869,0.8675854721787069,-1.7609288498343751,-2.325794043234412,-0.3063529763817114,0.2513200998822074,-1.1374734267008462,1.2700799021275877,0.5710872313953694,-0.20386157291382084,0.5617239673451235,1.178912065893215,0.002117383000664552,-0.36113647774815816
-1.945182700443614,1.0190734877870253,0.27767852533326765,0.024204565831831656,-2.1914638564852487,-1.412966193760248,-1.1652469151023943,0.861508766131655,0.8499516084996923,1.5867043418461009,-0.42004357364843936,-0.6192261698532809,0.38798445372140106,-0.6066023340481352,-2.9630673216486483,0.669309687632113,0.10929394551831795,-1.186617287100761,1.4426379947243029,1.0463647970287886,0.30447076423587777,0.34404263852569306,1.498179628430258,-0.7485395495509667,0.7074677759325624
-2.1814374001521273,0.5348248146774985,0.26615484222186436,0.2824329277026921,-2.19369415765658,-1.5288019615055333,-0.9201285942267599,1.6201146239377402,-0.003318215883547068,1.1523290306671248,0.06786742153203595,-0.22297478253588743,-0.249508842933512,0.3010512762086034,-2.2245857022631514,1.06935308256644,1.1487844466980943,-1.1907029320011264,-0.20856910379928897,0.10609147806731536,0.8008890305373616,-0.42779208804990765,1.269842840018166,-1.1162997468104896,0.16273560913925444
-2.085341819253581,0.06644486542198004,0.5182573775288194,-0.32535837316541705,-2.45978652549521,-1.1280503117111174,-1.0822888321294821,1.5237937417113248,0.28784485006388444,0.4767320522859966,-0.11073225133748066,-0.4482429779999729,0.2316486577456556,0.06817552728068568,-0.5179771118735428,1.0063714568690791,0.8592909613396501,-0.7412599094203379,-0.5824341950286381,-1.7107343042557897,1.2985510549344101,-1.326686448269758,-0.009598014882755867,-0.7474552751164671,0.009023592844949635
-1.0700506587987133,1.1427176414119933,-0.4958290032456172,-0.7247741889248108,-1.4237900261838259,-0.2434358190871425,-0.8772145939185916,1.1512120816535294,0.21150343092951784,-0.16994493761846988,-0.8120706185899987,-0.45094227457918656,0.5638881357572845,-0.13050118672671335,-0.0069543892255709006,-0.18830553439636277,0.9230358451763665,0.09049232297906315,0.36481423019484693,-2.41870447512696,0.6931297755679802,-1.219451582149542,-0.5437753536493268,-0.35583792023111344,0.4162085430620941
-1.3695695047006875,1.6865519397411657,-1.552481480241509,0.5073819426183708,-1.4579704346404745,-0.1734092562726825,-1.0109524714483415,1.8410793557923677,-0.2927564651827099,-1.0903025190998186,-0.649177498441893,-0.011404610678178335,0.6734392120972212,-0.01571287243565493,-0.9861479745394757,0.07563611376108087,0.6404689940090044,0.17406990659451926,1.4007095892930155,-2.2335858540934304,0.5377703426679145,0.38034520331898664,-0.9285097239596339,-0.8494207663327695,1.5157272794326782
-2.2073587200585756,1.2887609017499746,-1.4169120545727851,1.0024699896844302,-1.5206831886452994,0.1591331646959907,-0.45277916668150114,1.4538154792668794,-0.8198759180944589,-1.005127967319757,-0.36443595103637455,0.8139235849428172,0.05204978119696747,0.2010052626143063,-2.5258394712677275,1.6031338164855382,0.6592649461789443,0.26387632846624554,3.0968638513016993,-2.2268201451232215,0.10660784465868928,0.7964708363418764,-1.7707877869329904,-1.121474069032052,1.7110646739687123
-2.2380144365841104,0.10438075497838628,-1.155063544670751,1.4429326956377673,-1.0194056377145324,-0.33508798280821084,0.015180127859529019,0.7813576419421495,-1.3645002595468587,-0.5655568712691227,0.4982175609533934,2.611947071740571,-1.2704899812119692,0.7845435951653782,-2.3596500782381584,2.129245475399208,0.7061867900591878,0.09143300281647077,1.0947414507898998,-2.5547193582610292,-0.23149470193554778,-0.12679472602751063,-1.117765956608191,-0.5754654377381409,1.1218629060225755
-2.394796753186007,-0.15272834592328033,-0.7660900713302511,1.0722588657158447,-0.7029969279184324,-0.11277688253697779,0.34082389446079586,0.6321650665569499,-1.5419541805725427,-0.0406809247625719,0.2944081198634486,4.109943586116988,-1.6231587106491165,0.9110108871800497,-1.4630626842220094,1.4761231129257033,1.3297199148625403,0.7839980208215216,-0.47597130296577445,-3.2770131243780662,-0.166396858919605,-0.058525940738238885,-0.3337366850315312,0.5960126200835739,-0.20884142925401994
-2.017372313623983,0.2620017011966528,-1.4921582409046381,0.44319129771567994,-0.9234892261572151,0.9888520498491272,0.06850316137568002,0.6528234280597499,-1.0582664051593988,0.36267164735629853,-0.1960793100899805,4.996401512388668,-1.632121353204202,0.7897540707183234,-0.4604019956724221,1.187108573178896,1.6936142368982707,0.6158284742255192,-1.332335881392874,-3.8748170059253657,-0.6315630252634592,0.2873804429163817,-0.14100204332374872,1.4326147061521488,-0.7841413576806837
-1.747969413860337,0.14396030241265256,-2.3461502813956594,0.3131648660735839,-1.2755500074605666,2.013775048826009,-0.13515291317559391,0.8125621921925814,-0.9982473350503241,0.48410599943918,0.11578661996270007,5.213620544264244,-1.7331599532594,0.30731487898395654,-0.17758266777767817,0.6976110425475242,1.6911703855157914,0.2012300523043823,-1.565299467271462,-3.9042118460109116,-1.120465329855111,-0.07336184339529683,0.5921401122106527,1.8703802749350005,-0.576734186669639
-1.8460298801565238,0.9219694702281442,-2.737400335764856,0.03027136388160549,-1.1678790609567065,2.843357313843122,-1.6532207594681096,1.381802482601349,-1.0735567108796256,0.21008340754332616,0.03656059221517102,4.675255145670044,-0.9108345035700135,0.15479014156761892,0.16222688559109072,0.20134219563374034,0.7545280921798021,0.17277067932187617,-1.2761903132003323,-3.825782773816463,-1.0348576854570004,-0.0909710405216599,0.4973146093694573,1.5056375895404863,-0.37680757118936903
-1.7352841530495888,0.3650548947386929,-2.28922676000588,0.17874340591361695,-1.5875813620617552,3.124645504861337,-1.9155924460290799,1.4624637597404386,-0.8448869648455944,0.38183129666246834,-0.18230948585470075,4.312741829725885,-0.20227554861491265,-0.8267046184929129,0.5493352411209851,0.28676561939146994,0.6334197842693745,-0.8516535544908134,-0.8636069835436351,-4.0416663424764705,-1.297601833747004,0.0758942779857875,0.4767758894942179,1.240573831006666,0.2221406828994716
-1.7872900444004685,0.31748085105626683,-1.4613847722327449,-0.2720308032990488,-1.3402406988302629,3.284808920470933,-2.188035360531788,1.7452234170616612,-0.7264933063775437,0.31549821251333404,-0.3800303445795864,4.093044281536098,0.6024494054871044,-1.2825124295997032,0.9799145044238992,-0.1388372370251977,-0.005628012572531424,-0.6011881984210267,-0.6482584798338638,-3.7725094745244645,-0.9210070046756982,0.016604206249023524,0.35908369378745014,1.2070361453097949,0.4388474859539057
-1.2631567143166962,0.08134483082025447,-1.155636083723948,0.08726487985251533,-1.7357558476591088,2.845636068670182,-2.3941208317767444,1.3675502744434762,-1.0682188370730499,0.39433639152493016,-0.07226116586275783,4.295452518910882,0.5809953045214549,-1.8854696145002663,0.6807071309758194,-0.43049992563735334,0.07803839000787505,-0.6360140920299271,-0.026130193917086153,-2.832070995099548,-1.4818664354136586,1.1985331164139548,0.7496035659112187,1.6808269387599306,0.1013685043723179
-0.9994452735078574,-0.2129692520414861,-1.1537696494939145,0.3312054897973375,-1.802857797182314,2.4827309437043272,-3.1835963613385716,0.946218677855071,-0.9085989380999381,0.41359732795565096,-0.02417754231227541,3.9957448466934014,0.7721672286393103,-1.5725177418107479,0.3733073591136798,-0.6497437298008765,-0.7363139239688054,-0.2741783215346415,0.6099438101856852,-1.7034126262617706,-1.8123825562163767,1.0515241586168853,0.901038740067043,1.472492414990175,-0.14285159370389314
-0.9585288049441039,-0.3247532926520861,-0.6946821759691607,0.5949483572074689,-2.309784468486189,1.0781816803691628,-3.016980173593911,0.9495977759782495,-0.1629575441387569,0.9520296318439783,0.12762851582921442,2.932974915673585,0.8148363474120454,-1.7540510399968656,0.42328549673812793,-0.11217101767772583,-0.9519583506488172,-0.6788475443740712,1.0221584256319773,-0.995934142221528,-1.5858336131528494,1.3765197916673508,1.6796347669684109,1.4126683722154636,-0.37687460816333995
-0.9029790154425602,-0.8371571234907373,-0.4543830674981569,0.8851104980675308,-2.4042234962065976,0.09235584272211649,-2.9472037140932597,0.8158673751782471,0.3511268365963415,1.4259865360706574,-0.4396449025868119,2.1835209112542295,1.3548570415343062,-1.206641609622645,0.09916344474014706,-0.35779418336029684,-0.8672662215430086,-0.6731935117822372,0.7781201847520154,-0.42224211303674064,-1.8060925288617327,1.411008212281357,1.4937900253807719,0.5817897130572465,-0.2604436833932373
-0.7704677967138843,-0.6352599966164904,-0.49271432629637124,0.7456291858613255,-2.643537592655192,-0.08342756867843737,-2.6690210338409255,1.3756162283488986,1.0043884149025673,0.8974145080675737,-0.9145950751744455,0.9091838626542333,1.476526970924608,-0.24875089817392815,-0.6432784401789551,0.5246197151829546,-0.7977201210247219,-0.9841690406464768,1.3605996567304257,0.7944486262359116,-1.7667692437899993,1.5400303660245562,1.0437395141876329,0.4527777554773897,-0.008043952290918699
-0.07211273550096989,0.06572313620808627,-1.0849143174581637,1.248196017983006,-2.0872456985018526,-0.7173540880290933,-1.8737521690254302,1.486550281042193,0.8607903664563898,-0.5808233383553358,-0.8753459448364579,0.48971007886356993,0.813908064670466,0.7307524373455655,-0.8313627934442475,1.8177838475057266,-0.039135767822752965,0.10501127143913896,2.3270185537311265,1.0868628481534164,-1.1679508968298087,1.4793233370653174,0.2212045039181898,0.4176413877718834,0.5960439329677341
0.7202514006585352,0.2979074538722506,-1.2923167154384285,1.1236671302929708,-2.0621376958976314,-1.3028070571045902,-1.9866367943647127,0.9778024357266986,1.5206255954378354,-1.2972207269700948,-0.5026638960294753,0.7402573912565543,-0.04610264693607127,0.5672321871905108,-2.0274888500753274,2.8952960255888924,0.4607378960190815,-0.07622053891883414,3.150475811590298,0.3075846632571597,-0.9112109311322001,2.2122717174558235,-0.43596159819633695,-0.07683024123632332,0.146161068455414
0.7639479042189259,-0.7656794301471855,-1.2341259269931182,0.659609329825259,-1.3924555561198355,-1.8827654800948157,-1.7311100438472333,-0.4062061614569775,0.48926933324280925,-1.6618516864328592,-0.963721741958367,0.5864780881183318,-0.6967515612752213,1.593790156583539,-2.2750720537002183,3.6038023271660293,0.530752059773558,-0.5754739319426979,2.856158262137171,-0.4460486967255594,-1.1395275752671628,1.1448110780841563,-1.068278770851889,0.5680208164206754,-0.8503033624446277
0.4147495630849851,-1.3131114386150315,-0.6300457465496361,0.23770455315438976,-0.19660508399361584,-1.5864615947167091,-1.6783289611321788,-1.030604414360201,0.9920832950304033,-1.8844154404936508,-1.5194307560409026,0.3691989017525954,-0.8997942683483641,1.766722258904422,-1.8337063142391437,2.9535217384200663,1.3695695194967752,0.28922696986983354,2.6847599917916387,-0.6406206153834372,-0.5947475286497085,-0.4647917684106068,-1.5603980287413524,1.0172029418736297,-1.935713205670878
1.0865017276978293,-1.248285728966333,-0.9193723870114721,-1.3287409400456824,1.331972122318498,-0.9835144921787995,-1.5173078106777718,-1.5283890535873992,0.9830946269346664,-1.5214570594664745,-1.500925391131662,0.36814248796087246,-0.6881744707172159,2.1189419051121074,-2.006728659952559,2.9226048487269303,1.4621786605823959,0.1732017780058028,2.375735301638715,-1.2477892277561837,-0.5321375881735868,-0.9076314388981946,-1.396942648411329,0.9763324211234856,-1.8826081962712313
0.7665677052199007,-0.43440299230692064,-1.0873529518610714,-1.9268468732897295,1.8772862146895042,-0.37781956263559424,-1.6322469744546166,-1.3909730719648576,1.0117011337828257,-1.9648846312020747,-1.4309500549015344,0.3546907871366486,-1.0067511705942962,1.3399153689831595,-1.777627957666715,1.79915326192005,1.6045326944237754,-0.16302613200513663,2.32300978923867,-1.5158453929462066,-0.5192532644973031,-0.9726213289620099,-0.9783725117948354,1.3151281450335834,-2.422918149736427
0.5518606055410008,-0.14775408234727086,-0.8071425183694312,-1.7185582950249543,1.6599096638396211,-0.5655791514849919,-1.85803049794747,-1.8580223638813202,0.8773488168593672,-1.7323056685424036,-1.3389634253821139,-0.034221905649347295,-0.9331829849026785,0.4400091541114588,-1.8969644888996096,0.7321086330949398,1.8091467897480105,0.011095661142146468,2.550833300417729,-1.1378895290539939,-0.5864632047415814,-1.067773790850066,-0.6801681982562118,1.5139499026742633,-2.3454758216679705
0.0511004189810358,-0.38879548564770233,-0.30408631384341644,-1.5158673275802355,1.869918075254836,-0.49186184612202843,-2.2138181493504776,-1.9479631839826466,0.7882195300655938,-1.8478755353226959,-1.2094511519818054,-0.4781549645254244,-0.9876229897789763,-0.32423782026792075,-1.813624400532659,0.09524301750018216,1.4780899202200897,0.3354024548443495,2.410786547852061,-0.8389205776300679,-0.8510307117552276,-1.2858239465865453,-1.0536805514588459,1.3543506688707954,-2.354270340643027
0.2519007309142023,0.07312897324744881,-0.4137787892758485,-1.6852101135990194,2.11505747369205,-0.4874040226919831,-2.3008021731392327,-1.6583790708225663,1.2728688776976436,-1.416521995914953,-1.4065662592692099,-0.8820243401299276,-0.8262559071333667,0.1591233068781038,-2.1548235547785595,-1.021947156197991,1.0089425396315272,0.4415539806519075,1.7042158329526074,-0.6812558373367881,-0.9684089296898309,-1.0988153641209804,-0.25954020352064483,1.2190266259836458,-1.5732309975200574
-0.16655790289733596,0.0953176365817115,-0.558108151880051,-1.4349290345342496,1.8673032214461993,-0.16194074702413502,-2.1802441899277927,-1.2632173798573088,1.3440913903783498,-1.3575686531830458,-1.5654833895177327,-1.868669418539354,-0.294610431189172,0.4282023906863917,-2.3778873287157056,-1.1629382634109797,0.7821479319190634,-0.07298838472271156,1.4219654805187814,-0.12241622493309705,-1.0054070957058068,-0.18876412873825094,0.2323755903658238,1.1265902778237806,-1.3437839948936245
-0.29556400739007904,0.2211585218724671,-0.09110973755303285,-0.2962527906589499,1.5569216744365597,-0.10595670494214542,-1.4932520614104916,-1.4473172370856093,1.1255363567508996,-1.4197197630108396,-2.2374083022799534,-2.681194301665663,-0.24205701170053126,0.40057807976879267,-2.5923767765848793,-0.5398120457425123,1.4483126425197705,0.22948421860099746,1.4155202670058822,1.0882019646725056,-0.5597435982495205,0.5016190426687219,0.2523676465554151,0.6991845077542472,-0.21660543087493278
-0.7882378978322803,1.2194854987496146,-0.6667098466994041,0.9716811399022863,1.6464274932383478,-0.06489339742059674,-0.9641694340511324,-0.4961397606550683,1.1369071670172584,-1.2615820339686084,-1.5153879872276683,-2.330172921933568,-0.7251860734214943,0.984132189240366,-2.253130064805555,-0.15957741617412013,1.9498735115045536,0.1658901210865712,1.4663255286091292,1.0855687254361845,0.08386598323194139,-0.3799013780770618,1.1474297864692036,0.4388675060267379,0.28088185791973197
-0.5812192285082749,1.5125547662823098,-1.7797283240920874,0.5365053322743917,0.8139233153748209,0.3539483097124022,-1.1117200743953928,-0.8349966865891606,0.3635743219183785,-1.5418577940918783,-0.0893039509628631,-1.6197122448960415,-0.8573566635283022,0.5466690736872015,-1.7010281659247288,0.4748064698720543,1.9489617139978574,-0.3255485512079129,0.4037191575396002,0.2728335547125714,0.5422144757614404,-0.7380401887570347,0.9608407537050637,0.28239859127387484,0.10921446269433743
-0.07482388756753026,1.673848866194588,-1.266908973969736,-0.1096862040805981,0.5569452254211864,0.19644410241334453,-1.8403606610720198,-0.8272750260766669,0.546886510199905,-2.2798550563740974,-0.11124813055002976,-1.890755461049404,-0.6329641919901979,-0.4538168290663898,-0.46186501637257066,0.7768853258780197,1.9149793118866383,-1.0121939945731389,0.04299358186844188,-1.1948272988098445,0.7615547143330692,-1.3853998133226357,1.0205139118457107,-0.0073763193756516965,0.5493896223027102
-0.4228355297509003,1.7105526692395652,-0.4974546157823747,-0.19438586406910693,0.916352035506678,0.9271153108538639,-2.371338306892168,-0.15193304059227336,1.4154648873460345,-3.1422936250645312,-0.6107282614975784,-2.5707900111238122,0.2841988122695651,-1.0406236867317316,-0.10485243126706092,1.936426416481806,1.4845026186728958,-1.6566067882781819,0.7404253873089739,-0.9021249438713346,2.002479458486419,-2.528793630464882,0.2463040098639097,-0.39497238592660455,2.511504857334132
0.6658271825032835,1.1685957732333339,0.49921481881671415,-1.340345043073242,1.9470521837354633,2.0467363478131233,-0.5262406063003519,1.1859005184546787,0.7115146603790492,-3.6487570256746067,0.13868255883800673,-1.2760421582852328,0.3819877404128136,-1.2620482353329887,1.2896757873850153,1.766332812086663,2.241337297719726,-2.454802764583993,1.73816934776764,-1.438255598478845,3.575128751616301,-3.9339138286901667,-0.8897523673931285,-0.3921632912670583,2.9868416357029934
2.117947448895246,0.8785067652341834,1.5034118285390299,-0.9615068532544491,2.052237625549915,3.184292934782831,0.386672119496664,1.2466647651523937,-1.2556317704663724,-2.5837392922628095,1.2398435067730076,-0.1400841441849248,-0.28788651750000654,-2.93942154174012,1.7403268286500762,-0.5224941390814508,2.891746092138793,-2.6336292985515084,3.1205200265346966,-0.7692112291899933,3.0020484269195467,-3.7693111908843506,-1.798318544281078,0.6690939760973489,0.469180235491822
2.4839626544932223,1.3256534000021187,1.2694354848807743,-1.2069434883136603,1.5916700812551157,3.25906706573015,0.1700775055513692,0.8093265622810846,-2.7423360246452,-2.113424151233789,2.1277344781288927,0.05357544898402111,-0.8438353039900645,-4.232663648080472,1.6028458036921074,-2.9307223823197575,1.1541700359554534,-1.0477211204725712,3.56023411436547,0.5624942273589871,1.9681129284971237,-1.7065927903358116,-1.7661449253247978,0.40313417966454873,-0.3729458582396381
1.4590984236580244,1.0965455304957223,1.9672093377135051,-0.6377378957622098,0.3571977859614757,1.6976731133982659,-0.1838946860912076,-0.5188701516531399,-3.286793807917546,-1.1138224040099893,1.9514345662331753,-0.1463973594356275,-0.7850041798468185,-5.005910523804002,0.5360148252934216,-4.453821812581064,-0.42558215647247694,0.6408454171336718,2.81772910381982,1.902824690036273,0.8963944489165495,-0.46122045599066464,-1.6497075351831076,-0.6256573897337503,-1.7421903713987845
-0.3518680964411819,-0.8116551204108258,2.9632351260777323,0.12911869726303715,-0.14592845334582516,0.2405962860359269,-0.6526662839753647,-1.0807792512446601,-2.4569820006592624,0.4655868205726059,1.2350504478367557,-0.35413853987900734,0.18324238804654236,-4.344670810197516,-0.5179706247035386,-5.121082412491999,-1.5384934918663777,1.5067440756765569,2.1661840875674367,2.9282520326732726,0.4632508711679146,-0.053210023854461136,-0.4144868246573168,-1.3999747184325755,-2.270865261909303
-1.9236151752803798,-0.8194786938095431,2.919381838611579,0.5104093303485033,-0.04141989000780749,-0.8456435854300569,-0.770532106179763,-0.9282504069077929,-1.5869143683400466,1.6073220817900276,1.3655056100578018,-0.25575677457202645,0.5833932157760078,-2.927995953488621,-0.5965787813390352,-4.746690779367956,-0.863089891013026,2.0825624531950595,0.9689731028856003,4.788854900385731,0.0009293511848354127,0.3576278436525793,1.5217448666741853,-2.035946996618393,-2.530770253757249
-2.7811576735742904,-1.0299025298122042,2.144046934319662,1.2746796256259203,0.8423702392039485,-1.4305283219824907,-0.9571489311478485,0.3999276389324247,-0.7164797663584316,2.142730548296233,1.2876088886013681,-1.3826645378301448,0.7596534351793978,-1.0460782057448765,-0.22240951765201777,-3.51357307671788,-0.9780774584273451,1.6107645012915848,0.4397545882479552,5.372791242038566,0.2761607212307026,-0.14178926079360674,1.6790781834029875,-2.5462148655015246,-1.9474666622830386
-2.6234272331922632,-1.3937361202101128,1.7388119276484488,1.6235644313523976,1.2286364343807332,-1.8646132671036377,-0.5179691553158623,0.7132864222887807,0.4304886295238134,2.2720708290648073,0.7924835944466334,-2.105050950208347,1.132950842603328,0.017868312766506394,0.11900112073764665,-2.644933280613502,-1.2753829377080421,1.3569180562056526,0.41467763828325166,4.442527536575797,-0.3988764854613238,-1.266502315569806,2.1204297413949202,-1.8376761276707905,-1.4545011187111032
-1.854561002587508,-1.4390111213928412,0.8564670585435241,1.3246591610093388,1.195218949134939,-1.285161097786708,0.13236208889359863,0.9826075651840926,0.6602073814503316,1.3727591353769324,0.499840319054353,-2.280063304351052,1.1527849400696053,1.2730750071416719,0.25885521860480587,-1.4975271213566932,-1.0886947803060463,1.940021867708115,0.13491099932433548,3.7555866982665234,0.22807158793011995,-1.0420324433115835,2.03355435354978,-1.9664788251314969,-0.9407843705547301
-0.37411749348879336,0.8521519320421987,-1.5345636062907526,0.8137821574926203,0.8255614125728254,-0.9573344001812555,0.568570017627837,2.37659910147583,0.9209458898121793,0.9125756211068025,0.6413638595696954,-1.6115972474279454,1.0912514342913053,1.721615457125245,1.6529217161998664,-0.5841441752222845,-1.1907638279540347,1.4028437578316628,0.5368542358483647,2.798853534958628,0.36423861854212547,-0.872799579765542,1.8014879282134655,-1.345487296773695,-1.246565779734617
0.45110301563497945,1.4055836702611382,-3.4995833582080222,0.30707456193397575,-0.1887259657778172,-0.40708504982760974,0.7417461055364492,2.5189733504683782,-0.038750324662065044,-0.1628039335358692,1.716192390442573,-1.0536598944458442,0.8023925903748279,0.8420089399516326,0.34943497564092996,1.3939376816071258,-1.8617836863770627,0.8566871152129061,3.4458945108392536,1.1123223531115212,0.5909481488765234,0.6576153480910747,-0.8819371228691031,-1.7305000007745914,-0.5038416437481368
0.7020836237404192,0.5573955853462162,-2.743827889098221,0.3760934158816546,-0.8848286752217197,-1.57194914569477,0.6511918823457277,0.8071018013647425,-0.6926100062207645,-0.8856057841720151,1.9874329663570793,0.37696666804563533,-0.6645878057057907,0.572741479669863,-1.430432438487084,3.3477151017924234,-2.0860508175723744,0.5178183794238723,5.014694292160286,0.2640306805757964,-0.3473215178154138,1.0372146312118589,-3.251496589997533,-1.7224500377514576,-1.4566075130065264
-0.24869465846910016,-0.9788331252783806,-0.9107260745659369,0.464015840019225,-0.7195516087229804,-2.4221042716424366,-0.11483610662082161,-0.7007884103965509,-0.4687444158267254,-1.380788507277502,0.07291800954677086,1.0475925396508012,-1.9337627655217133,1.0313703299563395,-1.9558781097167168,2.9781288802844403,-1.5490025827458636,0.7635874204265164,2.512754940913587,-0.7890488054836698,-0.7171578745941147,-0.13713690305387868,-3.3866241067505034,-1.0910542703314705,-2.883448046701617
-0.3997658186261093,-1.450050920377637,-0.5513619762058894,-0.7923053656533391,0.04299802761540242,-2.116091613736157,-0.2006311948963558,-0.7256301011610257,0.5980804958816843,-1.3299502915969281,-1.2335894474781812,0.6953307263891501,-2.428521398287309,1.5514000627425304,-2.1904518110605444,1.605577520061574,-0.3642886466571495,1.5399164122921007,0.9173796769148148,-1.5950870576822003,-0.38179825113970295,-0.33217111261407606,-2.3539719522395064,-0.5432050853954568,-3.404705509395654
-0.4765185702390216,-0.8572066597561466,-1.442641007227768,-1.2974343388603973,0.6711020341650709,-1.6461390671907397,-0.01564700119996726,-0.24027685362750947,1.0171746231817618,-1.0554859710620554,-2.228582247935587,-0.1552406978788211,-1.7576028520027291,1.6430286521092403,-2.553586014677262,0.8201437472129847,0.957878300460392,1.294557684500275,0.41904213071500923,-2.0946148828273885,-0.49454784288971443,-0.09758679612784847,-2.336850335475943,-0.07671938600396966,-3.546966492903785
-0.33912581934903685,-0.35184916242313496,-1.5665891150469586,-1.4205058035360683,1.2635094959241808,-0.8070375404078677,-0.34296611353586887,-0.10608443913986776,1.357477320907019,-0.6264516451732296,-2.7593240513966295,-1.0547232413038323,-1.3854310094395967,0.5073444744749737,-3.0009755161739844,1.0386069949033416,1.4312710728371332,0.6627717746762872,-0.7682025977710732,-2.308216850760546,-0.5052794507464201,0.4960058472987489,-1.610210102486338,0.7512727490390503,-2.8782188186097897
-0.27355510865935806,0.22843330231290626,-1.689035506311565,-0.7708509869606638,1.8799308641343089,-0.5134459143910797,-0.38921077691177886,0.41453327376963367,1.3844273892277963,-0.33288071594251617,-3.622176350581489,-1.527293214716763,-1.0050948648004243,-0.26993598105928557,-3.4573506666970824,1.576015585068959,2.5918242633344675,0.509936297583517,-1.0332331758766204,-2.4618568492104376,-0.14079943385283583,1.3621547045267413,-1.3426457637356737,1.309759093314608,-1.6671558383977665
0.10482374576410008,1.0098793271020365,-2.0867362031984547,-1.7320445742738044,1.8833196393020948,-0.28705917366442407,-0.7052792416812677,0.726205551173262,1.5063359530691656,-1.0039862046407868,-3.2930125002616384,-1.4088154577163197,-1.1272435108036685,-0.47850126500852,-3.337365413531718,1.2262577483283348,2.85010914646105,-0.07087047575862188,-1.5539035386638522,-2.9613635956604587,-0.08991029957983838,1.6136613909181505,-1.0563399441645915,0.9831933704554391,-0.7097564287659195
-0.2014639317496109,1.4709594110725446,-1.8923017212433577,-1.633761631957337,1.037743406239538,-0.33798460262012275,-1.1790434890043668,0.3369175018109444,1.1327803208843483,-1.1191802094353287,-2.743192575426607,-1.6665525625896396,-0.21487418820541598,-0.4538918473268279,-3.7709190472474954,0.6362289496150831,3.2323461189712446,-0.043736881727514276,-1.0289143137963312,-2.815440243705777,-0.10530179208958335,1.9281945647630523,-0.43850339892204304,1.0158506543148782,0.10301065652516517
-0.47152985448690693,1.4856172875176301,-1.8601315637248734,-1.180900219791326,0.38476372631452055,-0.100431893980969,-1.0158704519799597,0.1283918401710538,1.261349048344707,-0.9958595050957837,-2.468024387161537,-1.5807645912815997,-0.40149290168804447,-0.6937986467429379,-4.068087942843177,0.5162384767772153,3.2789355017530943,-0.34366666120427747,-0.8717210428426235,-2.647412043290698,0.36391466132550876,1.061223813008771,0.23867919011643893,0.9586697712984633,-0.007443432149185636
-0.6605105149419608,1.7484105792410567,-1.6410853661330846,-1.5484633825574716,0.1287290425934403,-0.6708093642081844,-1.5828443341364862,-0.4107047638786073,0.9265050065514804,-1.1774610612037697,-1.937630629947525,-1.7135824311275947,-0.02119406192124096,-0.6824133209706982,-3.287818264273239,0.3602621160613997,2.6815576119420967,-1.0638152963275502,-0.2692044710828407,-2.636279893593231,0.5608200620764148,0.719791438026876,0.40937351160977653,0.8828452936200615,0.21883063853381757
