-0.2918417788226757,-0.22163350615640917,-0.3938359350730553,-0.3183947915560478,0.7894747224154443,0.7361842632422292,0.8139871521900304,0.557934204264543,0.28420274088214487,0.5985807292603529,0.4122061899491658,-0.08559124451843445,-0.727849168990742,0.8590152298434001,-0.4234711385992411,-0.5206407294618618,0.34168346470987704,0.03830285962298288,-0.2775212739793299,0.4492240747392774,0.17883310833152669,-1.348267213232544,-0.06803555541432121,-0.6963283159138598,1.0671783706623899,0.31927018916001176,0.6485006973504813,-1.1686481689452948,-0.6716442883902422,0.06430044756380139
-0.0725852229286765,-0.2624784853851664,-1.1267313841292081,-1.3042660599770066,0.48150543245996613,0.6932243746040574,0.9032798600625696,0.2910738028139551,0.6262140657964305,0.8092759367249639,0.8816947062446696,-0.2296575633013975,-1.9210014228890229,2.0313786912286473,0.4277425229465211,-1.8230353063548013,0.10371617395524615,-0.22345742896820867,-0.6781184831410889,1.6921393689939626,0.5727121326775613,-1.18638770133845,-0.8114316524391663,-2.083015375167753,2.2261370150278657,1.565402630636119,0.46419663476874373,-1.52018372630947,-1.030508345989653,0.05492497447631178
0.26063385708235254,-0.6059514416812859,-2.0803043556906813,-1.9990888478032358,0.10419633157728725,0.6318647081248998,0.4430223917387612,0.7842657621353226,0.4548067261358988,0.8201479758990052,1.3751386143086202,-0.2188876237220298,-2.3729190834177736,2.4281477860299674,0.9060361302899584,-1.7963162779171258,0.18863338527247914,-0.4249783766258241,-0.8236005677386777,2.8076480074590155,1.975057833991119,-1.1731870362796273,-0.7803915142158895,-2.7610685521952627,2.303036489064118,2.14134549012523,0.36080798967568783,-1.7804965794720224,-0.9373112818300592,0.48524230464412954
0.5160266669490376,-0.7559968201992665,-2.0000075503968047,-2.443104936230661,-0.2587299531051363,0.43310023816211435,0.8277824599617751,1.503662975711846,0.4986889652673336,0.4511860003298108,2.0313738097237355,-0.7659200522258046,-1.702867892656443,2.6905917127041845,1.78983249719622,-1.9783485206247389,0.47469609386119116,-0.496580274897815,-0.8354022844624436,2.7993299542237664,2.5141820828517467,-1.6012759783683794,-0.7576612090651909,-3.225405190814524,2.2494716724062744,2.33817998584791,0.4199093799852923,-1.2304887867648446,-0.7508952351210941,0.8212890098816188
1.3350740598509836,-0.8405449462697888,-0.24390446802190796,-3.4560660524946782,-0.6034789265595514,-0.07148673567889507,1.3872523556121854,2.3482471345065448,0.9144989407166477,-0.5262912754661386,2.4670339977195868,-0.6797330823127623,-0.972492698224392,2.1202999307039745,1.1551767198229497,-2.0035432000692723,0.017025642077421993,-0.12983609076964397,-0.4006689897671107,0.7551209143750635,1.522495479730544,-1.7842965477167767,-1.19627367630501,-2.198631991735345,1.8818810855596182,4.034300971913755,0.6848644571697121,-1.0317023675041077,-0.08018994769954053,0.5669273743038407
2.230388602366876,0.1673535565744893,2.95939615084035,-2.585109110126918,-1.494055869271905,0.029897852810824466,2.581477868702106,2.1962771684553877,0.5254552354644942,-2.8465653043394026,2.671153504445564,0.7147602875108967,1.7736648945246032,1.2191388660835585,2.0597873208942215,-0.93206512977312,0.7607961669092747,2.049481910569643,0.8731847162171131,-1.0642370170409021,1.1090884225399849,-2.0267632009682566,-0.39579000077335186,-1.2784590853533786,0.44955681117683166,3.579922245481978,-0.42221484647015056,0.25307142742232946,2.127690242827877,0.7398476952843085
2.0769383745385666,0.41366856183410255,3.35366696826533,-1.8250100347342182,-1.7930367822613544,0.9773201800292028,3.0231949268650524,0.5013139465752454,0.39530170858289704,-4.08321160964719,2.352382213359952,2.845385689398814,3.7314656167368327,0.19908987315621895,3.4867803334739196,0.6055608081922139,1.7548044691613969,2.5727230793415647,1.6883585494822273,-3.041204982991846,-0.7279306805877183,-2.091104116955214,0.5965646972513392,-1.0480242695479953,-0.36913987055031483,2.6170246744897954,-2.2732902237484747,1.7374233527186327,2.8060228811259913,-0.27353813675994126
0.11201991334537542,0.1060856893499722,1.5368797321041339,-1.0450348038277029,-2.4891155050283706,2.617845270408947,2.6819748224740847,-1.132630079597416,-0.20799490366592868,-3.689085009937736,0.7300221495173838,4.74331339606966,5.414866024741785,-0.8029789675688487,3.6284606410021136,2.0185159441664196,2.4115609361036108,2.718577114166372,2.1380971012057772,-4.395984744835497,-1.4108160528983604,-1.7246598682718166,1.1612676598354807,-1.4041287148141088,-0.8943094137646542,1.2429668836887466,-2.5116792451279766,2.979966384970722,1.6412087576343455,-1.3701669862639911
-1.0388649473497407,-1.067151342842201,-1.240399490910938,-0.7315091063540006,-4.03089731766,2.759826960308204,0.5770059538374998,-1.9623549529643611,-0.5401824405385481,-3.234185918278284,-0.6309392657273412,4.914124613118999,5.35804514434951,-0.8021491143099073,2.657565571005492,3.2521571211279428,2.8621429381270787,0.8093210228496127,1.7527141320069108,-4.4102631137786075,-0.9172081288626406,-2.1591400120081263,0.7732248360126208,-1.8896783049822325,0.01235953825568109,0.38045464312348926,-2.0376895728672353,2.8551070155288167,0.8384007784533619,-1.524869096438275
-2.0128128741124462,-0.8534203045893889,-1.5765844563896105,-0.28880135046821354,-4.202993865158538,2.6241053430885692,-0.5725177748074686,-1.04098297665259,-0.3251320656991542,-3.4003074985419355,-0.9638744874594061,4.483257368372999,4.693628294840478,-0.42383011006556176,1.364011177373718,3.6304174397725153,2.5747949871702613,-0.7894540405178895,1.4099019461180562,-5.000167322004287,-1.2674014304094041,-2.212178734038355,0.4111200715202176,-1.5889288814667597,1.288581729929529,0.1269468872192192,-0.4677613020156086,2.910867442991123,0.22102556350826813,-0.4460980244822245
-2.5970339365272728,-0.05171373754380448,-1.1706234641928794,0.5339600802902843,-3.4037291464194177,2.655758776974527,-0.5758729881604145,-0.8803197182518374,-0.5663879115704777,-2.267662972964348,-0.99194185459544,4.210819217958014,4.061737357064011,-0.9185836594461394,1.3004566196970058,4.19941681266268,2.894806482396282,-0.5031725880595865,1.6518289209284753,-4.9085136552643,-1.8930793453919699,-2.0267192334212143,-0.5631945206999165,-1.0137256870523137,2.015000191315199,-0.6646540771755003,0.7032381385757738,3.0042569830681947,0.35709863987973356,-0.27090675222770144
-3.293913035472696,0.31714091865075184,-0.5468459156703842,1.3484898683447197,-3.203006365708612,2.3465594682380555,0.23173312462658363,-0.6491693722032921,-0.08811846010053452,-1.0598095493177986,-2.0067600698689825,3.511945501917493,2.618221037626758,-1.3060744698905287,1.0794479105573627,3.933179191705913,1.9983984145723133,-0.1438181892681231,0.8969722520184076,-4.554889217619321,-2.478279086174679,-1.7440038893812229,-1.8680122623608173,-0.9833807547987201,2.7303525167804525,-0.8173308304849769,0.9253418583518889,3.3250465753594898,-0.6769850191983586,-1.0557247682053328
-3.4106204746745723,0.4358534081756096,-1.7810598375928586,2.0067720436675267,-3.2165533945294307,2.3681867416743505,0.10585974814770292,-0.9467044334892342,-0.4960505947882756,-1.1018918955764578,-1.9324203697611253,2.827649655967661,1.7487816808456307,-1.7076842243651933,-0.1420338162282641,3.3436617098039436,1.019487757000001,-0.9639787152398234,-0.1733565292872508,-2.8984362567156357,-1.4927866799091294,-0.7603424503101468,-2.451494305817315,-0.7587079904691612,2.35990527079381,-0.861739496270708,1.2338940325966195,2.8476909434368523,-0.7210194168042867,-1.2410366312551322
-3.376658066378251,0.540570953074348,-2.0206996498980634,2.3987727530034753,-2.4173923530829495,1.8014422574515006,0.09898611668629638,0.19013276068586973,-1.7245985992887258,-1.3489797201092228,-0.4820095495808969,2.0188228574395186,-0.11650648005052366,-2.1149276749328587,-1.7829047622118899,2.31751174738107,1.0025743407787107,-2.270679674602942,-0.7268369156212755,-1.288561109213336,0.2669887472082642,-1.0006088443929457,-2.0080240356338286,-0.06760635325677994,1.9344501630573987,-0.5723566308082695,2.472964969227113,2.0416344890678966,-1.6822337467542727,-0.41145344143132134
-3.574641794432375,1.7362155581614473,-0.607458046540448,2.354051692311672,-0.09681372916389003,1.7619552641764855,2.2452652296646693,1.444878427988148,-0.8112047004043366,-0.3438813822453571,0.47078508151117243,0.12898579763292028,-1.104246548056598,-1.2912886143375313,-2.0436162986086406,-0.38940209088511124,1.609665773705634,-3.131630116528992,-1.2088472808755415,-0.9283270851826053,-0.13801352326450217,-0.5268707500246035,-2.426356119045909,1.6773876812259307,2.5575830791351573,0.5729703827573198,2.8864141488989534,0.574952397477727,-1.2551591742821215,-1.0101514389860937
-3.681823966832655,0.8036317838184025,-0.4252890727353804,0.22857053174087427,0.2257017805376171,2.3526177700144877,3.620469911287275,1.0175092726295991,-0.06734916429520227,-0.3723464522667271,0.09218682267042028,-0.019730903319231385,-1.2780562529602588,-0.5401372615141198,-2.240772822124503,-1.8291216906443626,-0.07044597742530245,-2.206224347253357,-0.8712077696738652,0.1135777991539787,-0.385519690716965,0.28186054253055876,-2.970270342453216,2.487293080955442,1.2294183368603315,0.7882656777417798,2.1411738966241267,-0.8681506581279093,-0.4846158142237344,-1.7409309822566814
-2.6241529460892314,-0.5954484529288926,-0.3489291465056622,-1.1741513046306409,0.26267166942819986,2.506126693482495,2.991792200191599,1.3802987415225707,-0.46949307487542125,-1.8665622714669947,1.42839784584694,0.623929124744532,-0.901316007006674,-0.7111308172969664,-2.709184634587668,-1.9822532298446196,-0.7333319949778079,-1.628488081405171,0.011201116639563247,0.5004455598327382,-0.2168483215320561,1.2735578087062995,-2.305546786824899,2.558322575433362,-1.2016729986748809,-0.0958663644338443,2.1745943135048598,-1.8814854506521352,-0.8109409255769584,-2.160007192663178
-1.4670083068282294,-0.736989034065136,0.7032863252712847,-1.691333231114057,-0.6628801723293379,2.1892570497850636,1.8197758632785768,2.1498773550396244,-0.586133045343904,-2.727396389903529,3.9552620504911613,0.28886697221570945,-0.9383322016960227,-0.5157646202835315,-3.4518492374702427,-0.5755138148406391,0.23227726914822294,-1.122225308006376,1.1914253978796545,0.3829652800201168,1.0523750240612444,1.7373898771902536,-0.86320846188785,2.44605829102678,-2.4213751827686685,-0.6520967655058653,2.172760400655712,-1.2673188072507053,-0.4478769426017212,-0.9454395500909692
-1.039325075976162,2.3392019358414426,2.8829837969640937,-1.2644717575577362,0.35794023398309693,2.1087989957048983,1.9957223209060253,3.001602491168229,-1.5154170202445494,-2.3152567615506445,6.167126633601483,-0.17603315576619838,0.22875019430224786,-1.4585584922346764,-0.7287974327919579,1.7748119377821863,1.649500360111071,0.4195343377676425,1.6358483748188104,-2.7608709775461264,0.9327137302247466,0.07809442983045234,-0.12272036204440351,2.6232130334266768,-1.9684254155535328,-1.4370569992811033,0.980078953390519,1.7868591480149951,0.7907649100732885,-0.6361825708912371
-1.1305986394541379,0.7987827089665754,1.0505808167687785,-1.6479252889523819,1.015991863929088,1.3403703599019625,2.0501261327314864,1.7302371386746511,-0.9804389311122178,-1.9146762575405296,4.429917665214085,0.1122378188909792,1.0206244324580496,-2.283581399986609,2.017121924884589,2.7275524059046834,2.2503815197311985,0.31384301634842193,-0.8111778990348454,-3.3892199042893734,-0.06742144000600514,-1.5923022913118858,-2.329370041009823,2.5723041220089273,-0.7233422591682814,-1.0319080936109644,-1.7247264025603355,1.9289336537667003,2.2619167599649295,-0.6961686310128545
-2.111289018600384,-0.9372676400684157,-0.8923564085607981,-1.5942334069040485,-0.4834284028170013,0.7451997410587317,1.9569478836980205,0.7510614434846101,-1.405625192725016,-2.271335791508486,2.618223044754873,0.8087594480997529,2.219844545776969,-1.6086944080278744,2.253546212522642,2.6210584730974076,1.7767891714040924,0.4759427034518161,-1.07983814388907,-2.428207101263294,0.41208063100779974,-1.4113395337643624,-2.3819606099235657,2.434973043407444,0.2624597355198804,-1.0000451387422753,-1.607462098496786,1.6150479523410062,2.6848715062021467,-1.1229098251107974
-2.483538256743611,-1.7285726517961528,-1.3233254581233767,-1.2138315784211613,-1.3585704216180163,0.7427959511675277,1.8685352936423119,-0.18732784579760953,-0.9839970472052202,-3.427253149195885,1.7009889553339508,1.5582631856813536,2.390647168299559,-1.039889411806609,2.211475224899483,2.654312174310835,0.997288720821352,0.42842168055483854,-0.6022741452259629,-2.202897027810231,-0.15483463838625824,-0.9155541084970874,-2.829930557859399,2.452468474113986,0.7169541675611345,-0.297185730500534,-1.0513254153171272,1.808923028729765,2.6265891447502754,-1.2797923676096827
-2.3476956595280183,-1.5669234043461095,-1.4880378496818292,-0.7830226472034671,-2.482155075300451,0.6515177011865482,0.6956586643864886,-1.1648738846232891,-0.7640734481544387,-5.296332595131048,0.8151158165734745,2.1090215912505936,3.1055357300985733,-0.9513893642775874,1.709992546569868,4.324271037464447,0.841126053649814,1.0992547996945599,-0.25470429890969265,-2.6930549425811687,-0.37162486320446203,0.1958610741421128,-2.3558782744180125,1.4432288299968536,0.23372712302757953,-0.6711360585572439,-0.1392335729964606,2.456186167169191,2.3996828556153638,-1.3900306035745311
-1.8165521791519879,2.5071670484443525,-2.2444383385809843,1.1391440726142852,-1.1877208078066057,-0.04362621903951047,1.8471088268701115,-2.0776333119657195,0.7884470511048313,-7.241398600004504,0.7464606545266116,2.275945981462886,2.2190740147136117,-1.7823302670720174,-0.2617638197913935,6.275559087565646,2.8067855092801426,-0.5196219635528774,0.28552215491189825,-3.286597980999318,0.9794466857354778,-0.13328020495067577,0.35767859938065605,-0.08347828271708019,-1.078335705245803,-0.18033796069523955,1.6009740604384308,3.821498584608233,0.3970521629152953,-1.301150202056554
-2.672742806249615,1.817984936384597,-1.9767878795063774,2.6860894686755383,0.4849311067500081,-0.2610164346989941,1.6848500813601097,0.2775823761792049,-0.5900464191775887,-2.7522801829524384,1.6085229787600024,0.6775005484405491,1.2331021075243402,-1.8284888626429883,-0.3160467249388338,3.9675895179738014,2.352740332011768,-1.3979155170026663,-1.1495726631234124,-2.2799902351492114,1.9058138079402815,-3.197483575525035,0.7536800290513876,2.2991893464552424,-0.2065293251996827,0.06665283550721242,2.978532108478752,1.3125170055724649,-1.7868237965017189,-0.10211533701388217
-2.271824140833902,-0.100887893183705,-0.9973282478246605,1.2470267014569423,3.0627689458076754,0.07748580607617159,3.389511331119708,0.8423726726544958,-0.3502783986519444,-0.6670485891878684,0.9931132763754458,-1.0539658748246397,0.5757302650697014,-0.7611508459490026,-0.3666202965904628,0.6083542828615859,0.8072470576488566,-1.8811292089551555,-2.5248795400024755,-1.730223593358769,0.6785786011499544,-3.4058291376080825,-1.3281754907391379,3.534379813652194,2.5523522435960695,0.902577800140701,1.9845237080086067,-0.5889540163669252,0.11181061169126548,0.01391433932879696
-2.1148450104742107,-0.3362955080128557,0.12263509869643703,0.4410092992551886,2.3637031294220314,0.8602317293441062,5.005378749464376,-0.28103637261909,0.060045206973090876,-0.46739095659884444,0.040660118502069825,-1.4060166692799805,0.7764659600297732,-0.14869222900427365,-0.26651425068471546,-0.7800074437183651,-0.790400406697572,-0.9156535090347687,-1.2545271409539125,-0.49764574897205105,0.5528988566054066,-1.592327098467405,-1.7014739962466328,3.3677956565826985,2.6116722306883533,0.9587038064969298,0.4520559436190601,-0.8677111943032488,1.2562096991435288,-1.0882446398432897
-1.566368819614909,-1.4406031292904369,0.32516963227985607,-0.3469165681471416,1.3895884769602334,0.9623256572041301,4.173851576434797,-0.7455796870285512,-0.67306888153403,0.038253419323118876,-0.6111707480985249,-0.9372138679663742,0.3843928090528813,0.026201185526433135,-0.9059293179814338,-0.8753343538783941,-0.5995776888387285,-1.0844863358257457,-0.5832702271897683,-0.09948569359553332,0.6382346005816888,-0.8087113554190407,-1.3068661617507946,2.38299195188132,1.9370731589923116,1.9520797957996985,0.6983093817333406,-1.7272912741159019,0.7057926112180778,-0.9204857254881963
-1.0349239834234998,-1.7224147188235903,0.6771317338439017,-0.48963159652497834,0.23627795950066,0.9769364910156977,4.48353000332829,-0.6738516387300812,-0.9206990439060923,0.2369300663428428,-0.959728265557466,-0.5435805957255653,0.43985184264719546,-0.5056224010247936,-0.9789287363827872,-1.1027818938602962,-0.5905525863444068,-1.1663336780023523,-0.1980002412465512,-0.5128565852169359,0.5492370222646304,-0.42591523025612343,-1.3608433901395618,1.58308014465165,0.802868350607659,2.9489083953720883,-0.17816527857245654,-2.4875614514103113,0.7717239553609491,-1.5157252677778754
-1.0472839179968434,-1.7044824233199676,0.31628064374092024,-1.089528485982412,-1.0338323324678176,1.5604150563766885,4.2008829234199965,-1.0852394840242732,-1.3634233454785218,0.32870607515509626,-0.6051825730197286,0.34493724884931387,0.44665764322154966,-0.4508891006122022,-0.7171474882819427,-0.5595126035690716,-0.5029780602783258,-1.6337684329228397,0.45699879790157366,-0.42220763037221243,0.520563780470153,-0.4094226731579538,-0.46975145667225093,1.0903417591797386,-0.23434963990046348,3.068679173627313,-0.9137373879522388,-2.510220173338679,0.48469018284912085,-1.323385706189968
-1.572695901633187,-2.8693748955449356,-0.10240745953828378,-0.8989724610171642,-1.3434247960764423,1.7419526545978605,3.1999384692097133,-0.7420255850158874,-2.2286901231855962,0.9936375687450616,-0.4667794260885624,0.395476902077193,-0.14967200403788605,0.2701404057584472,-0.35235168545727596,-0.28546722264689495,0.18799587083006553,-1.5487038390873482,0.2706087878466769,-0.06792600080325198,0.36369601572947485,-1.3442829636457287,-0.25793285909095176,0.4685172677434827,-0.21049684219852643,2.9283098851764184,-0.91753365128229,-2.376710164548452,-0.3365489113940662,-1.0128488230580983
-1.475815984283191,-2.7014214187747587,-0.7430236198191641,-0.2605699001832352,-1.8906727519821105,1.8309608224803118,3.156109038906716,-0.8908681031260473,-2.75619964812652,0.6675278180563788,-0.04159272329898166,0.3346621318605241,-0.6613062056479485,1.5427764290955464,-0.32074977998463033,-0.3510442158750175,-0.42752997857085245,-1.9084347723698316,-0.021939687209182303,-0.36295804926824277,0.2567700165353194,-1.991103414790723,-0.7103075046257376,-0.12664076801407986,-0.28089588449802483,2.769608717703874,-1.034644823608899,-3.1313605942373988,-1.168854067645887,-1.0732999675571042
-0.6853335380489335,-3.7088533382852935,0.17365589017536107,-0.27656825263578966,-2.256219988267223,0.8954145168865735,2.892419920433391,0.09606971004743814,-2.020421387225291,0.6325305138784876,0.5062479877397887,0.950976967957658,-0.8138254134626967,2.2962161917584365,-1.4038073291285316,-0.06736724111092854,-0.4042838843022299,-1.2542319571635987,0.7527312492476674,-0.7588600247052271,0.0007887923446888989,-2.565476898437597,-1.1882013717826494,-0.6517794681569954,-0.08535319310165634,2.8997615400909558,-0.13318669729068533,-3.875463023656392,-1.7791069131510304,-0.3824948298665941
0.35863369064544215,-2.99691840777064,2.9995198384195714,0.47533036138350293,-1.1900069101760902,0.8633009147738995,3.2417042011291213,0.6441325466932224,-1.7389079327321977,0.7786152610473603,1.7388936764282128,1.5702186473189041,-0.33300725768904016,1.9118824139583364,-1.0703251054661298,0.07148255605491857,0.5029563317756766,-0.6011485398104712,1.4355856300638354,-2.6998485230383795,-0.9132502656751212,-3.19893573358672,-2.0518992192163212,-1.7340849041279793,-0.4180862937149022,1.6102994521489304,-0.00739877122518004,-4.244858975398467,-1.509681243784659,-0.5427058582533688
0.9154812725299066,-2.4492039953943037,4.805266104094112,0.689249008342034,-0.27129001165871613,0.9211195572547743,4.166777912364533,0.20678810779619067,-0.7505927675296491,1.113686186857882,1.3031966295147837,1.772034395572445,0.8763275774062838,1.024368117570148,-0.4107047334303485,0.8962664617486736,0.96480976982836,0.5947699729603377,1.182868895607717,-3.9683596684956943,-1.071046946763209,-2.611125766035858,-2.4370596061449668,-3.4850899616640563,-0.23743952762158804,0.9317170027955801,-2.2212196564341076,-3.801050687004979,-0.9898044947899498,-2.4749861647584908
0.49456837550142263,-1.966847659103418,3.9715632008075654,0.2003208934945394,-1.4267603850192794,0.9939877766087488,4.193970943405285,-0.8145829316596286,-0.9319468523672065,1.005157458588949,0.13558747051451475,2.242173901418205,2.1716960228615854,0.8491692276166807,-0.5568396100302445,1.4050767693107462,0.9471189296026429,1.1276816275330472,0.2489705519524552,-3.190615934498264,0.30855395770846017,-2.502969448427476,-2.3526243997122185,-5.390127422159097,0.058762939474002684,0.5641152636817082,-3.45639507249604,-3.9310797684276793,-0.8985436161825442,-3.400299354968908
-0.4719702667869736,-1.9035616821073122,0.36272515768649305,0.13909623265679016,-2.2270990316054267,0.9843329031203583,3.6024011168197987,-0.9105335516579522,-0.7981147617584947,1.527940618182172,-0.2339759860197008,2.935319086323404,1.6080214254657315,1.6041337272542802,-1.8737463505074663,0.7922457537417741,1.6779774880018814,-0.05103166019698302,-1.5292493819230475,-1.776530968669963,2.229675444342872,-3.9417212621826136,-1.559313736931467,-5.186831605530926,0.5739192425973866,2.2678122285191766,-2.1662932491592217,-4.699498918970984,-1.6117204523126392,-2.5821961359094945
-0.6478864713971958,-1.4279376975757043,1.7908208051342573,0.16725919986238125,-1.6034701961765703,1.1421049980545785,3.777625233004116,0.016640993102496227,0.20161100806869178,1.1653199403737966,0.6238344691829175,2.1846716470550707,1.2883353298719995,3.141478247984926,-2.4717140963287454,-0.2679580886823815,1.4255752881538135,-2.3049375971867794,-0.8558473825258877,-2.864183550789648,1.5571521625297984,-4.483972862204847,-1.7725370692232405,-4.301655460869389,1.1596343923750396,2.9880394345612595,-1.6086389129701104,-5.328906590701884,-2.0980642083295615,-2.1518696047932817
-0.736877348551908,-1.7174877610662982,2.993829390521918,-0.14200038466904769,-1.6342078440076504,1.0551686183347209,3.8698567697773405,1.047030052827795,1.727011317420671,0.765215196575682,1.6173887660369681,2.9082573731830648,1.3141659664351715,3.670878792284838,-1.8865098058972765,-0.6119030574201824,1.2588035269118802,-1.6035589387579443,0.13254711280453702,-2.6969248329395694,0.38660406594978236,-3.686460718298971,-1.8231446413238352,-3.961565097230949,2.019624597024179,1.5861244199371503,-2.021105500188061,-5.785717702704429,-1.5296910542264306,-1.5974281548126779
-0.5062501022297355,-0.5752767626054609,3.137257088674356,-0.3939338078011087,-1.6632028488262676,0.6105826379845001,3.3638978653106255,0.863625329846968,1.750400587987428,-0.19899297888651185,1.7365338248088795,3.8646106241294906,2.8026986783578773,3.2786787843159644,-1.2362163021449177,0.794624488488534,1.2689661603893685,-0.13131244445177537,0.9575093236246786,-3.4739941459262207,-0.07196052149683685,-3.8604405739702767,-2.0319307944502127,-4.984063831246284,1.4164911411418832,0.11499233375607268,-1.8946151235886857,-5.277634346968615,-1.6752222569300699,-1.117056031303503
-0.6368149164419447,-0.14525345980011184,2.8737082046215683,0.055727497739965715,-1.4404974408581837,1.4268343463429811,3.5896937710997205,0.8610176605457586,1.647744706254636,0.22431498733001712,1.3481148482623222,3.7356505195870175,2.7225260868227155,2.6543734862778,-0.7400936877316308,0.6086054402468412,1.3026976245027526,0.03242974530831686,0.5962454547775717,-2.665271675506462,-0.3688492496314322,-3.461310485987932,-2.3179733500083453,-5.853087859484144,1.9112166864841376,0.10591908710861897,-1.9109776668784646,-4.3216835404551865,-2.143988495748841,-1.2639451820625038
-1.6309898420535098,0.08086154362302589,1.7882695011018608,-0.35737411024399623,-1.2886918964263914,2.188573143688323,2.591033902121259,0.784063187811485,1.5254871149362983,0.6426023259848538,0.7839341908633958,2.8793051131102643,2.4024003102283413,2.9512550212297577,-1.368352707588243,0.0015341833174738646,1.1147205377711202,-0.2693631450787858,-0.7092020058176066,-0.9917433523661666,0.25662871342680293,-2.70925223257982,-1.6307955280205497,-6.2384512253641065,2.4706747344130013,0.8811855884830735,-1.7639916296701181,-4.05613050201574,-2.0463184817070132,-2.0026610141763466
-1.351431596961468,0.03959539359592612,0.1264959876106504,-1.240043160129089,-1.018125504443845,2.6116394674225907,2.3579191804172277,1.1284582952810924,1.0015061720740726,0.19819092078283518,1.353278561592174,2.494681966045638,1.5257580991132078,2.775574576354301,-1.5484147226263025,-0.5394081336516005,0.2916522332754209,-1.1834160328956613,-0.5470865363010838,-0.6245076841760517,1.2021753604831982,-2.849173323449599,-1.60851116136415,-6.861862459065225,2.2198259345706846,1.075011006269133,-0.8529807865404043,-3.8613583344426705,-1.974673427261557,-1.8916142921823043
-1.5856087389765923,-0.7313082223326537,-0.2342836752912495,-2.9686318551435242,-1.4663907349974696,1.7845543230182663,2.315450460487746,2.415735849700529,0.6073074074831437,-0.7387944456361928,1.610172205230601,1.4195557317124066,0.6784904258524581,2.514124120877999,-1.8564531354357876,-1.9661985150917796,-0.007815330186319303,-2.6340447567720067,-0.8529503798892769,-0.051448328662438675,1.8120949389092238,-2.999231568030914,-1.36705512960424,-6.831234684046252,2.347400878383961,2.681726236852807,0.6557355350622298,-4.002455797967391,-1.821679827483456,-0.4597425078334042
-1.6484551806877425,-0.4637453262633915,0.34392123571635336,-3.368269401640056,-0.5471577180261435,1.7153052279643852,2.8903027103258094,3.388036772831463,2.1032191460284757,-1.4355695105187052,1.7706997588333697,1.702956937424429,0.776837964422856,1.2788408724111378,-2.776225961193376,-2.5251814597607085,-0.8365133413067019,-1.1728237713673189,-0.7914582075487498,-0.6188820239329192,1.706843924971902,-2.451092657974801,0.36762908444239367,-5.31458227363584,1.3566644108375017,2.3429007382953047,0.8798893494469684,-3.596032456369952,-1.0402692550339645,-0.2550471811782715
-1.8742923608515039,1.105114459636797,1.7319449070430921,-1.9723344431513896,-1.0935738119456782,2.470913080923847,2.556973332717556,4.7147579073912285,1.3209370372337972,-4.326450935589523,2.3429347476925177,2.047531694476968,3.0464844270473126,-0.0932075726392868,-3.6069729025256243,-1.6771629798306595,-2.513703609878498,1.2852698051333598,1.7701628702499423,-2.0290974522384917,2.1486822556298453,-1.691966170413551,1.1610584776058066,-1.720652138335915,1.5986724215497465,1.981205361952171,-0.1438000385252441,-0.6646261813375595,0.7137936864847579,0.9279509512687322
-2.102964048846556,1.1437990468237695,1.564452531739493,-1.365470009024901,-0.11424310726721126,1.8845134051250536,0.8923629782754563,3.670162399843872,0.20614655170470916,-5.83026247967591,4.194963260215192,3.8569053325216665,3.82209478707586,-2.5605288242742255,-2.773578286636073,0.6347622886003881,-2.0524393794523212,1.9001928925007736,4.586778229855273,-3.9449857294771933,2.0618035737128966,-2.6418185320849545,1.5444674011418682,-0.7371047378406337,0.5470623733895136,1.4322895101811985,-0.525640523667634,1.3388977646148557,2.307537987222685,0.36512536201452234
-2.697204181034721,1.180108364832212,0.057218287593923334,-0.9238407335525158,1.4224539811594097,1.2812168562970738,0.9029102533487954,1.8839358089953553,0.19331046103598037,-6.1363247041909,3.853471790425342,4.563002840260189,5.29340869384,-4.7325252765169585,0.02395277494814929,3.611810027741293,-0.2866546296679817,1.388940094660619,5.641773020741689,-5.415425996727874,1.8444285476396793,-4.707460305621206,0.9816250842596352,-0.6830195350869892,-0.8146396152337089,0.6826451433480718,-1.8474696551077836,3.7082070957889446,3.428205560616133,0.7855279034436307
-3.339522410657337,-0.38676040475524437,-1.611611386589189,-1.0608149217768463,0.8448558766718097,1.8071107911832058,0.8565339453994543,0.3158777554504924,0.6455415782216262,-5.005871717884249,1.8466640316338752,4.6095187213909945,5.5827477227104625,-4.643980949066458,2.013962982447152,4.3233669234813945,1.694348839452546,1.3078554203207307,1.3844836160191072,-5.657264192819653,0.8232149645851249,-4.359288084656227,-0.5567140157007682,-0.9647439026622833,-0.4896344269215966,-0.39203016927558876,-1.9951391393164233,3.4149758180028558,3.3085979613480787,-0.8147788011669926
-4.339086346341724,-0.1330748201901107,-3.2053567605495936,-0.792398588691444,-0.010008404909998214,1.0377176456314003,0.3370787724450863,-1.0643533435929287,2.111646957272199,-6.7899454678902185,0.07038141756762495,4.268412870154008,6.297008942759521,-3.3647694690036336,0.7275439231366443,5.256741197170113,2.955396523218017,-0.016941349456382038,-0.7845245689270532,-4.526595376248478,1.4974395162577436,-3.627880958741175,-0.23362438019249998,-1.614993026211172,-0.9711726504829613,0.3109743090720829,-1.0327529061360785,2.2563857644844205,0.9016122389180128,-0.6199753770970945
-5.4054360630425355,0.5157740392544297,-3.647454500529893,1.3988074178983199,-0.025297826008157998,0.46423665355059013,0.8288736759479811,-1.1299006947862869,2.2551564073699897,-6.5506015613076025,-0.04793983635143101,3.4542727153744166,5.15262094562957,-1.9544772253041547,-0.887198849274138,4.024574243325424,3.4972043497238023,-1.188835733987395,-2.322607221012275,-3.7728980489710007,2.785713068856457,-4.30360193820834,0.9867162017335696,-0.14407173827867784,-1.2096095422954105,0.6261366516146785,-0.029700692467305556,1.2022593725011976,-1.97035291083917,-1.7286309962999222
-5.309509230301827,1.0589899862375765,-2.2441366461785335,1.6840639971729257,0.485134072977752,0.27723887762371136,1.1902362203442272,-0.8071136437206188,1.8562408806719606,-5.068569254653686,0.691562009034639,2.595567674924408,4.201437380227139,0.3260618538608111,-0.6279870379333827,1.947624790532542,2.919802969489699,-1.6927075742055284,-1.7732359853151127,-3.1373913953028474,2.881290188782678,-5.238162471497372,0.40148132603293263,2.0364413706490203,-1.0463089120271918,-0.13595406007613384,1.7433958568521544,0.17971323589095456,-1.4114980838591178,-1.8864187449677494
-3.76042522375431,-1.003130620925922,-0.41065959881230163,-0.18634394104866336,0.9312220994705599,0.0023361781870910037,1.9468287076349164,0.845629699922376,0.3057823654022064,-3.2225276210159817,1.863056029151271,1.1745094104415579,3.277952066859174,0.5786787776389609,0.7260362937928303,1.9039702496126325,1.6531748938086481,-1.4620423581969408,-1.1208596905672166,-2.523788224719166,1.3909547759053418,-4.6391081505676866,-1.9071020820173048,2.848746339573614,0.7291212903549223,0.35851598538601437,1.9152582513770073,-0.1903191223916813,-1.135160742227995,-1.2216878177731845
-2.8664640546309306,-0.9002874344803613,1.49617403493319,-1.0927334241985094,-0.027908112890030534,0.5831392191064664,2.442808916161789,0.7016147779248689,-0.4627581055576525,-3.1983329141045678,2.257760486902867,1.447496695941539,3.005845956920259,-0.5135153487543842,1.7006763582742446,2.0982975253028004,0.1000269242672817,0.4341737153161114,-1.303783428894418,-2.234814104280284,-0.4399099342381406,-2.895847099744287,-3.399171281037791,2.318014693195494,0.5086428777092171,-0.2445237974726485,-0.073059012481961,0.29735338843455034,0.2845105815911062,-1.5004357764490557
-2.7407457756231826,-0.06361622732939573,-0.2611716029915615,-1.8156903301173737,-0.8110579372160471,0.842471097070885,1.8823565272775578,-0.7532155109621002,0.06266579750985878,-5.929652186747464,1.3903203388163585,1.6521841073989973,3.810452962509985,-1.253299279353946,0.7446165023881297,4.278196074614749,0.9620589495254257,0.24049765177377447,-1.5628275345377403,-2.260357243418869,0.7406789260180888,-0.00781642241256611,-2.5187794763176368,0.3144386622487315,-0.10873369523746568,-0.21129456635481608,-0.48227505245401525,2.387837610999001,1.1875980396539396,-1.728583958408113
-2.6048438796200246,1.5043534004916965,-1.5566716417946451,-0.6199663016059472,-0.9798512502472904,0.25317733006685383,1.780880206199374,-1.2257585407135438,0.8652802776135964,-6.219809073848208,1.4685306832318616,2.712127413300108,2.534214881276662,-0.8242444790220131,-2.211022797835811,4.472534868448228,2.4371383119086945,-0.5114733809061478,-1.5404447086956523,-2.5317734782088137,2.2490028294968756,-0.442565845068509,-0.44561078117253256,0.20023265023948222,-2.3496000988943067,0.05495489843854129,0.7520073172900748,2.9320906825678654,-1.1155806407535274,-2.5369770263868476
-2.487607662488762,2.296192178118888,-1.8716022806085892,0.3425096931303572,0.5589132687753781,-0.0729380024693822,1.8295582387843834,-0.7062402060815269,0.12615707665612252,-4.420461622196348,3.5625422433774037,2.299815614688474,1.7565125198341538,-0.9484621068312316,-2.650743733603013,2.937062578695753,3.9834011658938473,-1.0287915310883875,-1.8481761660372977,-2.7787003367622303,2.646919505310795,-2.4833066268080777,0.12076303337960881,1.3811059777218573,-2.8754138354119414,-1.0423379011540106,1.853137416075847,2.053925285431165,-3.4168085624810103,-2.624232877888294
-2.525320003052201,1.8610752392915613,-0.7100952995982757,0.25823792094747233,2.910512655901064,0.8319613544945936,2.5201079016196335,1.52005016000619,-0.32379402010807046,-1.6376732392407842,3.778085799814049,0.6228492599041109,1.1971830816879634,-0.22386778531040724,-1.3221656498108638,0.9211287329203796,4.007042539320364,-1.8448485169361954,-1.8458515490336234,-2.0483775349493354,2.500592683918447,-3.760876149607898,-0.6532999844291586,2.894673340179744,-0.9804602187199652,-0.702595344080807,2.465448677228046,0.6466636965972151,-2.892243780691926,-1.742558245624313
-2.7656085281031855,0.3078053728927116,0.7742348529524277,-1.805584759229646,3.2620395562727307,1.0721829332314874,3.2834005190321878,2.2509130291773434,0.5509999118391226,-0.7889816271171702,2.8736707275621542,-0.8217453826462748,0.5859807448832133,1.1503897185190606,-0.8284237545801905,-1.2763831465755333,2.3247161703990207,-0.5044663946604918,-2.2481512418180047,-0.8951744476142705,2.067102004186353,-1.6282822497165892,-2.0159776700583487,3.4695461590649885,1.6385730868278856,-0.4919202768555502,0.8511147639775124,-1.2773821207628662,-1.2635231062593983,-1.879737676066641
-1.3306916883643292,0.4764492144054857,1.3833696158359556,-2.4529240197961237,2.1617290792094583,1.7076280910396944,2.7095748627767566,1.3614261542214348,0.44433882995132595,-1.8399855457049616,2.8859170519932986,-0.3606758953945235,0.006732772367525619,0.8253063763196307,-1.5378020829238666,-1.0152636829567745,2.476093659425223,0.23884031998292132,-1.9747845938387298,-0.9548762546957066,1.9517435411027346,0.09150245548625513,-2.3424392000561784,2.839420146463358,0.8079877340154333,0.04003278875984767,-0.6703441319412443,-1.868941763480521,0.24956701318255253,-1.5004437737380074
-1.219566170610011,-0.10487824014384911,1.0861829182532428,-3.142210097954968,1.6194287686670314,1.63889274292256,1.2371344617444917,0.8151566194067834,-0.9620407372465016,-2.2398594339230327,3.5048540659912515,0.12882564062236354,0.38153606648810023,0.4100546138634241,-1.3333740230700266,0.07165931298181955,2.952548787644111,0.20140533663484284,-0.8895491922953646,-1.1773946000863944,2.03783593246808,-0.8135927525019809,-1.4775354627680444,2.096489662175084,0.015375647505465495,-0.27517117457355245,-0.041104499425576285,-0.9338809271880526,-0.7899582080538305,-0.4102428222249659
-1.4338202719553248,-0.6272828420462815,1.2392925642115609,-3.4477552515490872,0.42994413915629065,1.319958755500355,1.702803384153631,0.9598247600039935,-0.7397207325099003,-3.2582270132778186,3.0753177991626637,0.5902540308877144,1.331420386006073,-0.545752527207377,0.18437262101109278,2.2993776307879545,3.0434376643082444,1.105834858685334,-1.9701496196536588,-1.5237983513685036,1.780873316387166,-0.8204810872703218,-1.3925609048437355,1.4051035065891317,1.4128833155409288,-0.3061392996864387,-0.22621684518730137,0.5487576601777409,-2.8799332030593483e-05,0.47374201555185425
-2.095635155113856,-0.5184827805971344,0.12426929184849209,-3.6045629729366864,-0.7240882651910191,0.7625761925223214,2.1636724856572527,0.598876688590281,0.17360895281829436,-5.306056774421904,2.2853050655048994,1.999148655956147,1.868011132719812,-0.7164388728831139,-1.1765563487829473,4.016631195249304,3.342749394790436,0.9555131707231472,-2.143874461556591,-1.9012303395013355,1.2938614347732578,-0.4521839398331934,-0.6280323409496202,1.0280892691890218,1.0041016491745276,-0.310172785468662,0.06045804963374046,1.4438851863084283,0.523170956730045,0.43569115049035295
-2.320838807524271,1.6489536791980757,-0.6324099203628244,-1.938924733477335,-1.131081707751937,0.7042320445826278,2.458364720826352,0.8557558983543249,0.5828063746539591,-5.864827792243891,2.2563029348951025,3.2295950269040015,2.0098068283321893,-0.5556217341237993,-2.7316109719953774,4.33395154875698,4.484334568434242,0.9667343769809627,-0.9852013208120857,-2.5566011255440633,2.2229545894368523,-1.6282156532894703,0.5743155557839557,1.6245050255597633,0.38499113783511896,-0.8732399714053695,0.7134899224560869,2.735029985493786,-0.8515755014522068,0.0477919090086123
-3.1696735702345187,2.2304801410293615,-1.1431057501728736,-1.4545287000051654,0.7152445637134096,0.9985910809647022,2.7383474297691484,1.425759742670547,0.1679646329698728,-3.4746000160887087,3.5542077209251306,2.8324712649055246,0.8982917743820801,-0.8385988998513078,-1.6094672543999347,3.3189848404116793,5.3043682453022605,0.45017498371878883,-0.2807807850815053,-3.0289897022224994,1.18827064818321,-3.919183223863735,0.16716491032962555,1.576467364390496,-0.15568531221093385,-1.502555706575297,2.447130713555785,2.142137149900647,-2.8673162154574747,-0.8039174944199751
-3.1163067244981284,0.9075932998815949,-0.8238432149021832,-2.038643598119437,1.4833184412866762,0.9398697851201746,2.0186602618609624,1.694095063831174,-1.4544261228815387,-1.9758603632664264,3.4341918963950024,0.8971249210950438,0.9186902230904217,0.2771858454862149,-0.6569234017796872,1.4030729601438554,4.23460355725265,0.8879570981092749,-0.8545424092566485,-2.324755260559711,2.003154131310471,-2.9057859928531937,-1.7790157591231486,2.8294291720810985,1.936392931969588,-1.6034640799116733,2.539400813340188,1.2565898609465098,-1.5396574127377474,-0.09457446339252507
-2.1313974010046173,0.2602615481694069,-0.3125926242834693,-2.4263675250410808,1.5127996119964147,0.6372041603251191,1.8119187608887197,1.274099162176857,-1.4800251103951185,-0.40970677166799185,2.4654850827076578,-0.1181626645515993,0.50491712395617,0.6589352828814776,-0.5253715384310127,0.9702234076693164,3.077423817078669,1.7008151817895802,-1.0533340085713185,-1.4101551906631637,1.405082983174156,-2.0379521935983673,-3.498273083809111,3.2704146798031326,3.223591635309426,-0.9742517468357648,1.8689517932372426,1.1982492316227664,-0.17039934097013387,-0.0672508830960743
-1.516966633169548,1.2252640012522193,0.622079753665507,-1.2360231725332662,0.7320442099394924,0.877355733682302,1.9900508284464746,0.21611131675088496,-1.5325946097640675,-0.15469320969623823,1.7719119464656252,-1.2017039338429454,0.5226883703961067,0.15865280171278032,0.15999623646702343,-0.010028464972716616,2.2335370717344443,1.504163987836238,-2.7249405607339603,-1.0601217213312801,1.4123879619746118,-1.489420418591456,-4.595455979506258,3.314305633508741,3.5489261066825084,1.8574989913834945,0.6572238942080543,1.1932964872102367,1.2778929488403126,-1.1442639169372506
-1.6267504628375198,1.57501362372407,0.9102811607867439,-1.0646969851152353,-0.9312689333488062,0.7592173100845208,2.5774796305160024,-1.1675697257281417,-2.060496007003257,-0.7993376659106004,0.9221609112215946,-1.3380226495011036,0.874466998870195,0.299220651873242,0.8054280695759533,-0.9845178895778945,0.5863405801204375,0.8194804305057063,-2.555394873492786,-1.0613898458127144,1.5580323840145363,-1.553635263028799,-3.9468405892757326,3.228878761368658,1.9261284116882995,3.9497532487883342,-0.17102241205903118,1.151285722148485,1.7293176370716166,-2.752138241935567
-0.8927791827673999,-1.4092721034124869,0.6073230046433457,-1.9964368020646883,-3.161620034663257,0.3200911194977871,1.9957190419116357,-1.0441035816617545,-3.5124643768215384,-1.615866094572206,1.5497575784586568,-0.019773514818306692,0.45406052912738404,0.8483794760710962,0.7695089708520086,0.7317680242574446,0.11518684299507621,-0.006906690490180667,-1.4735224093156134,-0.4281597208306639,2.0974444835206723,-1.5445280044033431,-2.907836627490435,2.8357533108650177,-0.047541314261782056,3.5736957062291537,0.03211693159994815,0.4201261950106504,1.8275371663779074,-1.7316985733497692
-0.1902982082424145,-1.8586461781018795,1.7714930281336843,-1.2968864560672966,-3.1733113025098016,0.020775700601630948,2.523175810713786,-0.9420725568543733,-4.110959339414942,-1.6609270385870265,2.0671922765270394,1.007205524540988,0.7873282389086065,0.6286906115514352,1.4954187403101484,1.7877389416803364,1.3147622526954819,-0.038307812330634836,-0.25850955187294256,-1.4784707687375689,0.19510995393357533,-2.8497959429240702,-2.556840962003035,2.6553888102580054,-0.860832834121273,3.0403344185408363,-0.05080207465832848,1.0885372292108733,1.3772191655492432,-1.1490354153162836
-0.7538161116846398,-1.7758517163850474,3.1379083288776344,0.3295682326539835,-3.1507081634965304,0.8870888618147171,2.8141527658376044,-1.5594139224403007,-3.212400771711856,-0.712755878001128,1.0348155546744824,2.25871815340472,1.3968986044601968,0.22864498154930407,2.1378514610166044,1.571873951112022,1.9820082906661767,1.8583005092251195,-0.8040392141433174,-1.9030613569223147,-1.124036030857507,-3.768205819560449,-3.3067554378621296,2.540308539509682,-1.229650700739607,1.996772027158069,-1.756200087488494,1.7417623134215419,1.0500310815823373,-1.6531357218083234
-1.887204232825861,-2.5976929153207577,1.0766996985570687,0.26334392483775126,-4.257866270095211,0.9202129678833378,3.559718382214632,-2.2635798987438727,-3.740916245283522,-1.7536050105228624,-0.06531140118852441,2.950954914158345,2.1455591724427174,0.2025066542139111,1.8382098013757988,1.5163794068908854,1.3279402352930447,1.5585742288012434,-1.2919161857487405,-1.3921720547462382,-1.0336298984342605,-3.49517614894821,-3.6450438689671723,2.11998751895099,-0.5161313189769589,1.2931691525991418,-2.9861062916634964,1.3175075664123987,0.9017681573865222,-1.3773249869423214
-1.9100193067293088,-3.6471410626805305,0.2683370405023555,0.58311860316675,-4.8161497380473985,1.0691478674739698,3.2678321230469867,-2.462017582402999,-3.0050963376978843,-2.3706924155349776,-0.33596397314733023,3.4139579955187016,1.9284242053865195,0.687911755440215,1.034402914295666,2.426365869400205,1.2458656137842015,1.268020356356148,-0.4152666858407249,-2.0634652085075413,-0.9881196121456418,-2.989647638829377,-3.9588754856103785,1.8024082028853199,1.0824982298437713,0.798129060817135,-2.474808229110055,1.0511600223529567,1.2209253764675512,-1.387002156570092
-2.00022570852655,-3.2733221409018483,0.10539070088395619,1.0041975992732186,-5.56317778283408,1.5335636138684068,2.4505699037271214,-2.355927248122432,-3.4724345666517076,-3.551162723821622,-0.4968341121622171,3.9657413901526395,2.4775995412220313,0.8947980946556199,0.20214097599326208,3.2017075866207714,0.3545223926572877,1.0351585091338522,-0.017735002814659784,-2.372224855482368,-1.427167865084835,-2.3770237646840116,-3.24174791676304,0.35517515825134394,1.3746825001909353,0.25338933622899296,-1.2745364454257289,1.4747364562154262,1.0663198600195476,-1.254733124238138
-2.2491659758987814,-2.388463657890403,-0.5562916113937798,1.4139899078550542,-4.804776300042132,2.4095260365144626,1.6557679796857383,-2.7163250926013536,-2.645547405055222,-3.625931388433747,-0.7741585071180198,4.368412555181369,2.0898429291748783,0.6201711243652216,-0.068838872726116,4.452420553593851,0.6861447696157694,0.9440527552989464,1.00783671195727,-2.4446196956285835,-2.7670570713299494,-2.329432354086695,-3.4029083916396283,-0.1371019478897235,1.9242922115926118,0.10042372603231309,0.5314776003082238,2.23779505068937,0.8405439751234038,-0.37409872451311077
-2.7218656572100626,-1.666258153910036,-0.9634791774447702,1.6635903496399027,-4.219246405429156,2.685618245511868,0.8380911251422227,-2.149206541057654,-2.0287590467706753,-2.4739219115327633,-1.2231425032137104,3.659671070619508,1.0364988000875281,-0.07153923069569686,0.31661452646794364,4.445057628528766,1.1647438458966857,0.33813090369304366,0.9643220728008693,-2.2864920642634274,-3.204320497168139,-1.9839448217944844,-3.282181947050539,-0.9564809503666187,2.299791547243293,0.1052357835539969,1.3902191302091322,2.893138837700894,-0.005466363262457752,-0.08555998281008129
-2.6765952521499834,-1.4262629123791326,-2.256032554697645,2.7107705771447432,-4.693583579074786,2.0868004655667485,0.4744214750659535,-1.9274790458316649,-2.258439409470068,-2.377728510232596,-1.303363106816957,2.5054050372668626,-0.1903640602127688,-0.4683769655279337,0.2905360568168658,3.742919147379273,0.35391701894340566,-0.7744412171047216,0.4863125589386702,-1.9267579823449952,-2.7006514415403573,-1.8857726562715276,-3.5492223363603475,-1.2586912076423662,2.370926609541286,-0.3718850838606138,1.9871398719643314,2.397142744026419,-0.4405989202705033,-0.3306661359193339
-2.379292545629113,-1.1606904330758259,-1.2107624838016189,2.942800977839093,-4.5541390025735975,0.48984190295695307,0.0624884869923677,0.30232278475595964,-2.596426967837655,-1.9155356743586465,-0.379495258586964,1.5344724036691972,-1.918165198040887,-0.8009996144306959,0.23028565075067164,2.144806103090554,-0.12406600117407413,-1.2828043341717923,0.32989102831815686,-1.517504820967889,-2.8073108279206997,-2.1222436590747025,-4.037087246766259,-1.561347162009278,2.2321828964945496,0.09666382512190481,3.6466150120183043,2.349288101664798,-0.6036172448969601,0.6448739930262044
-1.6795309629984865,-0.849771804876113,1.152324927701852,3.0777454645409787,-4.156587700566897,-0.48296605268416914,0.6341778402140099,1.8630158398977654,-1.5416799395085792,-2.2102863594325703,0.4771274214396408,0.6064266407051078,-2.2697370059913284,-2.52072281099509,-0.0024211328491541284,0.1425294817357891,-0.5158031266702484,-0.773358736736994,0.10071654042732363,-1.6937779686764172,-2.3623196416017898,-2.507261198154039,-4.827387931606745,-1.7884752415576435,0.8691817355701505,0.42822068925257784,2.2871926593372542,2.045687689518989,-0.3554770722181306,0.7969243243625683
-1.4239210764852523,0.7848600917866942,2.1864610811177645,2.094641935188023,-5.226544817500903,-1.0121863707091399,1.9315641940926145,2.199121443644043,-0.9871175235354478,-3.241973883160066,0.3181452817715994,-0.09816119265006176,-1.2658840898317032,-3.9316695047589207,-0.38842146391183674,-0.3363030307681196,-0.8481390493770329,-0.4967717421083163,-2.6461154174072474,-0.5838346887013133,-1.5156243229218411,-1.3109079540691584,-3.627564454331573,-2.0333516900675015,-0.06551160797214761,0.9137601196600138,0.12527288429143946,1.8651196122081077,0.597496387046305,1.6765646162161294
-1.3706213098371482,2.847030418011019,1.2722067643544694,3.000187272163787,-4.676528234510295,0.49117601915262643,1.6880545565561296,1.8921429335711017,-1.331294262661122,-4.572800909419976,-0.8100450005633782,-0.07045093328207866,-0.9159487957494303,-4.3806438030468815,-2.3950095791210697,-0.6292915570956485,-0.7972468784679874,-0.7862167055655646,-4.74346009112279,-0.6744985593112502,0.9952059687853976,-0.1279571282771622,-0.6235220003471367,-0.8103593619811491,-1.2800835399191008,0.18028533728790896,-2.053569017888692,0.8090017016677544,1.4506652003397371,0.53027493498552
-1.3630873604808604,3.100163434206254,-0.5624807274116801,3.5253829046581657,-1.5826494140597294,2.9746987472736732,0.8495471016552523,0.7789146301096973,-0.6735050472522843,-2.913945372970061,-0.25536696764980493,0.8311067422076145,-1.6434201612041335,-3.518858585262725,-3.3985824759593326,-1.7761814945394714,-1.2330011390926967,-1.4163017208957143,-3.9227223982767416,-0.8502963708159361,2.720371567817927,-1.0390473682000454,1.209104676586489,1.9249651258818687,-2.1601061572199067,-0.8708806981671267,-1.3494888447200344,0.5520509044346362,0.953691850256005,-1.050689816025129
-1.4821899367324316,1.9548408229267331,-0.7335041972197345,2.468643673930882,1.5792836610700511,3.448568082086384,1.120976767987953,1.3199074277953802,-1.3338953313779176,-1.7993447139296914,-0.10388625565698045,0.5683187101423601,-1.894498475691907,-2.8433820400030765,-3.366428199823179,-2.62809662563746,-1.4161039217095839,-2.4831868313296552,-2.0529234699203314,-1.2558513446273882,1.964291681216586,-1.3168809188727832,1.7093420929777383,2.931820503503192,-2.5688506987098325,-1.9819253052992063,0.7445970732274131,-0.46547134773745635,-0.034956302581696574,-1.0337379500231052
-1.3243748153196315,-0.3856670555741166,-0.46054891435319556,0.9308145022615641,3.0534278592744966,2.679370760724635,2.1616986469942137,1.8902868871823442,-2.279064239578983,-0.7207924000677726,0.9520266308853432,-0.5616984755307969,-0.9376329286296823,-3.051964154483694,-2.93512427113014,-2.5862388149756432,-0.7994916623892467,-2.9049770610546,1.4822927302205513,-0.7728213010534972,0.42479930572297014,-0.8594752423742935,0.7862289210585928,2.504293218467555,-0.9902878006996688,-2.627523075065031,2.2055355078762444,-1.5203993024517355,-0.1978842563578003,-0.0539452017478988
-1.1678387038047655,-1.5171060334048914,0.45018135857907887,-0.2623483002903081,2.8725811574849818,2.856472027257138,2.930528091009521,1.618776351066845,-1.0520203764156588,0.500233597263443,0.5342994437703397,-1.7326771525209153,-1.4346979206932238,-3.7068307889222867,-2.781479135780854,-2.182242376762872,-0.6507696718899826,-2.1404045882964287,1.5051468669877284,-0.3134672290732069,-0.8084308914851898,0.3003122121353532,0.1271801438434115,1.6703362561093047,0.1269907757643839,-1.307629879646455,2.003645867064857,-1.5762938534047768,0.6237393353585401,0.80458674951945
-0.7224755807802646,-1.869562210716468,0.6173384023133736,-0.4172082781960483,2.157477842899434,2.791037457722438,3.3518935653134077,0.6613431639665066,-0.8915426179938096,0.03208011698171609,-0.5026582083240779,-1.8681181418768236,-1.9711497215278049,-3.8472831820210316,-3.376554067894166,-2.007237221818668,-0.5091698490505889,-2.5470743157536795,0.7341336308080737,-0.3634482620311748,0.16771406548186957,1.4557460496355445,0.5014740422544125,1.3556506262573502,0.25446020248238005,-0.3162370688787324,0.5315716877012915,-2.3650414191084708,1.2328172589491644,0.26352257441196425
-0.6291108056096717,-2.2193817364031867,0.7501234656786445,-0.2073426939759789,2.0046581388922604,2.8642542879449224,3.2433226115634413,0.7113859198772662,-1.3984090183147957,0.13500236403382085,0.08014297486218153,-1.8110781086083607,-1.648526405948338,-4.155788354949518,-2.6185897854625675,-2.5435463721151406,0.4100584056655481,-2.8060368670675846,1.1377714976556592,-0.1625962076287507,0.03903634243545007,2.0796268061924987,1.473279051863536,1.2638414996352254,-0.8463300683783752,-0.7899996412234893,0.21265273262252543,-2.95932216941244,0.9311116104724756,0.2641339637772534
-0.910455888904936,-3.2104767821068934,0.16964682115676555,-0.6423617604672271,0.6331715750128749,3.193453763405062,2.6057215715783397,0.44639366075514564,-1.283050838974412,-0.4414434481702389,0.04569537366076715,-1.9210444456540476,-1.5036285878800806,-3.325590794480105,-2.474648623667365,-1.7070584660751382,-0.36025739649809924,-2.1057747873033175,0.5047152336881382,0.025295385937139092,-0.6217856054509345,2.7842935518979366,1.3978954607694514,0.9094142182092511,-0.8353962513684523,-1.3051540963591153,-0.6438096829891621,-2.888386509503881,1.0126955793245276,0.1107646293991129
-0.5022424615203916,-2.6227089021514436,-1.171798294854016,-0.09169913358833148,-0.597993463328494,2.971709596997718,1.5412158376798106,1.0328354016451016,-2.405790616208174,-1.0218575142543127,1.3131560334472792,-1.503474120702626,-2.453220450617284,-2.227999794949138,-2.5541482287348862,-0.3967614565699478,0.04200220941774338,-2.1817907274520696,1.4565980747748801,0.4862959758626589,0.6000798861152713,2.201097568368583,2.6160006578095576,0.4535077251659739,-1.642241003146818,-1.4321430402219328,0.0300785011044557,-2.835025972779982,0.5133723691859188,0.383354060402171
0.4530452906383078,-2.6194368679029245,-0.7487826876797619,-0.38151587412202126,0.9595280091270151,2.570064742355071,0.5280148335995846,2.446837228947488,-2.7487509857746497,0.4075785941213972,3.0325822204059136,-1.9359505255448397,-3.155149632001817,-1.580185172108882,-2.1038841919854003,0.010254942324962879,0.1880854071060631,-1.4101713203703707,2.866078400023543,-0.023464536058262014,-0.5415522111913349,0.02779424874728295,1.118272123891446,0.3297375366006787,-0.4269034054142879,-1.246706202008172,2.027702705250936,-1.6373918383713038,-0.019615116510850406,1.100979545401625
-0.011386962608251672,-2.9441208913538635,-0.8623374312468222,-1.2744313379878378,1.5999663550409973,2.89632334119731,1.4408104371870767,2.00466636091028,-2.0681392628698796,1.0483901348176052,2.266216551057908,-3.4138913730958915,-3.8188970266897466,-0.837120757687756,-1.2723491469650692,-0.2616531658135087,-0.4662621320418365,-0.004628936716322085,1.6045603609838575,0.04123146626691436,-0.9402918432533196,0.04176742861121667,-1.196026290943962,-0.2731633553270644,2.500106780663077,0.17323242262919122,0.850835296202567,-1.4270433275677075,0.7090019699413735,1.6096704190272144
-0.3885581826389578,-1.8669295139286082,-0.689283626288684,-2.4192419404624737,0.6969712308621717,2.207267040321949,2.0642535851943205,1.6496771640219157,-1.2159693580652489,0.3189771603227338,1.6067565866258102,-3.342903748627265,-3.6986902843700427,-0.47875330787049847,-0.7859506648749227,-0.26796184671951323,-1.1014875448616654,1.6657213535649813,0.0054506264349999806,0.12624632514749237,0.027148455832840316,-0.6003497690572706,-1.7930043702240122,-0.9706340730733092,2.557330636000204,1.8000105237814865,0.772306243451756,-0.9808084564533035,1.53679359778463,1.723402052634779
-0.5219896326502516,-1.2573949683286456,0.16152798587670225,-2.532116739201738,-0.2810410225797694,1.3702969247031778,2.778584739803697,1.6125828352505727,-1.1462455123775206,-1.0910155744330847,1.4879487438969388,-2.226419079267905,-2.0928247941493923,-0.5092715627409161,-0.3541193838674437,-1.2604747276872192,-0.584278739467005,1.5619476442091875,-0.26594192955020424,0.33730690569441185,0.2908965197927257,-1.4287575920449338,-1.2847131496059991,-0.6499029150069341,1.7072024123516805,3.9017919383912907,1.3844707877760711,-0.5840145321774648,2.8032885787898056,1.8006303941459707
-0.33956920960365766,-1.7632551304025172,1.3929745706801266,-2.1147879824491627,-2.0389937631011894,1.509293524307564,3.4981936776603253,0.972563319097607,-0.5107080959475312,-2.2703153220993246,1.3849747742023684,-0.8446625752178805,-0.16238809735833404,-1.1938740650298814,0.6013020670223089,-0.6123572351532115,-0.5314181292812703,1.2095375129808086,0.3602794037388064,-0.4670044176129041,-0.12066633557443496,-2.0243176913072305,-0.8367988984335265,-0.012689882923564245,0.18457209331403454,5.120414905781031,0.6278618367259264,0.07567482257299143,2.971633466474319,1.2313791648502852
-0.11324737961067177,-1.7199705211605827,2.9363017774028277,-1.0472003579832911,-2.6465887580948144,1.859156652626118,3.615697230895221,0.007453836599649932,-1.6405825793408197,-4.658655852383523,1.7575507818658496,1.6926017268912685,2.1637863599550298,-1.155705132072076,1.9230821722951468,1.1083966235072011,-0.04906800312052467,2.246774497259754,1.5563050552381388,-2.18282242384576,-0.9279711345090715,-2.394727444554829,0.36843879588599926,0.29176275182541134,-0.8116672376781155,3.5315209025700733,-1.6440452228424078,2.2363249040131707,3.588478750577412,0.6189536029557152
-0.8742218433255429,-2.1140815816903,1.3777692885388535,-0.2905843027460881,-4.040943354633963,2.2733866640445215,2.7083662754801643,-2.058673436334047,-2.474830391015566,-5.282236339197628,0.1722306558502914,3.7988571739129644,3.624692308404685,-0.9173510252450533,2.8191268158331777,3.253646190712807,1.5416043182577195,2.5948601645128475,1.8148394426821581,-2.830788188685656,-1.1167683958833088,-2.7333022004236867,0.28258238202964103,0.3174303278774572,-0.26802961368181044,2.2816381117160924,-2.3218816896544903,3.2625828125168423,3.372649150939284,0.619400635646232
-1.585207660996083,-1.6337502231667487,0.16601443528716997,0.5951784368077778,-4.432572183087843,2.1827196700296865,2.1531232248258627,-3.370617803490778,-3.006737606928691,-4.570637449901378,-0.7622770400250617,4.571851238681896,4.017503262750225,-0.7650061072990585,2.832204847248954,4.708537582826222,2.0443652777436396,1.8825054485122275,1.9549404499647696,-3.9975257438694776,-2.546122385659069,-3.800822238496223,-0.31044374043362954,-0.017951604949892175,0.5862091051102538,1.5784960366728105,-1.5369280543152253,3.6470009769165967,2.3571938918084685,-0.35610328233178723
-2.962672773629899,-1.507471578430354,-1.4727272024969673,1.8920042348741872,-5.0629829660622105,2.7992766725705085,1.2197750265315355,-3.386198927723165,-2.7611759206390567,-3.2638828709878878,-2.0861706932858546,4.462260773864483,2.5644575575810578,-0.023742954540472594,2.526862015482717,4.581703378723572,1.7403260702917722,1.1783428890429553,1.256349229759427,-3.7902496766799723,-2.6991858445966543,-3.8441327038180555,-0.6680765319195432,0.19297799097510449,0.8831754857792172,0.695071480426823,-0.8558810895090989,3.5262136387358174,0.9303757390369259,-0.7732818822352069
-3.196048498344104,-1.6427786024135445,-1.6145736217701923,2.477271271762682,-5.223203679689236,1.892124293521634,0.6412927776858581,-3.473062338301987,-3.3283946648063027,-1.7386807738222754,-2.1813246507261836,3.869478068842446,1.253448152885575,0.4539879190846654,1.0445894475683946,4.550918691910548,1.0973445095552008,0.1380217786747581,1.2168248321138189,-3.0924614354377717,-3.072433322129406,-3.198248172403394,-2.491138094554209,0.01646104828973996,1.3349479169490328,0.25868968224265415,0.19488106051283688,3.069666811544137,-0.7961049328204466,-0.8285251495647309
-3.157435173051662,-1.2394757026395595,-1.2830033974210953,2.671371234822988,-5.028610793686987,1.0273045228710553,0.0445842418664939,-2.180098357879312,-3.5601580969521853,-1.0415968160541287,-1.6525606185601882,2.9183250542813264,-0.19297677772752553,0.7802054763009809,0.31691026208931605,3.3923632967502577,1.0814998245327396,-0.6103820410616929,0.5684751004896724,-1.772239073224764,-2.3906587157629295,-2.2485295444238447,-3.7055410405679012,-0.0846243001765023,1.7424331229469079,0.04240387846247676,1.4645083928303113,2.4356339192573437,-1.8070974652986207,-0.2179592755998749
-2.002552351967264,0.03427250388664127,0.44443041475735645,3.0602721278582816,-3.8354176071663018,0.43805888133347265,0.4019633978624447,-0.9150476775090614,-3.2040032350510166,-0.8836956979676,-1.185720859696184,2.2171361203089432,-1.4604750344353894,0.19643175650140227,-0.1424932567515465,2.647877840371545,0.5055918667119339,-1.305475050726087,0.09641604688028538,-0.7363603698427975,-2.462733329028066,-1.952550544950323,-4.715211326528189,-0.36397215748321066,1.6693813515311602,0.2498170426347778,1.5709861482006267,2.07291170744325,-1.5449229066567831,-0.4924654921001328
-1.6670055661758008,-0.32417745328277214,0.47130544355325077,3.1640973164452566,-3.2000639638868686,-0.3941189983873126,0.12158832614198578,-1.0023380601833356,-2.7954634936848657,-0.7775381270960231,-0.777378336080593,1.2989478792104507,-2.7793799270696167,0.5446801934107526,-0.16276374780739294,0.6021557265360253,0.5692173591704085,-1.71367583220912,0.7051309467660478,0.24013955643188672,-1.818025178334121,-1.6189331676778163,-5.0532394943503505,-0.6695117294798194,2.149513473630425,0.11198172474043089,1.3042326841125442,1.6122947388882873,-0.9474871560923581,-0.4985372602609621
-4.1830950499735495,-0.9335452200181379,-1.9067667697375479,-1.949156576850392,-4.4716655547301665,0.30882393924377816,2.4653267675500725,-1.9940966141899716,-1.0944064248389922,7.082441671626848,1.753054825367674,3.801647739976522,-3.5206838470013313,-4.739623188714644,-5.967932380842751,-3.916166752288692,1.3223715944397605,0.20263541139837682,1.2841086383152798,7.062168638231511,-1.5734149878596058,-1.3287363311198899,-6.447431738229918,-4.343808298598197,1.6303456624499577,0.06928890772809204,3.7997507005129862,3.148342811203973,-0.7862203515837853,-0.8813274302808634
