-1.4869013041557733,-0.7359372751607838,-0.7255996082834705,-2.1563279415236476,0.25421043581697383,-4.0108934681714326,-0.8499065385443944,-0.945503276280626,-0.7819189299710907,0.3029965281642067,-0.5687315702832786,-0.20554894058278236,-0.22366998576335975,-2.7013734503280578,-1.4896074794137852,-1.7883086391228877,0.4751473911666952,-0.6218413197666895,-0.8455754197946912,-0.9017903854026651,0.4849328791429217,-2.5776148372580883,-4.263033259216424,-2.1380317401747475,0.8464987024472307,-0.43225432969757344,-6.3484669515881755,-2.6453960625660993,-3.7210480656471354,-2.8911745879121344,-5.021793148789165,-2.2979912045459514,-0.5259080137976465,-2.516326430588482,-2.793951821210229,-2.3942423385158658,-2.2871130643420856,-0.002500475245844922,-1.8042138782867378,-2.9668456439996325,-0.8182729683952117,-3.32334644268311,-2.262038646595474,0.17157264691670904,-3.315542787697751,-0.3731805365657824
-1.4869013041557733,-0.7359372751607838,-0.7255996082834705,-2.1563279415236476,0.25421043581697383,-4.0108934681714326,-0.8499065385443944,-0.945503276280626,-0.7819189299710907,0.3029965281642067,-0.5687315702832786,-0.20554894058278236,-0.22366998576335975,-2.7013734503280578,-1.4896074794137852,-1.7883086391228877,0.4751473911666952,-0.6218413197666895,-0.8455754197946912,-0.9017903854026651,0.4849328791429217,-2.5776148372580883,-4.263033259216424,-2.1380317401747475,0.8464987024472307,-0.43225432969757344,-6.3484669515881755,-2.6453960625660993,-3.7210480656471354,-2.8911745879121344,-5.021793148789165,-2.2979912045459514,-0.5259080137976465,-2.516326430588482,-2.793951821210229,-2.3942423385158658,-2.2871130643420856,-0.002500475245844922,-1.8042138782867378,-2.9668456439996325,-0.8182729683952117,-3.32334644268311,-2.262038646595474,0.17157264691670904,-3.315542787697751,-0.3731805365657824
-1.4869013041557733,-0.7359372751607838,-0.7255996082834705,-2.1563279415236476,0.25421043581697383,-4.0108934681714326,-0.8499065385443944,-0.945503276280626,-0.7819189299710907,0.3029965281642067,-0.5687315702832786,-0.20554894058278236,-0.22366998576335975,-2.7013734503280578,-1.4896074794137852,-1.7883086391228877,0.4751473911666952,-0.6218413197666895,-0.8455754197946912,-0.9017903854026651,0.4849328791429217,-2.5776148372580883,-4.263033259216424,-2.1380317401747475,0.8464987024472307,-0.43225432969757344,-6.3484669515881755,-2.6453960625660993,-3.7210480656471354,-2.8911745879121344,-5.021793148789165,-2.2979912045459514,-0.5259080137976465,-2.516326430588482,-2.793951821210229,-2.3942423385158658,-2.2871130643420856,-0.002500475245844922,-1.8042138782867378,-2.9668456439996325,-0.8182729683952117,-3.32334644268311,-2.262038646595474,0.17157264691670904,-3.315542787697751,-0.3731805365657824
-1.4869013041557733,-0.7359372751607838,-0.7255996082834705,-2.1563279415236476,0.25421043581697383,-4.0108934681714326,-0.8499065385443944,-0.945503276280626,-0.7819189299710907,0.3029965281642067,-0.5687315702832786,-0.20554894058278236,-0.22366998576335975,-2.7013734503280578,-1.4896074794137852,-1.7883086391228877,0.4751473911666952,-0.6218413197666895,-0.8455754197946912,-0.9017903854026651,0.4849328791429217,-2.5776148372580883,-4.263033259216424,-2.1380317401747475,0.8464987024472307,-0.43225432969757344,-6.3484669515881755,-2.6453960625660993,-3.7210480656471354,-2.8911745879121344,-5.021793148789165,-2.2979912045459514,-0.5259080137976465,-2.516326430588482,-2.793951821210229,-2.3942423385158658,-2.2871130643420856,-0.002500475245844922,-1.8042138782867378,-2.9668456439996325,-0.8182729683952117,-3.32334644268311,-2.262038646595474,0.17157264691670904,-3.315542787697751,-0.3731805365657824
-0.8558620602563425,-0.30684039087031445,-0.4763951297548548,-1.697512664877868,-0.13244588836014748,-3.453347955042228,0.05615339672557876,-2.372704700555098,-0.6064453878659268,-3.5340332916008164,-0.49964249818573253,-0.676223044312906,-0.5937132792595953,-1.7837852850067801,-1.1021113482710232,-0.15847172141118313,0.6594448038870079,-0.1916541098302907,-0.7144509916806108,-0.3882975497349692,0.471109487071599,-2.2380520616688213,-2.6618594694895945,-1.7018122312280834,1.0663215358429723,-0.5325257442597019,-5.472764444096702,-2.5960055442660885,-17.33179028619176,-3.7006215224091594,-3.5142551864655016,-2.2322477848276634,-0.6863901510672904,-2.89014986724535,-2.5581295004188056,0.09883097023802305,-2.6593052869014375,0.7392531180259985,-2.230909600967245,-3.835310663870152,-1.2516752364412995,-4.15789441707801,-2.1980102569026707,0.4830988415379844,-1.964356528134916,-1.0347647020809037
-0.8558620602563425,-0.30684039087031445,-0.4763951297548548,-1.697512664877868,-0.13244588836014748,-3.453347955042228,0.05615339672557876,-2.372704700555098,-0.6064453878659268,-3.5340332916008164,-0.49964249818573253,-0.676223044312906,-0.5937132792595953,-1.7837852850067801,-1.1021113482710232,-0.15847172141118313,0.6594448038870079,-0.1916541098302907,-0.7144509916806108,-0.3882975497349692,0.471109487071599,-2.2380520616688213,-2.6618594694895945,-1.7018122312280834,1.0663215358429723,-0.5325257442597019,-5.472764444096702,-2.5960055442660885,-17.33179028619176,-3.7006215224091594,-3.5142551864655016,-2.2322477848276634,-0.6863901510672904,-2.89014986724535,-2.5581295004188056,0.09883097023802305,-2.6593052869014375,0.7392531180259985,-2.230909600967245,-3.835310663870152,-1.2516752364412995,-4.15789441707801,-2.1980102569026707,0.4830988415379844,-1.964356528134916,-1.0347647020809037
-1.283205182714079,-0.3836502191783827,-0.6102645094185235,-2.1974754902867857,-0.08095251820951628,-3.698961994314218,0.3778513622746593,-3.5866414693040287,-0.8810188858542196,-3.7580221680541017,-0.34792910707597613,-0.0645495800055338,-0.7656503580736196,-3.4348571967320836,-0.7453047276873275,-0.5438344267210187,0.8793915481121691,-0.385828817401875,-0.8002545270851825,-2.1020555275110193,-0.3324647840118632,-3.0857758405312468,-8.149440003616991,-2.332041598643884,0.9871271141401726,-1.208010798220361,-5.1983100663574,-1.6669586979312288,-9.533565970098065,-2.5358654125892044,-2.4923935470698684,-3.9512292188255693,-1.2875609665608856,-2.0819932488608317,-1.249990573535314,0.041660832176741436,-2.3517701350465074,0.6151810091919718,-3.4592688747283113,-3.7118654443792303,-0.3707726674349586,-4.303176047702938,-2.0858102994427963,0.6980461759331541,-4.289393893627128,-0.655707980419338
-2.2820830090231206,-0.33969566913002686,-0.5754267931461299,-1.6569596221739564,0.37650331068480036,-3.2263369097745676,0.5946319720348473,-2.4183583194643763,-0.8442532378179425,-4.101904533598296,-0.5915078761830717,-0.07647907175514311,-0.7327811710700364,-2.998230179244388,-0.8004038763051695,-1.2187434678272673,0.4743646733474218,-0.4721708397341167,-0.8510461973163117,-1.1931993182818281,0.34947887479236794,-2.8854899249293258,-6.780370525490551,-2.2190732179386945,1.0563894662133888,-0.8391917036126062,-4.830282828597228,-2.4029867469418362,-12.246061735015928,-2.954833496800497,-3.545500981327696,-4.956037710615461,-1.032770820786778,-2.219979424259372,-2.6988391933164055,-0.6747657063163303,-4.387159075437448,0.6375528254631345,-4.854472756368382,-3.638116616631565,-0.5258395533710621,-5.138043148135138,-2.577241642382626,0.7435985382929645,-3.5495652430887907,-0.9239650262798832
-2.2820830090231206,-0.33969566913002686,-0.5754267931461299,-1.6569596221739564,0.37650331068480036,-3.2263369097745676,0.5946319720348473,-2.4183583194643763,-0.8442532378179425,-4.101904533598296,-0.5915078761830717,-0.07647907175514311,-0.7327811710700364,-2.998230179244388,-0.8004038763051695,-1.2187434678272673,0.4743646733474218,-0.4721708397341167,-0.8510461973163117,-1.1931993182818281,0.34947887479236794,-2.8854899249293258,-6.780370525490551,-2.2190732179386945,1.0563894662133888,-0.8391917036126062,-4.830282828597228,-2.4029867469418362,-12.246061735015928,-2.954833496800497,-3.545500981327696,-4.956037710615461,-1.032770820786778,-2.219979424259372,-2.6988391933164055,-0.6747657063163303,-4.387159075437448,0.6375528254631345,-4.854472756368382,-3.638116616631565,-0.5258395533710621,-5.138043148135138,-2.577241642382626,0.7435985382929645,-3.5495652430887907,-0.9239650262798832
-2.2820830090231206,-0.33969566913002686,-0.5754267931461299,-1.6569596221739564,0.37650331068480036,-3.2263369097745676,0.5946319720348473,-2.4183583194643763,-0.8442532378179425,-4.101904533598296,-0.5915078761830717,-0.07647907175514311,-0.7327811710700364,-2.998230179244388,-0.8004038763051695,-1.2187434678272673,0.4743646733474218,-0.4721708397341167,-0.8510461973163117,-1.1931993182818281,0.34947887479236794,-2.8854899249293258,-6.780370525490551,-2.2190732179386945,1.0563894662133888,-0.8391917036126062,-4.830282828597228,-2.4029867469418362,-12.246061735015928,-2.954833496800497,-3.545500981327696,-4.956037710615461,-1.032770820786778,-2.219979424259372,-2.6988391933164055,-0.6747657063163303,-4.387159075437448,0.6375528254631345,-4.854472756368382,-3.638116616631565,-0.5258395533710621,-5.138043148135138,-2.577241642382626,0.7435985382929645,-3.5495652430887907,-0.9239650262798832
-2.2820830090231206,-0.33969566913002686,-0.5754267931461299,-1.6569596221739564,0.37650331068480036,-3.2263369097745676,0.5946319720348473,-2.4183583194643763,-0.8442532378179425,-4.101904533598296,-0.5915078761830717,-0.07647907175514311,-0.7327811710700364,-2.998230179244388,-0.8004038763051695,-1.2187434678272673,0.4743646733474218,-0.4721708397341167,-0.8510461973163117,-1.1931993182818281,0.34947887479236794,-2.8854899249293258,-6.780370525490551,-2.2190732179386945,1.0563894662133888,-0.8391917036126062,-4.830282828597228,-2.4029867469418362,-12.246061735015928,-2.954833496800497,-3.545500981327696,-4.956037710615461,-1.032770820786778,-2.219979424259372,-2.6988391933164055,-0.6747657063163303,-4.387159075437448,0.6375528254631345,-4.854472756368382,-3.638116616631565,-0.5258395533710621,-5.138043148135138,-2.577241642382626,0.7435985382929645,-3.5495652430887907,-0.9239650262798832
-1.9305552562132975,-1.603290711590963,-0.4002998232171113,-1.4771020576622602,0.43906365881829135,-4.404262584845934,0.36387085635719857,-0.9789828011081099,-0.761156795877565,0.03983586368452143,-0.5322417591905544,-0.020374901978847768,-1.105460850862697,-2.3741393690474784,-0.9483100237572984,0.005847679635544309,0.6733889070222934,-0.6663714047754201,-1.5146313810531031,-2.161700556506467,0.05769909714705092,-4.635810737571878,-19.97282032669241,-1.6688687744769644,1.046036489118913,-1.371641280856124,-16.411196217149843,-2.519936484585931,-21.928723029001336,-4.566160549793589,-5.488868199917139,-4.82471800350727,-1.5522191085077033,-1.926365399968651,-1.7433788181505465,-2.281130646313199,-2.1613478621176045,0.24613233770369694,-2.927402930704286,-2.3422770863955784,-0.6472508081038327,-6.671593691933681,-2.2348032134963876,0.6388869817970093,-3.52657246698289,-0.6244182415871274
-1.9305552562132975,-1.603290711590963,-0.4002998232171113,-1.4771020576622602,0.43906365881829135,-4.404262584845934,0.36387085635719857,-0.9789828011081099,-0.761156795877565,0.03983586368452143,-0.5322417591905544,-0.020374901978847768,-1.105460850862697,-2.3741393690474784,-0.9483100237572984,0.005847679635544309,0.6733889070222934,-0.6663714047754201,-1.5146313810531031,-2.161700556506467,0.05769909714705092,-4.635810737571878,-19.97282032669241,-1.6688687744769644,1.046036489118913,-1.371641280856124,-16.411196217149843,-2.519936484585931,-21.928723029001336,-4.566160549793589,-5.488868199917139,-4.82471800350727,-1.5522191085077033,-1.926365399968651,-1.7433788181505465,-2.281130646313199,-2.1613478621176045,0.24613233770369694,-2.927402930704286,-2.3422770863955784,-0.6472508081038327,-6.671593691933681,-2.2348032134963876,0.6388869817970093,-3.52657246698289,-0.6244182415871274
-1.9305552562132975,-1.603290711590963,-0.4002998232171113,-1.4771020576622602,0.43906365881829135,-4.404262584845934,0.36387085635719857,-0.9789828011081099,-0.761156795877565,0.03983586368452143,-0.5322417591905544,-0.020374901978847768,-1.105460850862697,-2.3741393690474784,-0.9483100237572984,0.005847679635544309,0.6733889070222934,-0.6663714047754201,-1.5146313810531031,-2.161700556506467,0.05769909714705092,-4.635810737571878,-19.97282032669241,-1.6688687744769644,1.046036489118913,-1.371641280856124,-16.411196217149843,-2.519936484585931,-21.928723029001336,-4.566160549793589,-5.488868199917139,-4.82471800350727,-1.5522191085077033,-1.926365399968651,-1.7433788181505465,-2.281130646313199,-2.1613478621176045,0.24613233770369694,-2.927402930704286,-2.3422770863955784,-0.6472508081038327,-6.671593691933681,-2.2348032134963876,0.6388869817970093,-3.52657246698289,-0.6244182415871274
-1.9305552562132975,-1.603290711590963,-0.4002998232171113,-1.4771020576622602,0.43906365881829135,-4.404262584845934,0.36387085635719857,-0.9789828011081099,-0.761156795877565,0.03983586368452143,-0.5322417591905544,-0.020374901978847768,-1.105460850862697,-2.3741393690474784,-0.9483100237572984,0.005847679635544309,0.6733889070222934,-0.6663714047754201,-1.5146313810531031,-2.161700556506467,0.05769909714705092,-4.635810737571878,-19.97282032669241,-1.6688687744769644,1.046036489118913,-1.371641280856124,-16.411196217149843,-2.519936484585931,-21.928723029001336,-4.566160549793589,-5.488868199917139,-4.82471800350727,-1.5522191085077033,-1.926365399968651,-1.7433788181505465,-2.281130646313199,-2.1613478621176045,0.24613233770369694,-2.927402930704286,-2.3422770863955784,-0.6472508081038327,-6.671593691933681,-2.2348032134963876,0.6388869817970093,-3.52657246698289,-0.6244182415871274
-1.7580776896125079,-1.2777012592693635,-0.32682689422514877,-1.790881163195363,-0.12932922841562441,-3.1108207760442412,-0.023673491548437637,-1.1038658321473038,-1.7836967320469486,-1.8603943389489723,-0.6758037043373485,-0.25090957857045154,-0.15811321016137408,-2.6195498018412526,-1.0766754615261298,0.040661501940387236,0.6280579829149748,-0.4114807540722056,-0.8870553758678289,-0.4985200824979317,-0.2959526605014205,-3.37159472257422,-21.1147918862145,-1.5984570564617373,1.0912193825395102,-0.7804317359729598,-3.123672491852371,-1.570204002466726,-2.194627655246519,0.4494212851102924,-1.6429760709752907,-2.6597939170398797,-0.878240350609805,-2.2005987711887425,-3.3096685288419723,-1.08258155720307,-3.4788394711450508,0.5136462074050044,-1.6643057324942534,-3.573814180056974,-0.6254069671790405,-4.32136647592669,-1.5692365268532664,0.3681939351357275,-3.0277908910068922,-0.5221514855332325
-1.7580776896125079,-1.2777012592693635,-0.32682689422514877,-1.790881163195363,-0.12932922841562441,-3.1108207760442412,-0.023673491548437637,-1.1038658321473038,-1.7836967320469486,-1.8603943389489723,-0.6758037043373485,-0.25090957857045154,-0.15811321016137408,-2.6195498018412526,-1.0766754615261298,0.040661501940387236,0.6280579829149748,-0.4114807540722056,-0.8870553758678289,-0.4985200824979317,-0.2959526605014205,-3.37159472257422,-21.1147918862145,-1.5984570564617373,1.0912193825395102,-0.7804317359729598,-3.123672491852371,-1.570204002466726,-2.194627655246519,0.4494212851102924,-1.6429760709752907,-2.6597939170398797,-0.878240350609805,-2.2005987711887425,-3.3096685288419723,-1.08258155720307,-3.4788394711450508,0.5136462074050044,-1.6643057324942534,-3.573814180056974,-0.6254069671790405,-4.32136647592669,-1.5692365268532664,0.3681939351357275,-3.0277908910068922,-0.5221514855332325
-1.5128048675289507,-1.7573562266056413,-0.6020433613797669,-2.9758687429062562,-0.16523049070964166,-3.381140871609183,-0.08301316265513041,-2.4473329230880947,-1.3880584936637548,-4.181503302185924,-0.43289160974616614,-0.05673307472082789,-0.2375740934100622,-3.52628201170648,-0.8370680307596091,-1.0548534872077813,0.7366123418354031,-1.0541652070314331,-1.5275303918796967,-2.3937812556170823,-1.014589248406767,-4.0617847982748785,-5.399419711005131,-1.858175957326182,0.9719811311624186,-1.488596924111549,-11.015850912045643,-2.2585690534686904,-4.783685593135209,-2.897334150011432,-3.835970879356134,-4.45532369480167,-1.6733738120518848,-2.9649038026244754,-2.267338220122174,-0.48535406121640506,-2.0066706967789014,0.5260711173514108,-2.5525083625709817,-3.7735532955096422,-0.39098119176693097,-4.466582673779901,-1.6115909909480335,0.5358740964714501,-4.065122326290415,-0.4407705207042355
-1.5128048675289507,-1.7573562266056413,-0.6020433613797669,-2.9758687429062562,-0.16523049070964166,-3.381140871609183,-0.08301316265513041,-2.4473329230880947,-1.3880584936637548,-4.181503302185924,-0.43289160974616614,-0.05673307472082789,-0.2375740934100622,-3.52628201170648,-0.8370680307596091,-1.0548534872077813,0.7366123418354031,-1.0541652070314331,-1.5275303918796967,-2.3937812556170823,-1.014589248406767,-4.0617847982748785,-5.399419711005131,-1.858175957326182,0.9719811311624186,-1.488596924111549,-11.015850912045643,-2.2585690534686904,-4.783685593135209,-2.897334150011432,-3.835970879356134,-4.45532369480167,-1.6733738120518848,-2.9649038026244754,-2.267338220122174,-0.48535406121640506,-2.0066706967789014,0.5260711173514108,-2.5525083625709817,-3.7735532955096422,-0.39098119176693097,-4.466582673779901,-1.6115909909480335,0.5358740964714501,-4.065122326290415,-0.4407705207042355
-1.5128048675289507,-1.7573562266056413,-0.6020433613797669,-2.9758687429062562,-0.16523049070964166,-3.381140871609183,-0.08301316265513041,-2.4473329230880947,-1.3880584936637548,-4.181503302185924,-0.43289160974616614,-0.05673307472082789,-0.2375740934100622,-3.52628201170648,-0.8370680307596091,-1.0548534872077813,0.7366123418354031,-1.0541652070314331,-1.5275303918796967,-2.3937812556170823,-1.014589248406767,-4.0617847982748785,-5.399419711005131,-1.858175957326182,0.9719811311624186,-1.488596924111549,-11.015850912045643,-2.2585690534686904,-4.783685593135209,-2.897334150011432,-3.835970879356134,-4.45532369480167,-1.6733738120518848,-2.9649038026244754,-2.267338220122174,-0.48535406121640506,-2.0066706967789014,0.5260711173514108,-2.5525083625709817,-3.7735532955096422,-0.39098119176693097,-4.466582673779901,-1.6115909909480335,0.5358740964714501,-4.065122326290415,-0.4407705207042355
-1.5128048675289507,-1.7573562266056413,-0.6020433613797669,-2.9758687429062562,-0.16523049070964166,-3.381140871609183,-0.08301316265513041,-2.4473329230880947,-1.3880584936637548,-4.181503302185924,-0.43289160974616614,-0.05673307472082789,-0.2375740934100622,-3.52628201170648,-0.8370680307596091,-1.0548534872077813,0.7366123418354031,-1.0541652070314331,-1.5275303918796967,-2.3937812556170823,-1.014589248406767,-4.0617847982748785,-5.399419711005131,-1.858175957326182,0.9719811311624186,-1.488596924111549,-11.015850912045643,-2.2585690534686904,-4.783685593135209,-2.897334150011432,-3.835970879356134,-4.45532369480167,-1.6733738120518848,-2.9649038026244754,-2.267338220122174,-0.48535406121640506,-2.0066706967789014,0.5260711173514108,-2.5525083625709817,-3.7735532955096422,-0.39098119176693097,-4.466582673779901,-1.6115909909480335,0.5358740964714501,-4.065122326290415,-0.4407705207042355
-1.5128048675289507,-1.7573562266056413,-0.6020433613797669,-2.9758687429062562,-0.16523049070964166,-3.381140871609183,-0.08301316265513041,-2.4473329230880947,-1.3880584936637548,-4.181503302185924,-0.43289160974616614,-0.05673307472082789,-0.2375740934100622,-3.52628201170648,-0.8370680307596091,-1.0548534872077813,0.7366123418354031,-1.0541652070314331,-1.5275303918796967,-2.3937812556170823,-1.014589248406767,-4.0617847982748785,-5.399419711005131,-1.858175957326182,0.9719811311624186,-1.488596924111549,-11.015850912045643,-2.2585690534686904,-4.783685593135209,-2.897334150011432,-3.835970879356134,-4.45532369480167,-1.6733738120518848,-2.9649038026244754,-2.267338220122174,-0.48535406121640506,-2.0066706967789014,0.5260711173514108,-2.5525083625709817,-3.7735532955096422,-0.39098119176693097,-4.466582673779901,-1.6115909909480335,0.5358740964714501,-4.065122326290415,-0.4407705207042355
-1.49547742016935,-0.7991925645958939,-0.6317699752157375,-1.9929809002626064,-0.041562876244480115,-4.894040042284638,-0.044706849869016387,-1.136765367074187,-1.573467099779116,-0.10315711391767551,-0.5387717157820842,-0.16293117024638418,-0.23045387795051145,-2.2982478884113595,-0.6445509696546091,-0.2543110197670878,0.726539633871067,-0.80815805813929,-1.2220129051013096,-1.8753542303298032,-2.68306570069743,-4.039725348154728,-6.160467123677112,-2.337409291077317,0.9595677803135523,-1.0490918747995186,-3.4759869210600676,-1.5456011892957855,-2.095696608587031,-1.289104633021347,-4.504302570716667,-2.6315390307346185,-1.3747190361383699,-2.018120530094524,-1.6511293327323466,-1.5685447522390457,-1.257825847039284,0.46336195292838694,-1.2356903635155685,-3.7741967088225845,-0.4909186193842522,-4.360441308433908,-2.446851640657302,0.6075090506667583,-1.8298890446972096,-0.21222512087627157
-1.49547742016935,-0.7991925645958939,-0.6317699752157375,-1.9929809002626064,-0.041562876244480115,-4.894040042284638,-0.044706849869016387,-1.136765367074187,-1.573467099779116,-0.10315711391767551,-0.5387717157820842,-0.16293117024638418,-0.23045387795051145,-2.2982478884113595,-0.6445509696546091,-0.2543110197670878,0.726539633871067,-0.80815805813929,-1.2220129051013096,-1.8753542303298032,-2.68306570069743,-4.039725348154728,-6.160467123677112,-2.337409291077317,0.9595677803135523,-1.0490918747995186,-3.4759869210600676,-1.5456011892957855,-2.095696608587031,-1.289104633021347,-4.504302570716667,-2.6315390307346185,-1.3747190361383699,-2.018120530094524,-1.6511293327323466,-1.5685447522390457,-1.257825847039284,0.46336195292838694,-1.2356903635155685,-3.7741967088225845,-0.4909186193842522,-4.360441308433908,-2.446851640657302,0.6075090506667583,-1.8298890446972096,-0.21222512087627157
-1.49547742016935,-0.7991925645958939,-0.6317699752157375,-1.9929809002626064,-0.041562876244480115,-4.894040042284638,-0.044706849869016387,-1.136765367074187,-1.573467099779116,-0.10315711391767551,-0.5387717157820842,-0.16293117024638418,-0.23045387795051145,-2.2982478884113595,-0.6445509696546091,-0.2543110197670878,0.726539633871067,-0.80815805813929,-1.2220129051013096,-1.8753542303298032,-2.68306570069743,-4.039725348154728,-6.160467123677112,-2.337409291077317,0.9595677803135523,-1.0490918747995186,-3.4759869210600676,-1.5456011892957855,-2.095696608587031,-1.289104633021347,-4.504302570716667,-2.6315390307346185,-1.3747190361383699,-2.018120530094524,-1.6511293327323466,-1.5685447522390457,-1.257825847039284,0.46336195292838694,-1.2356903635155685,-3.7741967088225845,-0.4909186193842522,-4.360441308433908,-2.446851640657302,0.6075090506667583,-1.8298890446972096,-0.21222512087627157
-1.49547742016935,-0.7991925645958939,-0.6317699752157375,-1.9929809002626064,-0.041562876244480115,-4.894040042284638,-0.044706849869016387,-1.136765367074187,-1.573467099779116,-0.10315711391767551,-0.5387717157820842,-0.16293117024638418,-0.23045387795051145,-2.2982478884113595,-0.6445509696546091,-0.2543110197670878,0.726539633871067,-0.80815805813929,-1.2220129051013096,-1.8753542303298032,-2.68306570069743,-4.039725348154728,-6.160467123677112,-2.337409291077317,0.9595677803135523,-1.0490918747995186,-3.4759869210600676,-1.5456011892957855,-2.095696608587031,-1.289104633021347,-4.504302570716667,-2.6315390307346185,-1.3747190361383699,-2.018120530094524,-1.6511293327323466,-1.5685447522390457,-1.257825847039284,0.46336195292838694,-1.2356903635155685,-3.7741967088225845,-0.4909186193842522,-4.360441308433908,-2.446851640657302,0.6075090506667583,-1.8298890446972096,-0.21222512087627157
-1.49547742016935,-0.7991925645958939,-0.6317699752157375,-1.9929809002626064,-0.041562876244480115,-4.894040042284638,-0.044706849869016387,-1.136765367074187,-1.573467099779116,-0.10315711391767551,-0.5387717157820842,-0.16293117024638418,-0.23045387795051145,-2.2982478884113595,-0.6445509696546091,-0.2543110197670878,0.726539633871067,-0.80815805813929,-1.2220129051013096,-1.8753542303298032,-2.68306570069743,-4.039725348154728,-6.160467123677112,-2.337409291077317,0.9595677803135523,-1.0490918747995186,-3.4759869210600676,-1.5456011892957855,-2.095696608587031,-1.289104633021347,-4.504302570716667,-2.6315390307346185,-1.3747190361383699,-2.018120530094524,-1.6511293327323466,-1.5685447522390457,-1.257825847039284,0.46336195292838694,-1.2356903635155685,-3.7741967088225845,-0.4909186193842522,-4.360441308433908,-2.446851640657302,0.6075090506667583,-1.8298890446972096,-0.21222512087627157
-1.49547742016935,-0.7991925645958939,-0.6317699752157375,-1.9929809002626064,-0.041562876244480115,-4.894040042284638,-0.044706849869016387,-1.136765367074187,-1.573467099779116,-0.10315711391767551,-0.5387717157820842,-0.16293117024638418,-0.23045387795051145,-2.2982478884113595,-0.6445509696546091,-0.2543110197670878,0.726539633871067,-0.80815805813929,-1.2220129051013096,-1.8753542303298032,-2.68306570069743,-4.039725348154728,-6.160467123677112,-2.337409291077317,0.9595677803135523,-1.0490918747995186,-3.4759869210600676,-1.5456011892957855,-2.095696608587031,-1.289104633021347,-4.504302570716667,-2.6315390307346185,-1.3747190361383699,-2.018120530094524,-1.6511293327323466,-1.5685447522390457,-1.257825847039284,0.46336195292838694,-1.2356903635155685,-3.7741967088225845,-0.4909186193842522,-4.360441308433908,-2.446851640657302,0.6075090506667583,-1.8298890446972096,-0.21222512087627157
-1.49547742016935,-0.7991925645958939,-0.6317699752157375,-1.9929809002626064,-0.041562876244480115,-4.894040042284638,-0.044706849869016387,-1.136765367074187,-1.573467099779116,-0.10315711391767551,-0.5387717157820842,-0.16293117024638418,-0.23045387795051145,-2.2982478884113595,-0.6445509696546091,-0.2543110197670878,0.726539633871067,-0.80815805813929,-1.2220129051013096,-1.8753542303298032,-2.68306570069743,-4.039725348154728,-6.160467123677112,-2.337409291077317,0.9595677803135523,-1.0490918747995186,-3.4759869210600676,-1.5456011892957855,-2.095696608587031,-1.289104633021347,-4.504302570716667,-2.6315390307346185,-1.3747190361383699,-2.018120530094524,-1.6511293327323466,-1.5685447522390457,-1.257825847039284,0.46336195292838694,-1.2356903635155685,-3.7741967088225845,-0.4909186193842522,-4.360441308433908,-2.446851640657302,0.6075090506667583,-1.8298890446972096,-0.21222512087627157
-1.49547742016935,-0.7991925645958939,-0.6317699752157375,-1.9929809002626064,-0.041562876244480115,-4.894040042284638,-0.044706849869016387,-1.136765367074187,-1.573467099779116,-0.10315711391767551,-0.5387717157820842,-0.16293117024638418,-0.23045387795051145,-2.2982478884113595,-0.6445509696546091,-0.2543110197670878,0.726539633871067,-0.80815805813929,-1.2220129051013096,-1.8753542303298032,-2.68306570069743,-4.039725348154728,-6.160467123677112,-2.337409291077317,0.9595677803135523,-1.0490918747995186,-3.4759869210600676,-1.5456011892957855,-2.095696608587031,-1.289104633021347,-4.504302570716667,-2.6315390307346185,-1.3747190361383699,-2.018120530094524,-1.6511293327323466,-1.5685447522390457,-1.257825847039284,0.46336195292838694,-1.2356903635155685,-3.7741967088225845,-0.4909186193842522,-4.360441308433908,-2.446851640657302,0.6075090506667583,-1.8298890446972096,-0.21222512087627157
-1.49547742016935,-0.7991925645958939,-0.6317699752157375,-1.9929809002626064,-0.041562876244480115,-4.894040042284638,-0.044706849869016387,-1.136765367074187,-1.573467099779116,-0.10315711391767551,-0.5387717157820842,-0.16293117024638418,-0.23045387795051145,-2.2982478884113595,-0.6445509696546091,-0.2543110197670878,0.726539633871067,-0.80815805813929,-1.2220129051013096,-1.8753542303298032,-2.68306570069743,-4.039725348154728,-6.160467123677112,-2.337409291077317,0.9595677803135523,-1.0490918747995186,-3.4759869210600676,-1.5456011892957855,-2.095696608587031,-1.289104633021347,-4.504302570716667,-2.6315390307346185,-1.3747190361383699,-2.018120530094524,-1.6511293327323466,-1.5685447522390457,-1.257825847039284,0.46336195292838694,-1.2356903635155685,-3.7741967088225845,-0.4909186193842522,-4.360441308433908,-2.446851640657302,0.6075090506667583,-1.8298890446972096,-0.21222512087627157
-1.49547742016935,-0.7991925645958939,-0.6317699752157375,-1.9929809002626064,-0.041562876244480115,-4.894040042284638,-0.044706849869016387,-1.136765367074187,-1.573467099779116,-0.10315711391767551,-0.5387717157820842,-0.16293117024638418,-0.23045387795051145,-2.2982478884113595,-0.6445509696546091,-0.2543110197670878,0.726539633871067,-0.80815805813929,-1.2220129051013096,-1.8753542303298032,-2.68306570069743,-4.039725348154728,-6.160467123677112,-2.337409291077317,0.9595677803135523,-1.0490918747995186,-3.4759869210600676,-1.5456011892957855,-2.095696608587031,-1.289104633021347,-4.504302570716667,-2.6315390307346185,-1.3747190361383699,-2.018120530094524,-1.6511293327323466,-1.5685447522390457,-1.257825847039284,0.46336195292838694,-1.2356903635155685,-3.7741967088225845,-0.4909186193842522,-4.360441308433908,-2.446851640657302,0.6075090506667583,-1.8298890446972096,-0.21222512087627157
-1.49547742016935,-0.7991925645958939,-0.6317699752157375,-1.9929809002626064,-0.041562876244480115,-4.894040042284638,-0.044706849869016387,-1.136765367074187,-1.573467099779116,-0.10315711391767551,-0.5387717157820842,-0.16293117024638418,-0.23045387795051145,-2.2982478884113595,-0.6445509696546091,-0.2543110197670878,0.726539633871067,-0.80815805813929,-1.2220129051013096,-1.8753542303298032,-2.68306570069743,-4.039725348154728,-6.160467123677112,-2.337409291077317,0.9595677803135523,-1.0490918747995186,-3.4759869210600676,-1.5456011892957855,-2.095696608587031,-1.289104633021347,-4.504302570716667,-2.6315390307346185,-1.3747190361383699,-2.018120530094524,-1.6511293327323466,-1.5685447522390457,-1.257825847039284,0.46336195292838694,-1.2356903635155685,-3.7741967088225845,-0.4909186193842522,-4.360441308433908,-2.446851640657302,0.6075090506667583,-1.8298890446972096,-0.21222512087627157
-0.6689420020017186,-0.0005693701471054416,-0.6006698266987678,-2.0395273284899744,-0.08563520557650367,-4.107602391530472,0.0746516380192886,-2.7254235927149506,-0.6914422195507938,-2.711871506043719,-0.5372944257259595,-0.18321671119427857,-0.5903251375991844,-2.7584368936071533,-1.0223450013108537,-0.94614272037421,0.9181081047194565,-0.35506855344221544,-0.5651017656003526,-1.2610383646422427,0.015345405518678306,-2.732087792372097,-4.312159714140067,-2.132531878355133,0.9061227171985473,-0.7999625460122796,-4.489546961736129,-1.4350660421505135,-4.012236043485295,-2.0880134714706027,-3.001304132856898,-3.0033952198938607,-1.0907031364681445,-1.6148230378574886,-0.9828040448822463,-0.04108101976703843,-1.1430949699244823,0.5863058787072706,-1.390027518703665,-4.0177325377639255,-0.6128912994779642,-3.9546445080634296,-2.470883567309623,0.6490717539424788,-3.0068086274557326,-0.45810895729958406
-0.6689420020017186,-0.0005693701471054416,-0.6006698266987678,-2.0395273284899744,-0.08563520557650367,-4.107602391530472,0.0746516380192886,-2.7254235927149506,-0.6914422195507938,-2.711871506043719,-0.5372944257259595,-0.18321671119427857,-0.5903251375991844,-2.7584368936071533,-1.0223450013108537,-0.94614272037421,0.9181081047194565,-0.35506855344221544,-0.5651017656003526,-1.2610383646422427,0.015345405518678306,-2.732087792372097,-4.312159714140067,-2.132531878355133,0.9061227171985473,-0.7999625460122796,-4.489546961736129,-1.4350660421505135,-4.012236043485295,-2.0880134714706027,-3.001304132856898,-3.0033952198938607,-1.0907031364681445,-1.6148230378574886,-0.9828040448822463,-0.04108101976703843,-1.1430949699244823,0.5863058787072706,-1.390027518703665,-4.0177325377639255,-0.6128912994779642,-3.9546445080634296,-2.470883567309623,0.6490717539424788,-3.0068086274557326,-0.45810895729958406
-1.1923199148392907,-1.8926546185746975,-0.27579596578370685,-2.2628596103364678,-0.26454163987134766,-2.9957730753372416,0.5333463214036538,-1.56778524975345,-1.0969853310023698,-4.156558383297579,-0.7545577672029344,-0.18211972163720266,-0.48637734734518867,-1.7420133924075734,-0.7158655006468677,0.20462524401796828,0.5385435890799369,-0.5513408098789789,-0.9947385643900118,-1.1372135677163495,-2.1009443240721457,-4.023130799266545,-4.431694522990291,-1.4920539249011011,1.2574112357046292,-0.9627309290229171,-3.173570420782902,-3.3893227729790825,-2.2982718112106673,-3.2034468926597066,-3.9072271221377086,-2.738249055594983,-1.031185398705742,-3.621900982906526,-2.0275748960971627,-1.3262768338212017,-1.3448251564588938,0.49570995929720973,-0.5460354762432457,-4.733314810896931,-1.0547330920834335,-5.21673967227673,-1.1561038046142362,0.6993624167272279,-1.6108775716297024,-1.4318163861227098
-1.1923199148392907,-1.8926546185746975,-0.27579596578370685,-2.2628596103364678,-0.26454163987134766,-2.9957730753372416,0.5333463214036538,-1.56778524975345,-1.0969853310023698,-4.156558383297579,-0.7545577672029344,-0.18211972163720266,-0.48637734734518867,-1.7420133924075734,-0.7158655006468677,0.20462524401796828,0.5385435890799369,-0.5513408098789789,-0.9947385643900118,-1.1372135677163495,-2.1009443240721457,-4.023130799266545,-4.431694522990291,-1.4920539249011011,1.2574112357046292,-0.9627309290229171,-3.173570420782902,-3.3893227729790825,-2.2982718112106673,-3.2034468926597066,-3.9072271221377086,-2.738249055594983,-1.031185398705742,-3.621900982906526,-2.0275748960971627,-1.3262768338212017,-1.3448251564588938,0.49570995929720973,-0.5460354762432457,-4.733314810896931,-1.0547330920834335,-5.21673967227673,-1.1561038046142362,0.6993624167272279,-1.6108775716297024,-1.4318163861227098
-1.7955562439499013,-3.1789805262476043,-0.5405419291056882,-2.3303497155509834,0.45552793960199195,-3.5402523351430277,0.47126420277988934,-0.5730793297538479,-1.4757650742777009,0.20727913444614343,-0.9635810871841194,-0.20995129370119867,-0.7402147653568371,-1.8849786861185862,-0.7762559589902178,0.4336138716836373,0.3676022004428521,-0.17905507549768848,-1.3464942663825419,-1.5291245145871846,-1.6239169019552275,-4.021544689740589,-4.797559815890187,-1.6570287684347875,1.120883723616739,-0.40904733822713446,-3.073549767654355,-2.893558655591099,-1.673855670790973,-2.240720923068662,-5.825885454191567,-2.7646383394016847,-0.7955362964455002,-3.2756591417048684,-3.062623838099685,-2.1615195140440617,-1.7073148743966657,-0.11061867551854906,-0.813066939636728,-4.3434953670335315,-1.2525997329097025,-3.988229995583885,-1.9249133086471497,0.551934204163209,-2.7465684152717342,-0.9799442530659084
-1.7955562439499013,-3.1789805262476043,-0.5405419291056882,-2.3303497155509834,0.45552793960199195,-3.5402523351430277,0.47126420277988934,-0.5730793297538479,-1.4757650742777009,0.20727913444614343,-0.9635810871841194,-0.20995129370119867,-0.7402147653568371,-1.8849786861185862,-0.7762559589902178,0.4336138716836373,0.3676022004428521,-0.17905507549768848,-1.3464942663825419,-1.5291245145871846,-1.6239169019552275,-4.021544689740589,-4.797559815890187,-1.6570287684347875,1.120883723616739,-0.40904733822713446,-3.073549767654355,-2.893558655591099,-1.673855670790973,-2.240720923068662,-5.825885454191567,-2.7646383394016847,-0.7955362964455002,-3.2756591417048684,-3.062623838099685,-2.1615195140440617,-1.7073148743966657,-0.11061867551854906,-0.813066939636728,-4.3434953670335315,-1.2525997329097025,-3.988229995583885,-1.9249133086471497,0.551934204163209,-2.7465684152717342,-0.9799442530659084
-1.7955562439499013,-3.1789805262476043,-0.5405419291056882,-2.3303497155509834,0.45552793960199195,-3.5402523351430277,0.47126420277988934,-0.5730793297538479,-1.4757650742777009,0.20727913444614343,-0.9635810871841194,-0.20995129370119867,-0.7402147653568371,-1.8849786861185862,-0.7762559589902178,0.4336138716836373,0.3676022004428521,-0.17905507549768848,-1.3464942663825419,-1.5291245145871846,-1.6239169019552275,-4.021544689740589,-4.797559815890187,-1.6570287684347875,1.120883723616739,-0.40904733822713446,-3.073549767654355,-2.893558655591099,-1.673855670790973,-2.240720923068662,-5.825885454191567,-2.7646383394016847,-0.7955362964455002,-3.2756591417048684,-3.062623838099685,-2.1615195140440617,-1.7073148743966657,-0.11061867551854906,-0.813066939636728,-4.3434953670335315,-1.2525997329097025,-3.988229995583885,-1.9249133086471497,0.551934204163209,-2.7465684152717342,-0.9799442530659084
-1.7955562439499013,-3.1789805262476043,-0.5405419291056882,-2.3303497155509834,0.45552793960199195,-3.5402523351430277,0.47126420277988934,-0.5730793297538479,-1.4757650742777009,0.20727913444614343,-0.9635810871841194,-0.20995129370119867,-0.7402147653568371,-1.8849786861185862,-0.7762559589902178,0.4336138716836373,0.3676022004428521,-0.17905507549768848,-1.3464942663825419,-1.5291245145871846,-1.6239169019552275,-4.021544689740589,-4.797559815890187,-1.6570287684347875,1.120883723616739,-0.40904733822713446,-3.073549767654355,-2.893558655591099,-1.673855670790973,-2.240720923068662,-5.825885454191567,-2.7646383394016847,-0.7955362964455002,-3.2756591417048684,-3.062623838099685,-2.1615195140440617,-1.7073148743966657,-0.11061867551854906,-0.813066939636728,-4.3434953670335315,-1.2525997329097025,-3.988229995583885,-1.9249133086471497,0.551934204163209,-2.7465684152717342,-0.9799442530659084
-1.7955562439499013,-3.1789805262476043,-0.5405419291056882,-2.3303497155509834,0.45552793960199195,-3.5402523351430277,0.47126420277988934,-0.5730793297538479,-1.4757650742777009,0.20727913444614343,-0.9635810871841194,-0.20995129370119867,-0.7402147653568371,-1.8849786861185862,-0.7762559589902178,0.4336138716836373,0.3676022004428521,-0.17905507549768848,-1.3464942663825419,-1.5291245145871846,-1.6239169019552275,-4.021544689740589,-4.797559815890187,-1.6570287684347875,1.120883723616739,-0.40904733822713446,-3.073549767654355,-2.893558655591099,-1.673855670790973,-2.240720923068662,-5.825885454191567,-2.7646383394016847,-0.7955362964455002,-3.2756591417048684,-3.062623838099685,-2.1615195140440617,-1.7073148743966657,-0.11061867551854906,-0.813066939636728,-4.3434953670335315,-1.2525997329097025,-3.988229995583885,-1.9249133086471497,0.551934204163209,-2.7465684152717342,-0.9799442530659084
-1.1923199148392907,-1.8926546185746975,-0.27579596578370685,-2.2628596103364678,-0.26454163987134766,-2.9957730753372416,0.5333463214036538,-1.56778524975345,-1.0969853310023698,-4.156558383297579,-0.7545577672029344,-0.18211972163720266,-0.48637734734518867,-1.7420133924075734,-0.7158655006468677,0.20462524401796828,0.5385435890799369,-0.5513408098789789,-0.9947385643900118,-1.1372135677163495,-2.1009443240721457,-4.023130799266545,-4.431694522990291,-1.4920539249011011,1.2574112357046292,-0.9627309290229171,-3.173570420782902,-3.3893227729790825,-2.2982718112106673,-3.2034468926597066,-3.9072271221377086,-2.738249055594983,-1.031185398705742,-3.621900982906526,-2.0275748960971627,-1.3262768338212017,-1.3448251564588938,0.49570995929720973,-0.5460354762432457,-4.733314810896931,-1.0547330920834335,-5.21673967227673,-1.1561038046142362,0.6993624167272279,-1.6108775716297024,-1.4318163861227098
-1.5092164683149798,-5.465264300882523,-0.4956155606399105,-2.1578096186295217,0.3342950309939984,-4.0668862974604325,-0.06028704430541723,-0.9365591309705077,-1.5598571659002416,-0.7769499242230401,-0.5584702802165542,-0.3121644891979543,-0.3982273816541473,-2.42225932690315,-1.0722706339132853,-0.4743367903122351,0.5734657722044864,-0.6981829949365221,-1.5628564520726445,-2.2027695938342524,-1.4942735668529161,-5.707866645387834,-23.605531169086582,-2.282527263938754,0.9769914646585144,-0.7535661809572748,-5.384407051172095,-3.2958209303993575,-4.598853431737006,-4.18236285753702,-6.6815128253030505,-3.715872220409419,-1.3232598123404922,-3.644297084191021,-2.8588504472804046,-2.6709115205386684,-1.6004884789602143,0.22919410366546178,-2.1673694422204677,-3.3724000464862236,-0.5993358482758843,-3.9551862911037983,-2.2134557269497837,0.5164483441049343,-2.610666266072623,-0.3757818236687816
-1.5092164683149798,-5.465264300882523,-0.4956155606399105,-2.1578096186295217,0.3342950309939984,-4.0668862974604325,-0.06028704430541723,-0.9365591309705077,-1.5598571659002416,-0.7769499242230401,-0.5584702802165542,-0.3121644891979543,-0.3982273816541473,-2.42225932690315,-1.0722706339132853,-0.4743367903122351,0.5734657722044864,-0.6981829949365221,-1.5628564520726445,-2.2027695938342524,-1.4942735668529161,-5.707866645387834,-23.605531169086582,-2.282527263938754,0.9769914646585144,-0.7535661809572748,-5.384407051172095,-3.2958209303993575,-4.598853431737006,-4.18236285753702,-6.6815128253030505,-3.715872220409419,-1.3232598123404922,-3.644297084191021,-2.8588504472804046,-2.6709115205386684,-1.6004884789602143,0.22919410366546178,-2.1673694422204677,-3.3724000464862236,-0.5993358482758843,-3.9551862911037983,-2.2134557269497837,0.5164483441049343,-2.610666266072623,-0.3757818236687816
-1.8592882407808795,-3.7401204637982777,-0.6390149031587137,-1.9446506606954272,0.4485449391846782,-3.614811513308116,0.19253445727703533,-0.480683845186194,-0.896795586341459,0.1643373224343375,-0.6658592286283557,-0.201491109780307,-0.9470724708064259,-1.3708526819728144,-1.132210568437096,-0.17545655311581487,0.3846890693522805,-0.49568238417801674,-1.5145156355015497,-0.24609616082265448,0.821111574556168,-3.78661483285589,-6.393659410766865,-1.2390138451260286,1.2474880938168371,-0.5657824903899313,-6.879330330237015,-2.811053423029582,-4.609912740983151,-3.3983492549567065,-27.09221521935212,-3.779520928666542,-1.1961333679173676,-3.5233398664388065,-3.262692993602366,-3.0938101199152523,-3.3986061096914693,-0.05475213843435675,-1.8989019788939527,-3.758137141396991,-0.8179775778190923,-4.7517261669294655,-2.0547245570502195,0.23651034716527605,-2.5291931587499734,-0.7310778839667366
-1.8592882407808795,-3.7401204637982777,-0.6390149031587137,-1.9446506606954272,0.4485449391846782,-3.614811513308116,0.19253445727703533,-0.480683845186194,-0.896795586341459,0.1643373224343375,-0.6658592286283557,-0.201491109780307,-0.9470724708064259,-1.3708526819728144,-1.132210568437096,-0.17545655311581487,0.3846890693522805,-0.49568238417801674,-1.5145156355015497,-0.24609616082265448,0.821111574556168,-3.78661483285589,-6.393659410766865,-1.2390138451260286,1.2474880938168371,-0.5657824903899313,-6.879330330237015,-2.811053423029582,-4.609912740983151,-3.3983492549567065,-27.09221521935212,-3.779520928666542,-1.1961333679173676,-3.5233398664388065,-3.262692993602366,-3.0938101199152523,-3.3986061096914693,-0.05475213843435675,-1.8989019788939527,-3.758137141396991,-0.8179775778190923,-4.7517261669294655,-2.0547245570502195,0.23651034716527605,-2.5291931587499734,-0.7310778839667366
-1.1939816870031754,-1.9247912796205355,-0.2836699501266119,-2.102085759303964,-0.1922425702157114,-2.493161097760463,0.31956471346578846,-0.9888274325022949,-0.16296548221633728,-1.2457528401390594,-0.6522495529974034,-0.30629709011338396,-1.0245114895602874,-0.13900763468085384,-1.135759266635162,-0.010090147480905231,0.4411273231377217,-0.10254705579551592,-0.3719214552869705,0.5004664131228533,0.9495957802261793,-3.317016438187343,-5.247637293469029,-0.5227047154300681,1.5629903710492146,-0.26203336041617703,-7.1412038619180835,-2.274229961191027,-4.558350437084275,-2.675498288185245,-5.357757746716554,-2.6216265004754358,-0.7606816273534719,-2.8943232864259714,-2.629817302201725,-1.3549856024618647,-2.2172683388415457,0.1479814464004315,-0.7707351480045742,-3.378932851983312,-1.2507259720316573,-4.869087823663687,-1.82349147894613,0.27353301441808564,-2.327959996305594,-0.8886928686171027
-1.5761707224153756,-4.350161850975449,-0.19728610888271386,-2.2334578628362927,-0.34303236104439383,-2.305348400955496,0.5066382099982287,-0.37495771465908345,-0.8798587745357951,-0.7213856369349819,-0.8748454617869118,-0.1658902925295544,-0.8903929659284103,-0.9651496133883539,-1.5507672311505913,0.5683777977338366,0.510051231992684,0.18502699390774657,-0.5138535158387604,-0.38426117243696295,-0.40041425249598217,-2.4912459784764684,-4.448759437957439,-0.9426011630175943,1.4604175593451751,-0.43481085843479367,-5.124724782688447,-2.946064997026274,-1.7236998088284223,-2.9002837040133334,-7.201986215877205,-1.0397111984858451,0.2349816566922143,-6.634414879665859,-3.395648240707148,-1.8946596966121358,-2.5014484614451598,-0.07305227897422548,-0.9847384860816237,-4.0974666655556895,-1.6621061143292062,-3.889596407826886,-1.710655625639083,0.5529613044396406,-1.5724289646433502,-0.9865564908988085
-2.481425066400596,-1.9523432977278765,-0.36971297201574027,-1.8039013309379655,-0.32525969105536084,-2.0602679262665164,0.7004845421174138,-1.1791636646333121,-1.1883456788399922,-4.035148692354953,-0.8705109781866692,-0.3169434244886334,-0.3463587282878185,-1.758536229051574,-0.8612106188853142,0.36493780319062363,0.3287921042130498,-0.16487871048806813,-1.0996257544196546,-0.7144594334229485,-1.083006178891089,-3.664904077989766,-3.7378340716443943,-1.610957451455944,1.2524076882051318,-1.3111826725253661,-2.943299680041611,-3.441504861575783,-3.5132492407646048,-3.3229950524985474,-6.783054491812667,-2.6477155884571504,-0.2123022668808584,-4.403549438096563,-3.8355847425888014,-1.179017778327662,-3.5597014948287566,0.5391976045588126,-2.5563752974545677,-4.741342695641674,-1.177755679561089,-5.37067256491476,-1.0383208694941284,0.6335024727103987,-1.9040832918180064,-1.7668395820930383
-2.481425066400596,-1.9523432977278765,-0.36971297201574027,-1.8039013309379655,-0.32525969105536084,-2.0602679262665164,0.7004845421174138,-1.1791636646333121,-1.1883456788399922,-4.035148692354953,-0.8705109781866692,-0.3169434244886334,-0.3463587282878185,-1.758536229051574,-0.8612106188853142,0.36493780319062363,0.3287921042130498,-0.16487871048806813,-1.0996257544196546,-0.7144594334229485,-1.083006178891089,-3.664904077989766,-3.7378340716443943,-1.610957451455944,1.2524076882051318,-1.3111826725253661,-2.943299680041611,-3.441504861575783,-3.5132492407646048,-3.3229950524985474,-6.783054491812667,-2.6477155884571504,-0.2123022668808584,-4.403549438096563,-3.8355847425888014,-1.179017778327662,-3.5597014948287566,0.5391976045588126,-2.5563752974545677,-4.741342695641674,-1.177755679561089,-5.37067256491476,-1.0383208694941284,0.6335024727103987,-1.9040832918180064,-1.7668395820930383
-0.8558620602563425,-0.30684039087031445,-0.4763951297548548,-1.697512664877868,-0.13244588836014748,-3.453347955042228,0.05615339672557876,-2.372704700555098,-0.6064453878659268,-3.5340332916008164,-0.49964249818573253,-0.676223044312906,-0.5937132792595953,-1.7837852850067801,-1.1021113482710232,-0.15847172141118313,0.6594448038870079,-0.1916541098302907,-0.7144509916806108,-0.3882975497349692,0.471109487071599,-2.2380520616688213,-2.6618594694895945,-1.7018122312280834,1.0663215358429723,-0.5325257442597019,-5.472764444096702,-2.5960055442660885,-17.33179028619176,-3.7006215224091594,-3.5142551864655016,-2.2322477848276634,-0.6863901510672904,-2.89014986724535,-2.5581295004188056,0.09883097023802305,-2.6593052869014375,0.7392531180259985,-2.230909600967245,-3.835310663870152,-1.2516752364412995,-4.15789441707801,-2.1980102569026707,0.4830988415379844,-1.964356528134916,-1.0347647020809037
-1.2229382368262014,-1.7828922381156573,-0.513162548394764,-2.9542574881301817,-0.09570853642559457,-3.102045836111923,0.5811919786914582,-1.6133831479634675,-1.3612941966879415,-2.3597928885035953,-0.4913162752974015,0.07638934489852525,-0.6467176243383387,-2.5939653137858723,-0.42472146405044287,-0.594389315688187,0.6781023211803099,-0.6552890105247225,-1.479464736436054,-1.9184970923638518,-2.6841269662721574,-3.357683887968125,-4.774621984646462,-1.7455652405051219,1.0428555766706966,-1.0509618725273586,-4.042082932642276,-1.9712208358682044,-5.624014009769763,-2.9334521514870557,-1.9347967466647502,-2.096853931809117,-1.153019438217246,-2.9606126651207565,-2.329680506489482,-0.7824523729014038,-1.7767826034179826,0.5266986940781618,-2.0796438526277887,-3.8010122218029547,-0.22999664673589013,-9.591150268976877,-1.7391004187910057,0.961564536494446,-2.651158057507711,-1.022586441496865
-1.2229382368262014,-1.7828922381156573,-0.513162548394764,-2.9542574881301817,-0.09570853642559457,-3.102045836111923,0.5811919786914582,-1.6133831479634675,-1.3612941966879415,-2.3597928885035953,-0.4913162752974015,0.07638934489852525,-0.6467176243383387,-2.5939653137858723,-0.42472146405044287,-0.594389315688187,0.6781023211803099,-0.6552890105247225,-1.479464736436054,-1.9184970923638518,-2.6841269662721574,-3.357683887968125,-4.774621984646462,-1.7455652405051219,1.0428555766706966,-1.0509618725273586,-4.042082932642276,-1.9712208358682044,-5.624014009769763,-2.9334521514870557,-1.9347967466647502,-2.096853931809117,-1.153019438217246,-2.9606126651207565,-2.329680506489482,-0.7824523729014038,-1.7767826034179826,0.5266986940781618,-2.0796438526277887,-3.8010122218029547,-0.22999664673589013,-9.591150268976877,-1.7391004187910057,0.961564536494446,-2.651158057507711,-1.022586441496865
-1.2229382368262014,-1.7828922381156573,-0.513162548394764,-2.9542574881301817,-0.09570853642559457,-3.102045836111923,0.5811919786914582,-1.6133831479634675,-1.3612941966879415,-2.3597928885035953,-0.4913162752974015,0.07638934489852525,-0.6467176243383387,-2.5939653137858723,-0.42472146405044287,-0.594389315688187,0.6781023211803099,-0.6552890105247225,-1.479464736436054,-1.9184970923638518,-2.6841269662721574,-3.357683887968125,-4.774621984646462,-1.7455652405051219,1.0428555766706966,-1.0509618725273586,-4.042082932642276,-1.9712208358682044,-5.624014009769763,-2.9334521514870557,-1.9347967466647502,-2.096853931809117,-1.153019438217246,-2.9606126651207565,-2.329680506489482,-0.7824523729014038,-1.7767826034179826,0.5266986940781618,-2.0796438526277887,-3.8010122218029547,-0.22999664673589013,-9.591150268976877,-1.7391004187910057,0.961564536494446,-2.651158057507711,-1.022586441496865
-1.2229382368262014,-1.7828922381156573,-0.513162548394764,-2.9542574881301817,-0.09570853642559457,-3.102045836111923,0.5811919786914582,-1.6133831479634675,-1.3612941966879415,-2.3597928885035953,-0.4913162752974015,0.07638934489852525,-0.6467176243383387,-2.5939653137858723,-0.42472146405044287,-0.594389315688187,0.6781023211803099,-0.6552890105247225,-1.479464736436054,-1.9184970923638518,-2.6841269662721574,-3.357683887968125,-4.774621984646462,-1.7455652405051219,1.0428555766706966,-1.0509618725273586,-4.042082932642276,-1.9712208358682044,-5.624014009769763,-2.9334521514870557,-1.9347967466647502,-2.096853931809117,-1.153019438217246,-2.9606126651207565,-2.329680506489482,-0.7824523729014038,-1.7767826034179826,0.5266986940781618,-2.0796438526277887,-3.8010122218029547,-0.22999664673589013,-9.591150268976877,-1.7391004187910057,0.961564536494446,-2.651158057507711,-1.022586441496865
-1.9305552562132975,-1.603290711590963,-0.4002998232171113,-1.4771020576622602,0.43906365881829135,-4.404262584845934,0.36387085635719857,-0.9789828011081099,-0.761156795877565,0.03983586368452143,-0.5322417591905544,-0.020374901978847768,-1.105460850862697,-2.3741393690474784,-0.9483100237572984,0.005847679635544309,0.6733889070222934,-0.6663714047754201,-1.5146313810531031,-2.161700556506467,0.05769909714705092,-4.635810737571878,-19.97282032669241,-1.6688687744769644,1.046036489118913,-1.371641280856124,-16.411196217149843,-2.519936484585931,-21.928723029001336,-4.566160549793589,-5.488868199917139,-4.82471800350727,-1.5522191085077033,-1.926365399968651,-1.7433788181505465,-2.281130646313199,-2.1613478621176045,0.24613233770369694,-2.927402930704286,-2.3422770863955784,-0.6472508081038327,-6.671593691933681,-2.2348032134963876,0.6388869817970093,-3.52657246698289,-0.6244182415871274
-1.9305552562132975,-1.603290711590963,-0.4002998232171113,-1.4771020576622602,0.43906365881829135,-4.404262584845934,0.36387085635719857,-0.9789828011081099,-0.761156795877565,0.03983586368452143,-0.5322417591905544,-0.020374901978847768,-1.105460850862697,-2.3741393690474784,-0.9483100237572984,0.005847679635544309,0.6733889070222934,-0.6663714047754201,-1.5146313810531031,-2.161700556506467,0.05769909714705092,-4.635810737571878,-19.97282032669241,-1.6688687744769644,1.046036489118913,-1.371641280856124,-16.411196217149843,-2.519936484585931,-21.928723029001336,-4.566160549793589,-5.488868199917139,-4.82471800350727,-1.5522191085077033,-1.926365399968651,-1.7433788181505465,-2.281130646313199,-2.1613478621176045,0.24613233770369694,-2.927402930704286,-2.3422770863955784,-0.6472508081038327,-6.671593691933681,-2.2348032134963876,0.6388869817970093,-3.52657246698289,-0.6244182415871274
-1.9305552562132975,-1.603290711590963,-0.4002998232171113,-1.4771020576622602,0.43906365881829135,-4.404262584845934,0.36387085635719857,-0.9789828011081099,-0.761156795877565,0.03983586368452143,-0.5322417591905544,-0.020374901978847768,-1.105460850862697,-2.3741393690474784,-0.9483100237572984,0.005847679635544309,0.6733889070222934,-0.6663714047754201,-1.5146313810531031,-2.161700556506467,0.05769909714705092,-4.635810737571878,-19.97282032669241,-1.6688687744769644,1.046036489118913,-1.371641280856124,-16.411196217149843,-2.519936484585931,-21.928723029001336,-4.566160549793589,-5.488868199917139,-4.82471800350727,-1.5522191085077033,-1.926365399968651,-1.7433788181505465,-2.281130646313199,-2.1613478621176045,0.24613233770369694,-2.927402930704286,-2.3422770863955784,-0.6472508081038327,-6.671593691933681,-2.2348032134963876,0.6388869817970093,-3.52657246698289,-0.6244182415871274
-1.9305552562132975,-1.603290711590963,-0.4002998232171113,-1.4771020576622602,0.43906365881829135,-4.404262584845934,0.36387085635719857,-0.9789828011081099,-0.761156795877565,0.03983586368452143,-0.5322417591905544,-0.020374901978847768,-1.105460850862697,-2.3741393690474784,-0.9483100237572984,0.005847679635544309,0.6733889070222934,-0.6663714047754201,-1.5146313810531031,-2.161700556506467,0.05769909714705092,-4.635810737571878,-19.97282032669241,-1.6688687744769644,1.046036489118913,-1.371641280856124,-16.411196217149843,-2.519936484585931,-21.928723029001336,-4.566160549793589,-5.488868199917139,-4.82471800350727,-1.5522191085077033,-1.926365399968651,-1.7433788181505465,-2.281130646313199,-2.1613478621176045,0.24613233770369694,-2.927402930704286,-2.3422770863955784,-0.6472508081038327,-6.671593691933681,-2.2348032134963876,0.6388869817970093,-3.52657246698289,-0.6244182415871274
-1.8592882407808795,-3.7401204637982777,-0.6390149031587137,-1.9446506606954272,0.4485449391846782,-3.614811513308116,0.19253445727703533,-0.480683845186194,-0.896795586341459,0.1643373224343375,-0.6658592286283557,-0.201491109780307,-0.9470724708064259,-1.3708526819728144,-1.132210568437096,-0.17545655311581487,0.3846890693522805,-0.49568238417801674,-1.5145156355015497,-0.24609616082265448,0.821111574556168,-3.78661483285589,-6.393659410766865,-1.2390138451260286,1.2474880938168371,-0.5657824903899313,-6.879330330237015,-2.811053423029582,-4.609912740983151,-3.3983492549567065,-27.09221521935212,-3.779520928666542,-1.1961333679173676,-3.5233398664388065,-3.262692993602366,-3.0938101199152523,-3.3986061096914693,-0.05475213843435675,-1.8989019788939527,-3.758137141396991,-0.8179775778190923,-4.7517261669294655,-2.0547245570502195,0.23651034716527605,-2.5291931587499734,-0.7310778839667366
-1.1939816870031754,-1.9247912796205355,-0.2836699501266119,-2.102085759303964,-0.1922425702157114,-2.493161097760463,0.31956471346578846,-0.9888274325022949,-0.16296548221633728,-1.2457528401390594,-0.6522495529974034,-0.30629709011338396,-1.0245114895602874,-0.13900763468085384,-1.135759266635162,-0.010090147480905231,0.4411273231377217,-0.10254705579551592,-0.3719214552869705,0.5004664131228533,0.9495957802261793,-3.317016438187343,-5.247637293469029,-0.5227047154300681,1.5629903710492146,-0.26203336041617703,-7.1412038619180835,-2.274229961191027,-4.558350437084275,-2.675498288185245,-5.357757746716554,-2.6216265004754358,-0.7606816273534719,-2.8943232864259714,-2.629817302201725,-1.3549856024618647,-2.2172683388415457,0.1479814464004315,-0.7707351480045742,-3.378932851983312,-1.2507259720316573,-4.869087823663687,-1.82349147894613,0.27353301441808564,-2.327959996305594,-0.8886928686171027
-0.9282158816173732,-0.5809188765571489,-0.10871669018559167,-1.2453124394221362,-0.46377858220036833,-1.9471188314499555,0.5253004742290985,-1.8356899720722835,-0.4243213281591568,-3.5572334852952263,-0.573597146540219,-0.33666429749472326,-0.4443946884683826,-0.7989538648836346,-0.8528312765005687,0.0717342930309874,0.7994130293477932,0.006107285231250075,0.39731337845879344,-0.28394594128406525,-1.026115646758986,-1.0596950983053344,-3.0967123112180652,-1.4050769521249358,1.2576796538825106,-0.6486000190526259,-3.127572667125689,-3.6228087881022946,-2.652291070800312,-4.210026290957039,-6.6122416781527305,-2.165026544096811,-0.33865854025409725,-4.773092746627348,-2.3341438346426937,-0.5728510671300634,-1.9625777597046425,0.7010140565244642,-1.004212143017483,-4.248377958993848,-1.1348156703317966,-4.634044558435847,-0.5915954756932881,0.560486136580459,-0.8636402464523061,-1.4139657423337457
-0.9282158816173732,-0.5809188765571489,-0.10871669018559167,-1.2453124394221362,-0.46377858220036833,-1.9471188314499555,0.5253004742290985,-1.8356899720722835,-0.4243213281591568,-3.5572334852952263,-0.573597146540219,-0.33666429749472326,-0.4443946884683826,-0.7989538648836346,-0.8528312765005687,0.0717342930309874,0.7994130293477932,0.006107285231250075,0.39731337845879344,-0.28394594128406525,-1.026115646758986,-1.0596950983053344,-3.0967123112180652,-1.4050769521249358,1.2576796538825106,-0.6486000190526259,-3.127572667125689,-3.6228087881022946,-2.652291070800312,-4.210026290957039,-6.6122416781527305,-2.165026544096811,-0.33865854025409725,-4.773092746627348,-2.3341438346426937,-0.5728510671300634,-1.9625777597046425,0.7010140565244642,-1.004212143017483,-4.248377958993848,-1.1348156703317966,-4.634044558435847,-0.5915954756932881,0.560486136580459,-0.8636402464523061,-1.4139657423337457
-0.9282158816173732,-0.5809188765571489,-0.10871669018559167,-1.2453124394221362,-0.46377858220036833,-1.9471188314499555,0.5253004742290985,-1.8356899720722835,-0.4243213281591568,-3.5572334852952263,-0.573597146540219,-0.33666429749472326,-0.4443946884683826,-0.7989538648836346,-0.8528312765005687,0.0717342930309874,0.7994130293477932,0.006107285231250075,0.39731337845879344,-0.28394594128406525,-1.026115646758986,-1.0596950983053344,-3.0967123112180652,-1.4050769521249358,1.2576796538825106,-0.6486000190526259,-3.127572667125689,-3.6228087881022946,-2.652291070800312,-4.210026290957039,-6.6122416781527305,-2.165026544096811,-0.33865854025409725,-4.773092746627348,-2.3341438346426937,-0.5728510671300634,-1.9625777597046425,0.7010140565244642,-1.004212143017483,-4.248377958993848,-1.1348156703317966,-4.634044558435847,-0.5915954756932881,0.560486136580459,-0.8636402464523061,-1.4139657423337457
-1.283205182714079,-0.3836502191783827,-0.6102645094185235,-2.1974754902867857,-0.08095251820951628,-3.698961994314218,0.3778513622746593,-3.5866414693040287,-0.8810188858542196,-3.7580221680541017,-0.34792910707597613,-0.0645495800055338,-0.7656503580736196,-3.4348571967320836,-0.7453047276873275,-0.5438344267210187,0.8793915481121691,-0.385828817401875,-0.8002545270851825,-2.1020555275110193,-0.3324647840118632,-3.0857758405312468,-8.149440003616991,-2.332041598643884,0.9871271141401726,-1.208010798220361,-5.1983100663574,-1.6669586979312288,-9.533565970098065,-2.5358654125892044,-2.4923935470698684,-3.9512292188255693,-1.2875609665608856,-2.0819932488608317,-1.249990573535314,0.041660832176741436,-2.3517701350465074,0.6151810091919718,-3.4592688747283113,-3.7118654443792303,-0.3707726674349586,-4.303176047702938,-2.0858102994427963,0.6980461759331541,-4.289393893627128,-0.655707980419338
-1.283205182714079,-0.3836502191783827,-0.6102645094185235,-2.1974754902867857,-0.08095251820951628,-3.698961994314218,0.3778513622746593,-3.5866414693040287,-0.8810188858542196,-3.7580221680541017,-0.34792910707597613,-0.0645495800055338,-0.7656503580736196,-3.4348571967320836,-0.7453047276873275,-0.5438344267210187,0.8793915481121691,-0.385828817401875,-0.8002545270851825,-2.1020555275110193,-0.3324647840118632,-3.0857758405312468,-8.149440003616991,-2.332041598643884,0.9871271141401726,-1.208010798220361,-5.1983100663574,-1.6669586979312288,-9.533565970098065,-2.5358654125892044,-2.4923935470698684,-3.9512292188255693,-1.2875609665608856,-2.0819932488608317,-1.249990573535314,0.041660832176741436,-2.3517701350465074,0.6151810091919718,-3.4592688747283113,-3.7118654443792303,-0.3707726674349586,-4.303176047702938,-2.0858102994427963,0.6980461759331541,-4.289393893627128,-0.655707980419338
-1.283205182714079,-0.3836502191783827,-0.6102645094185235,-2.1974754902867857,-0.08095251820951628,-3.698961994314218,0.3778513622746593,-3.5866414693040287,-0.8810188858542196,-3.7580221680541017,-0.34792910707597613,-0.0645495800055338,-0.7656503580736196,-3.4348571967320836,-0.7453047276873275,-0.5438344267210187,0.8793915481121691,-0.385828817401875,-0.8002545270851825,-2.1020555275110193,-0.3324647840118632,-3.0857758405312468,-8.149440003616991,-2.332041598643884,0.9871271141401726,-1.208010798220361,-5.1983100663574,-1.6669586979312288,-9.533565970098065,-2.5358654125892044,-2.4923935470698684,-3.9512292188255693,-1.2875609665608856,-2.0819932488608317,-1.249990573535314,0.041660832176741436,-2.3517701350465074,0.6151810091919718,-3.4592688747283113,-3.7118654443792303,-0.3707726674349586,-4.303176047702938,-2.0858102994427963,0.6980461759331541,-4.289393893627128,-0.655707980419338
-1.283205182714079,-0.3836502191783827,-0.6102645094185235,-2.1974754902867857,-0.08095251820951628,-3.698961994314218,0.3778513622746593,-3.5866414693040287,-0.8810188858542196,-3.7580221680541017,-0.34792910707597613,-0.0645495800055338,-0.7656503580736196,-3.4348571967320836,-0.7453047276873275,-0.5438344267210187,0.8793915481121691,-0.385828817401875,-0.8002545270851825,-2.1020555275110193,-0.3324647840118632,-3.0857758405312468,-8.149440003616991,-2.332041598643884,0.9871271141401726,-1.208010798220361,-5.1983100663574,-1.6669586979312288,-9.533565970098065,-2.5358654125892044,-2.4923935470698684,-3.9512292188255693,-1.2875609665608856,-2.0819932488608317,-1.249990573535314,0.041660832176741436,-2.3517701350465074,0.6151810091919718,-3.4592688747283113,-3.7118654443792303,-0.3707726674349586,-4.303176047702938,-2.0858102994427963,0.6980461759331541,-4.289393893627128,-0.655707980419338
-1.283205182714079,-0.3836502191783827,-0.6102645094185235,-2.1974754902867857,-0.08095251820951628,-3.698961994314218,0.3778513622746593,-3.5866414693040287,-0.8810188858542196,-3.7580221680541017,-0.34792910707597613,-0.0645495800055338,-0.7656503580736196,-3.4348571967320836,-0.7453047276873275,-0.5438344267210187,0.8793915481121691,-0.385828817401875,-0.8002545270851825,-2.1020555275110193,-0.3324647840118632,-3.0857758405312468,-8.149440003616991,-2.332041598643884,0.9871271141401726,-1.208010798220361,-5.1983100663574,-1.6669586979312288,-9.533565970098065,-2.5358654125892044,-2.4923935470698684,-3.9512292188255693,-1.2875609665608856,-2.0819932488608317,-1.249990573535314,0.041660832176741436,-2.3517701350465074,0.6151810091919718,-3.4592688747283113,-3.7118654443792303,-0.3707726674349586,-4.303176047702938,-2.0858102994427963,0.6980461759331541,-4.289393893627128,-0.655707980419338
-1.283205182714079,-0.3836502191783827,-0.6102645094185235,-2.1974754902867857,-0.08095251820951628,-3.698961994314218,0.3778513622746593,-3.5866414693040287,-0.8810188858542196,-3.7580221680541017,-0.34792910707597613,-0.0645495800055338,-0.7656503580736196,-3.4348571967320836,-0.7453047276873275,-0.5438344267210187,0.8793915481121691,-0.385828817401875,-0.8002545270851825,-2.1020555275110193,-0.3324647840118632,-3.0857758405312468,-8.149440003616991,-2.332041598643884,0.9871271141401726,-1.208010798220361,-5.1983100663574,-1.6669586979312288,-9.533565970098065,-2.5358654125892044,-2.4923935470698684,-3.9512292188255693,-1.2875609665608856,-2.0819932488608317,-1.249990573535314,0.041660832176741436,-2.3517701350465074,0.6151810091919718,-3.4592688747283113,-3.7118654443792303,-0.3707726674349586,-4.303176047702938,-2.0858102994427963,0.6980461759331541,-4.289393893627128,-0.655707980419338
-1.388237112617804,-2.8435372136778296,-0.34449208403764753,-1.4541313495550872,-0.001703413306220551,-2.8181252104415377,0.5027874799657738,-2.8953648212174485,-1.1487942130424083,-2.931390598184197,-0.4844923654053141,-0.06712620688924324,-0.8311625591407772,-2.2400243905997312,-0.7477436280759211,-1.2642551332625882,0.6615998172746872,-0.5899231625436295,-0.9372608786691522,-1.7267483297363215,-0.9425748388819073,-5.351176972085204,-4.637901011967124,-1.4836452242901887,1.0324024295691494,-0.8307784961926643,-8.561506232457607,-3.3839318945603667,-9.51182226411945,-2.539050299298239,-11.463874860642674,-3.0043032522758946,-0.68172109449597,-2.862546979580032,-1.6612148535318934,-1.2988962814761704,-1.2590380962745364,0.37938051056055955,-1.9452385072072917,-2.793260765518573,-0.5523619798097585,-13.36783238510229,-2.0319797256236938,0.8461281544395284,-2.987816264417123,-0.7057210326201799
-1.1939816870031754,-1.9247912796205355,-0.2836699501266119,-2.102085759303964,-0.1922425702157114,-2.493161097760463,0.31956471346578846,-0.9888274325022949,-0.16296548221633728,-1.2457528401390594,-0.6522495529974034,-0.30629709011338396,-1.0245114895602874,-0.13900763468085384,-1.135759266635162,-0.010090147480905231,0.4411273231377217,-0.10254705579551592,-0.3719214552869705,0.5004664131228533,0.9495957802261793,-3.317016438187343,-5.247637293469029,-0.5227047154300681,1.5629903710492146,-0.26203336041617703,-7.1412038619180835,-2.274229961191027,-4.558350437084275,-2.675498288185245,-5.357757746716554,-2.6216265004754358,-0.7606816273534719,-2.8943232864259714,-2.629817302201725,-1.3549856024618647,-2.2172683388415457,0.1479814464004315,-0.7707351480045742,-3.378932851983312,-1.2507259720316573,-4.869087823663687,-1.82349147894613,0.27353301441808564,-2.327959996305594,-0.8886928686171027
-1.5761707224153756,-4.350161850975449,-0.19728610888271386,-2.2334578628362927,-0.34303236104439383,-2.305348400955496,0.5066382099982287,-0.37495771465908345,-0.8798587745357951,-0.7213856369349819,-0.8748454617869118,-0.1658902925295544,-0.8903929659284103,-0.9651496133883539,-1.5507672311505913,0.5683777977338366,0.510051231992684,0.18502699390774657,-0.5138535158387604,-0.38426117243696295,-0.40041425249598217,-2.4912459784764684,-4.448759437957439,-0.9426011630175943,1.4604175593451751,-0.43481085843479367,-5.124724782688447,-2.946064997026274,-1.7236998088284223,-2.9002837040133334,-7.201986215877205,-1.0397111984858451,0.2349816566922143,-6.634414879665859,-3.395648240707148,-1.8946596966121358,-2.5014484614451598,-0.07305227897422548,-0.9847384860816237,-4.0974666655556895,-1.6621061143292062,-3.889596407826886,-1.710655625639083,0.5529613044396406,-1.5724289646433502,-0.9865564908988085
-1.5761707224153756,-4.350161850975449,-0.19728610888271386,-2.2334578628362927,-0.34303236104439383,-2.305348400955496,0.5066382099982287,-0.37495771465908345,-0.8798587745357951,-0.7213856369349819,-0.8748454617869118,-0.1658902925295544,-0.8903929659284103,-0.9651496133883539,-1.5507672311505913,0.5683777977338366,0.510051231992684,0.18502699390774657,-0.5138535158387604,-0.38426117243696295,-0.40041425249598217,-2.4912459784764684,-4.448759437957439,-0.9426011630175943,1.4604175593451751,-0.43481085843479367,-5.124724782688447,-2.946064997026274,-1.7236998088284223,-2.9002837040133334,-7.201986215877205,-1.0397111984858451,0.2349816566922143,-6.634414879665859,-3.395648240707148,-1.8946596966121358,-2.5014484614451598,-0.07305227897422548,-0.9847384860816237,-4.0974666655556895,-1.6621061143292062,-3.889596407826886,-1.710655625639083,0.5529613044396406,-1.5724289646433502,-0.9865564908988085
-1.5761707224153756,-4.350161850975449,-0.19728610888271386,-2.2334578628362927,-0.34303236104439383,-2.305348400955496,0.5066382099982287,-0.37495771465908345,-0.8798587745357951,-0.7213856369349819,-0.8748454617869118,-0.1658902925295544,-0.8903929659284103,-0.9651496133883539,-1.5507672311505913,0.5683777977338366,0.510051231992684,0.18502699390774657,-0.5138535158387604,-0.38426117243696295,-0.40041425249598217,-2.4912459784764684,-4.448759437957439,-0.9426011630175943,1.4604175593451751,-0.43481085843479367,-5.124724782688447,-2.946064997026274,-1.7236998088284223,-2.9002837040133334,-7.201986215877205,-1.0397111984858451,0.2349816566922143,-6.634414879665859,-3.395648240707148,-1.8946596966121358,-2.5014484614451598,-0.07305227897422548,-0.9847384860816237,-4.0974666655556895,-1.6621061143292062,-3.889596407826886,-1.710655625639083,0.5529613044396406,-1.5724289646433502,-0.9865564908988085
-0.9282158816173732,-0.5809188765571489,-0.10871669018559167,-1.2453124394221362,-0.46377858220036833,-1.9471188314499555,0.5253004742290985,-1.8356899720722835,-0.4243213281591568,-3.5572334852952263,-0.573597146540219,-0.33666429749472326,-0.4443946884683826,-0.7989538648836346,-0.8528312765005687,0.0717342930309874,0.7994130293477932,0.006107285231250075,0.39731337845879344,-0.28394594128406525,-1.026115646758986,-1.0596950983053344,-3.0967123112180652,-1.4050769521249358,1.2576796538825106,-0.6486000190526259,-3.127572667125689,-3.6228087881022946,-2.652291070800312,-4.210026290957039,-6.6122416781527305,-2.165026544096811,-0.33865854025409725,-4.773092746627348,-2.3341438346426937,-0.5728510671300634,-1.9625777597046425,0.7010140565244642,-1.004212143017483,-4.248377958993848,-1.1348156703317966,-4.634044558435847,-0.5915954756932881,0.560486136580459,-0.8636402464523061,-1.4139657423337457
-1.1923199148392907,-1.8926546185746975,-0.27579596578370685,-2.2628596103364678,-0.26454163987134766,-2.9957730753372416,0.5333463214036538,-1.56778524975345,-1.0969853310023698,-4.156558383297579,-0.7545577672029344,-0.18211972163720266,-0.48637734734518867,-1.7420133924075734,-0.7158655006468677,0.20462524401796828,0.5385435890799369,-0.5513408098789789,-0.9947385643900118,-1.1372135677163495,-2.1009443240721457,-4.023130799266545,-4.431694522990291,-1.4920539249011011,1.2574112357046292,-0.9627309290229171,-3.173570420782902,-3.3893227729790825,-2.2982718112106673,-3.2034468926597066,-3.9072271221377086,-2.738249055594983,-1.031185398705742,-3.621900982906526,-2.0275748960971627,-1.3262768338212017,-1.3448251564588938,0.49570995929720973,-0.5460354762432457,-4.733314810896931,-1.0547330920834335,-5.21673967227673,-1.1561038046142362,0.6993624167272279,-1.6108775716297024,-1.4318163861227098
-1.1923199148392907,-1.8926546185746975,-0.27579596578370685,-2.2628596103364678,-0.26454163987134766,-2.9957730753372416,0.5333463214036538,-1.56778524975345,-1.0969853310023698,-4.156558383297579,-0.7545577672029344,-0.18211972163720266,-0.48637734734518867,-1.7420133924075734,-0.7158655006468677,0.20462524401796828,0.5385435890799369,-0.5513408098789789,-0.9947385643900118,-1.1372135677163495,-2.1009443240721457,-4.023130799266545,-4.431694522990291,-1.4920539249011011,1.2574112357046292,-0.9627309290229171,-3.173570420782902,-3.3893227729790825,-2.2982718112106673,-3.2034468926597066,-3.9072271221377086,-2.738249055594983,-1.031185398705742,-3.621900982906526,-2.0275748960971627,-1.3262768338212017,-1.3448251564588938,0.49570995929720973,-0.5460354762432457,-4.733314810896931,-1.0547330920834335,-5.21673967227673,-1.1561038046142362,0.6993624167272279,-1.6108775716297024,-1.4318163861227098
-1.1923199148392907,-1.8926546185746975,-0.27579596578370685,-2.2628596103364678,-0.26454163987134766,-2.9957730753372416,0.5333463214036538,-1.56778524975345,-1.0969853310023698,-4.156558383297579,-0.7545577672029344,-0.18211972163720266,-0.48637734734518867,-1.7420133924075734,-0.7158655006468677,0.20462524401796828,0.5385435890799369,-0.5513408098789789,-0.9947385643900118,-1.1372135677163495,-2.1009443240721457,-4.023130799266545,-4.431694522990291,-1.4920539249011011,1.2574112357046292,-0.9627309290229171,-3.173570420782902,-3.3893227729790825,-2.2982718112106673,-3.2034468926597066,-3.9072271221377086,-2.738249055594983,-1.031185398705742,-3.621900982906526,-2.0275748960971627,-1.3262768338212017,-1.3448251564588938,0.49570995929720973,-0.5460354762432457,-4.733314810896931,-1.0547330920834335,-5.21673967227673,-1.1561038046142362,0.6993624167272279,-1.6108775716297024,-1.4318163861227098
-1.1923199148392907,-1.8926546185746975,-0.27579596578370685,-2.2628596103364678,-0.26454163987134766,-2.9957730753372416,0.5333463214036538,-1.56778524975345,-1.0969853310023698,-4.156558383297579,-0.7545577672029344,-0.18211972163720266,-0.48637734734518867,-1.7420133924075734,-0.7158655006468677,0.20462524401796828,0.5385435890799369,-0.5513408098789789,-0.9947385643900118,-1.1372135677163495,-2.1009443240721457,-4.023130799266545,-4.431694522990291,-1.4920539249011011,1.2574112357046292,-0.9627309290229171,-3.173570420782902,-3.3893227729790825,-2.2982718112106673,-3.2034468926597066,-3.9072271221377086,-2.738249055594983,-1.031185398705742,-3.621900982906526,-2.0275748960971627,-1.3262768338212017,-1.3448251564588938,0.49570995929720973,-0.5460354762432457,-4.733314810896931,-1.0547330920834335,-5.21673967227673,-1.1561038046142362,0.6993624167272279,-1.6108775716297024,-1.4318163861227098
-1.1923199148392907,-1.8926546185746975,-0.27579596578370685,-2.2628596103364678,-0.26454163987134766,-2.9957730753372416,0.5333463214036538,-1.56778524975345,-1.0969853310023698,-4.156558383297579,-0.7545577672029344,-0.18211972163720266,-0.48637734734518867,-1.7420133924075734,-0.7158655006468677,0.20462524401796828,0.5385435890799369,-0.5513408098789789,-0.9947385643900118,-1.1372135677163495,-2.1009443240721457,-4.023130799266545,-4.431694522990291,-1.4920539249011011,1.2574112357046292,-0.9627309290229171,-3.173570420782902,-3.3893227729790825,-2.2982718112106673,-3.2034468926597066,-3.9072271221377086,-2.738249055594983,-1.031185398705742,-3.621900982906526,-2.0275748960971627,-1.3262768338212017,-1.3448251564588938,0.49570995929720973,-0.5460354762432457,-4.733314810896931,-1.0547330920834335,-5.21673967227673,-1.1561038046142362,0.6993624167272279,-1.6108775716297024,-1.4318163861227098
-1.5092164683149798,-5.465264300882523,-0.4956155606399105,-2.1578096186295217,0.3342950309939984,-4.0668862974604325,-0.06028704430541723,-0.9365591309705077,-1.5598571659002416,-0.7769499242230401,-0.5584702802165542,-0.3121644891979543,-0.3982273816541473,-2.42225932690315,-1.0722706339132853,-0.4743367903122351,0.5734657722044864,-0.6981829949365221,-1.5628564520726445,-2.2027695938342524,-1.4942735668529161,-5.707866645387834,-23.605531169086582,-2.282527263938754,0.9769914646585144,-0.7535661809572748,-5.384407051172095,-3.2958209303993575,-4.598853431737006,-4.18236285753702,-6.6815128253030505,-3.715872220409419,-1.3232598123404922,-3.644297084191021,-2.8588504472804046,-2.6709115205386684,-1.6004884789602143,0.22919410366546178,-2.1673694422204677,-3.3724000464862236,-0.5993358482758843,-3.9551862911037983,-2.2134557269497837,0.5164483441049343,-2.610666266072623,-0.3757818236687816
-2.195052396523919,-4.402178078266254,-0.5814499692907319,-2.2856817121067463,0.6309130897428562,-4.321324168063658,0.289442980039438,-0.45706708925457906,-1.9059483092576732,0.4393150235949666,-0.8277570375954552,-0.29255612601224257,-0.6305731503256373,-2.749764521549814,-1.0877990419593113,0.24166418189737554,0.4573599394252793,-0.42213162960919365,-1.855109817987516,-2.5377647966334362,-2.2447059602506143,-4.045681706061829,-5.755415034523216,-2.2471864041368907,1.023028607139135,-0.5138255955892246,-4.047669547574405,-3.7539178385435044,-3.4795133857843603,-3.139395205037636,-6.615876639830764,-3.90469229051122,-0.9693132466975962,-5.568208355669041,-4.162351459452854,-2.860067042923493,-2.4390471851729143,-0.048686704894218974,-2.3454373845797125,-4.693534822902651,-1.2042530363926758,-3.2331004858332153,-1.905890631258216,0.35786041444783584,-3.947569304865745,-0.7138901310592991
-2.195052396523919,-4.402178078266254,-0.5814499692907319,-2.2856817121067463,0.6309130897428562,-4.321324168063658,0.289442980039438,-0.45706708925457906,-1.9059483092576732,0.4393150235949666,-0.8277570375954552,-0.29255612601224257,-0.6305731503256373,-2.749764521549814,-1.0877990419593113,0.24166418189737554,0.4573599394252793,-0.42213162960919365,-1.855109817987516,-2.5377647966334362,-2.2447059602506143,-4.045681706061829,-5.755415034523216,-2.2471864041368907,1.023028607139135,-0.5138255955892246,-4.047669547574405,-3.7539178385435044,-3.4795133857843603,-3.139395205037636,-6.615876639830764,-3.90469229051122,-0.9693132466975962,-5.568208355669041,-4.162351459452854,-2.860067042923493,-2.4390471851729143,-0.048686704894218974,-2.3454373845797125,-4.693534822902651,-1.2042530363926758,-3.2331004858332153,-1.905890631258216,0.35786041444783584,-3.947569304865745,-0.7138901310592991
-2.195052396523919,-4.402178078266254,-0.5814499692907319,-2.2856817121067463,0.6309130897428562,-4.321324168063658,0.289442980039438,-0.45706708925457906,-1.9059483092576732,0.4393150235949666,-0.8277570375954552,-0.29255612601224257,-0.6305731503256373,-2.749764521549814,-1.0877990419593113,0.24166418189737554,0.4573599394252793,-0.42213162960919365,-1.855109817987516,-2.5377647966334362,-2.2447059602506143,-4.045681706061829,-5.755415034523216,-2.2471864041368907,1.023028607139135,-0.5138255955892246,-4.047669547574405,-3.7539178385435044,-3.4795133857843603,-3.139395205037636,-6.615876639830764,-3.90469229051122,-0.9693132466975962,-5.568208355669041,-4.162351459452854,-2.860067042923493,-2.4390471851729143,-0.048686704894218974,-2.3454373845797125,-4.693534822902651,-1.2042530363926758,-3.2331004858332153,-1.905890631258216,0.35786041444783584,-3.947569304865745,-0.7138901310592991
-1.8592882407808795,-3.7401204637982777,-0.6390149031587137,-1.9446506606954272,0.4485449391846782,-3.614811513308116,0.19253445727703533,-0.480683845186194,-0.896795586341459,0.1643373224343375,-0.6658592286283557,-0.201491109780307,-0.9470724708064259,-1.3708526819728144,-1.132210568437096,-0.17545655311581487,0.3846890693522805,-0.49568238417801674,-1.5145156355015497,-0.24609616082265448,0.821111574556168,-3.78661483285589,-6.393659410766865,-1.2390138451260286,1.2474880938168371,-0.5657824903899313,-6.879330330237015,-2.811053423029582,-4.609912740983151,-3.3983492549567065,-27.09221521935212,-3.779520928666542,-1.1961333679173676,-3.5233398664388065,-3.262692993602366,-3.0938101199152523,-3.3986061096914693,-0.05475213843435675,-1.8989019788939527,-3.758137141396991,-0.8179775778190923,-4.7517261669294655,-2.0547245570502195,0.23651034716527605,-2.5291931587499734,-0.7310778839667366
-1.1939816870031754,-1.9247912796205355,-0.2836699501266119,-2.102085759303964,-0.1922425702157114,-2.493161097760463,0.31956471346578846,-0.9888274325022949,-0.16296548221633728,-1.2457528401390594,-0.6522495529974034,-0.30629709011338396,-1.0245114895602874,-0.13900763468085384,-1.135759266635162,-0.010090147480905231,0.4411273231377217,-0.10254705579551592,-0.3719214552869705,0.5004664131228533,0.9495957802261793,-3.317016438187343,-5.247637293469029,-0.5227047154300681,1.5629903710492146,-0.26203336041617703,-7.1412038619180835,-2.274229961191027,-4.558350437084275,-2.675498288185245,-5.357757746716554,-2.6216265004754358,-0.7606816273534719,-2.8943232864259714,-2.629817302201725,-1.3549856024618647,-2.2172683388415457,0.1479814464004315,-0.7707351480045742,-3.378932851983312,-1.2507259720316573,-4.869087823663687,-1.82349147894613,0.27353301441808564,-2.327959996305594,-0.8886928686171027
-0.9282158816173732,-0.5809188765571489,-0.10871669018559167,-1.2453124394221362,-0.46377858220036833,-1.9471188314499555,0.5253004742290985,-1.8356899720722835,-0.4243213281591568,-3.5572334852952263,-0.573597146540219,-0.33666429749472326,-0.4443946884683826,-0.7989538648836346,-0.8528312765005687,0.0717342930309874,0.7994130293477932,0.006107285231250075,0.39731337845879344,-0.28394594128406525,-1.026115646758986,-1.0596950983053344,-3.0967123112180652,-1.4050769521249358,1.2576796538825106,-0.6486000190526259,-3.127572667125689,-3.6228087881022946,-2.652291070800312,-4.210026290957039,-6.6122416781527305,-2.165026544096811,-0.33865854025409725,-4.773092746627348,-2.3341438346426937,-0.5728510671300634,-1.9625777597046425,0.7010140565244642,-1.004212143017483,-4.248377958993848,-1.1348156703317966,-4.634044558435847,-0.5915954756932881,0.560486136580459,-0.8636402464523061,-1.4139657423337457
-0.9282158816173732,-0.5809188765571489,-0.10871669018559167,-1.2453124394221362,-0.46377858220036833,-1.9471188314499555,0.5253004742290985,-1.8356899720722835,-0.4243213281591568,-3.5572334852952263,-0.573597146540219,-0.33666429749472326,-0.4443946884683826,-0.7989538648836346,-0.8528312765005687,0.0717342930309874,0.7994130293477932,0.006107285231250075,0.39731337845879344,-0.28394594128406525,-1.026115646758986,-1.0596950983053344,-3.0967123112180652,-1.4050769521249358,1.2576796538825106,-0.6486000190526259,-3.127572667125689,-3.6228087881022946,-2.652291070800312,-4.210026290957039,-6.6122416781527305,-2.165026544096811,-0.33865854025409725,-4.773092746627348,-2.3341438346426937,-0.5728510671300634,-1.9625777597046425,0.7010140565244642,-1.004212143017483,-4.248377958993848,-1.1348156703317966,-4.634044558435847,-0.5915954756932881,0.560486136580459,-0.8636402464523061,-1.4139657423337457
-0.9282158816173732,-0.5809188765571489,-0.10871669018559167,-1.2453124394221362,-0.46377858220036833,-1.9471188314499555,0.5253004742290985,-1.8356899720722835,-0.4243213281591568,-3.5572334852952263,-0.573597146540219,-0.33666429749472326,-0.4443946884683826,-0.7989538648836346,-0.8528312765005687,0.0717342930309874,0.7994130293477932,0.006107285231250075,0.39731337845879344,-0.28394594128406525,-1.026115646758986,-1.0596950983053344,-3.0967123112180652,-1.4050769521249358,1.2576796538825106,-0.6486000190526259,-3.127572667125689,-3.6228087881022946,-2.652291070800312,-4.210026290957039,-6.6122416781527305,-2.165026544096811,-0.33865854025409725,-4.773092746627348,-2.3341438346426937,-0.5728510671300634,-1.9625777597046425,0.7010140565244642,-1.004212143017483,-4.248377958993848,-1.1348156703317966,-4.634044558435847,-0.5915954756932881,0.560486136580459,-0.8636402464523061,-1.4139657423337457
-0.9282158816173732,-0.5809188765571489,-0.10871669018559167,-1.2453124394221362,-0.46377858220036833,-1.9471188314499555,0.5253004742290985,-1.8356899720722835,-0.4243213281591568,-3.5572334852952263,-0.573597146540219,-0.33666429749472326,-0.4443946884683826,-0.7989538648836346,-0.8528312765005687,0.0717342930309874,0.7994130293477932,0.006107285231250075,0.39731337845879344,-0.28394594128406525,-1.026115646758986,-1.0596950983053344,-3.0967123112180652,-1.4050769521249358,1.2576796538825106,-0.6486000190526259,-3.127572667125689,-3.6228087881022946,-2.652291070800312,-4.210026290957039,-6.6122416781527305,-2.165026544096811,-0.33865854025409725,-4.773092746627348,-2.3341438346426937,-0.5728510671300634,-1.9625777597046425,0.7010140565244642,-1.004212143017483,-4.248377958993848,-1.1348156703317966,-4.634044558435847,-0.5915954756932881,0.560486136580459,-0.8636402464523061,-1.4139657423337457
-0.9282158816173732,-0.5809188765571489,-0.10871669018559167,-1.2453124394221362,-0.46377858220036833,-1.9471188314499555,0.5253004742290985,-1.8356899720722835,-0.4243213281591568,-3.5572334852952263,-0.573597146540219,-0.33666429749472326,-0.4443946884683826,-0.7989538648836346,-0.8528312765005687,0.0717342930309874,0.7994130293477932,0.006107285231250075,0.39731337845879344,-0.28394594128406525,-1.026115646758986,-1.0596950983053344,-3.0967123112180652,-1.4050769521249358,1.2576796538825106,-0.6486000190526259,-3.127572667125689,-3.6228087881022946,-2.652291070800312,-4.210026290957039,-6.6122416781527305,-2.165026544096811,-0.33865854025409725,-4.773092746627348,-2.3341438346426937,-0.5728510671300634,-1.9625777597046425,0.7010140565244642,-1.004212143017483,-4.248377958993848,-1.1348156703317966,-4.634044558435847,-0.5915954756932881,0.560486136580459,-0.8636402464523061,-1.4139657423337457
-0.9282158816173732,-0.5809188765571489,-0.10871669018559167,-1.2453124394221362,-0.46377858220036833,-1.9471188314499555,0.5253004742290985,-1.8356899720722835,-0.4243213281591568,-3.5572334852952263,-0.573597146540219,-0.33666429749472326,-0.4443946884683826,-0.7989538648836346,-0.8528312765005687,0.0717342930309874,0.7994130293477932,0.006107285231250075,0.39731337845879344,-0.28394594128406525,-1.026115646758986,-1.0596950983053344,-3.0967123112180652,-1.4050769521249358,1.2576796538825106,-0.6486000190526259,-3.127572667125689,-3.6228087881022946,-2.652291070800312,-4.210026290957039,-6.6122416781527305,-2.165026544096811,-0.33865854025409725,-4.773092746627348,-2.3341438346426937,-0.5728510671300634,-1.9625777597046425,0.7010140565244642,-1.004212143017483,-4.248377958993848,-1.1348156703317966,-4.634044558435847,-0.5915954756932881,0.560486136580459,-0.8636402464523061,-1.4139657423337457
-1.7428100894119356,-0.8862446811866687,-0.3699618737855271,-1.8443636003274058,-0.31190245843085757,-3.0093068278649087,-0.13717288906690175,-2.2595192594106717,-1.745472432482037,-5.730380918472582,-0.5846908371523076,-0.46627682578151586,0.07682604187122576,-2.7108715397862833,-1.2546385133033195,-0.011683059108204082,0.685516958754236,-0.601759456704489,-0.7856165166895199,-1.021612861777393,-2.1842988336960873,-4.095736809691074,-5.408931039916985,-1.82773923156404,1.154166082114587,-1.2087961572662158,-3.801094559359207,-3.4235090050620847,-2.52194218220321,-2.984972472794263,-2.5548449511718525,-3.7166868544436755,-1.0991306820919178,-2.983553885875104,-1.8621285198697632,-0.49546299885983724,-2.093481339408314,0.6980772718375579,-1.8483805460168155,-4.804593397039604,-1.003254328075558,-4.615695771554735,-0.8982292380646987,0.39406272697389705,-2.217677809858819,-0.9946857131913516
