-0.6147214844406804,-0.28358846815702554,-0.40315922044301145,0.08566653203968773,0.889488622473496,-0.7146395873181355,1.566997214876117,-0.25091242678408865,-0.4251994730376615,0.7462968016083226,0.24696055360846475,0.9440647232975643,0.5713865272107171,0.6079716891032572,-0.8261477645702106,-0.4322255414038894,-0.38927382577824804,0.1459048744184385,1.1418491641357615,0.3301134202787237
0.07693670915843737,-0.4957566471954947,-0.8905512998523014,-0.3612060457380255,1.5264287716076752,-1.3054053285319385,2.8119904461536556,-0.02564249039497936,-1.1814048374888484,1.7242023164296838,0.4359026510662947,1.6999811586549531,0.2860570291176754,0.7559011797378452,-0.29777033690199983,-0.0538935882735643,-1.3209358835954423,0.5591020259937907,1.3513207204384832,0.49857124356633786
-0.1915189412535956,-0.06092443447409515,-0.23795331801276154,-0.9356809717369841,1.6088945205918923,-1.5363112625801016,3.1919919834181965,-0.8670558239243639,-1.4323321243204263,1.0451516901157751,0.6233973800530314,0.9395804697821957,0.7234537074392202,0.5464964084811224,1.2463177993069467,-0.054387607231623586,-1.2579134183276097,0.01289102203171466,0.7692301342972576,1.1047062515392936
-0.12152052774978461,0.05674818883268695,-0.8552518945262314,-0.7897557669802822,0.6195365883168817,-2.157994110887113,3.8516403417415033,-1.7183129447398082,-1.6253742367343735,0.7893476068924152,-0.14186756894433072,0.8988442445334985,0.29701408576312527,0.09186340640143834,0.5625981158406265,0.386023836716052,-1.1430916308194718,-0.003586937738534801,0.5249471266710294,1.813122152397923
-0.30825641365570466,0.5953621086375701,-1.658877427906966,-0.570331850001761,0.1895091707974769,-1.733442386722885,4.5813873447047335,-2.021938763640519,-1.6176622924149893,-1.264012635308279,0.0030445991450728516,0.7367649026555618,-0.38414906705226626,-1.0422103820530109,0.7852097272328786,1.2748941789122394,-0.3630000870219129,0.4350372112403391,-0.5993331296472976,1.8674476192772063
-1.1143450505518024,-0.21807705458728127,-2.221368180643784,-0.8712704965935516,0.5396083701431779,-0.5942409273446354,4.220027497433711,-0.17019155627693905,-1.2908648677316754,-3.84736358445815,1.8352908608707714,-0.24169070760952222,-0.7600646386179407,-1.9770237261413184,-0.22258593879665184,2.799037314170945,0.5117718285510878,-0.4584998259598611,-1.1085126329388344,1.2758658423486646
-0.9189917416860667,-1.2797581138817238,-2.5855926471575645,-1.8423875934719511,0.4513332281233301,0.03040018851570818,2.6384126354470383,1.3324695834382405,-0.3800116180534604,-4.750836930050225,3.2998986870174987,-0.627417398138615,0.09316516446022323,-2.0001022266377118,-0.2636607015057709,2.952948730039384,0.30058171423108476,-1.4973154582819506,-1.251384997127791,1.2145339236738675
-0.7758312805475132,-1.7803287818522804,-2.1486875569627695,-1.8152048800341536,-0.4331749025210366,-0.24070246109434143,1.2517476123510587,0.29200463346316824,0.3131645202487365,-3.7812889743082847,2.755857543582292,-0.6521037356563071,0.6323557268900236,-2.5711096299986336,-0.9228000634038502,1.5783409228440073,-0.373934968387015,-2.6737945603365634,-1.442159794697843,1.32155016737165
-0.9369763985585793,-2.444432909981384,-1.5459983481053818,-0.9941303840798761,-1.0937006691519862,-0.2924151160030703,0.1318509421409908,-1.8509928468563848,0.7544950684288143,-2.322441109923165,1.7291937628585288,-0.25823849849623226,1.3536361712897842,-2.9791140763339135,-1.1789037216792893,0.08711207883051181,-0.45057193491326486,-2.6821186777962778,-1.9142635517801383,0.9870450961461352
-1.2510542883209528,-2.668084109286153,-1.484229983289259,0.03657046885362425,-0.8022842076547886,-0.15354048644277823,-0.07885286899390154,-2.5693450628150636,1.006536896844335,-0.07380368439863852,0.3683220645138968,0.7312558686587739,1.3263883786870365,-3.4044937878853343,-1.119398666330496,-1.3465097012296487,-0.6191550414828704,-1.478351598583646,-3.0755348022335403,0.1608115554093737
-1.5804023386545967,-1.9689104539087348,-1.015899886842876,0.24575373561746516,0.5118781778161555,1.063057335864103,0.006939508405206629,-0.20336366335109657,0.46245207191716486,0.729580022276763,1.0752635223734404,2.176380813495477,0.7779978651527922,-2.4665180145302203,-0.2192111936885821,-1.770201799171964,-0.5880319490741193,-1.2329109264271516,-4.559159513207894,-0.7107916437226118
-1.170210601798601,-2.415201885131185,-0.8055435152592287,-0.4837505753227316,0.5186560113907448,1.4860140044159893,0.05238095489164252,1.1881259419030057,0.005096124366226251,0.27117989660575115,1.9836131058116007,1.6678113326309048,0.5403856953379889,-1.6092642101860144,-0.5845746132898899,-1.2708317834538696,-0.8052770327464882,-1.3264421784233555,-5.026248222982355,-0.3635113471981446
-1.1144390803670092,-2.5027126711327483,-0.7257072403851719,-1.6309384150801856,0.38673203351116303,1.6367724954508687,0.02457483130652649,1.3606378532415955,0.21717849542312717,0.09398420982256733,2.4957972604035983,1.0848392908933018,0.09748804502281258,-1.1805760340919342,-0.4703770142493274,-1.5373751481642839,-1.6747276540600895,-1.43660263128218,-5.2668302044134645,0.20407594002884555
-1.3619908677321326,-2.7957150390065246,-0.5056715889871252,-2.2776856300798474,-0.36470577168806173,1.3608418659846375,0.42896233608510603,0.9686196290279204,0.514730495935621,-0.9154862099615582,2.428238354187739,1.4240506939408102,-0.2303691573537646,-1.1905698683395403,-1.5265835237768401,-1.7727465050338094,-2.0365605082897114,-1.204229174278094,-5.1015760167465825,1.0097444132212354
-0.9830303862172849,-3.3988159953458,-0.25724923506076447,-1.8743863853213885,-0.40019549074604055,1.2640666492224928,0.8769869144700263,0.01409023806877785,1.179046166743276,-1.365896814041424,2.510870718606248,1.502139078621628,0.09912707497124662,-0.37868276979224635,-2.7756070350260647,-1.29244531831766,-2.0868415129123883,-0.931016271744542,-4.766118316290699,1.1930889092263788
-0.20784838723498478,-3.5864273607056085,-0.23661075831541112,-1.2423226248926125,-0.995246701393778,1.1585422407453223,0.8163445157355769,-0.8724462446875603,1.7745942877958014,0.30944742062873853,1.238344231363353,2.678641485348483,-0.21357379152811812,-1.0435403885642727,-1.8944511014477288,-1.2264557818287334,-2.124534432151656,-1.4935904567373606,-3.601959332336848,1.552554784787326
-0.08290589877539267,-2.9669531827857574,-0.8309011811640226,0.3417932802827518,-1.0929338844948675,0.6548118222648024,0.8863223834809366,-2.1794235499464527,1.3182375410811353,1.5797757844209563,0.09799892376965597,3.5829396408259684,0.081939734982134,-1.1769538984665995,-0.34264999143723074,-2.4138413978705806,-1.9146666732934252,0.4126236232745315,-3.9686239061420934,1.7079958734015965
-0.8985264605343019,-1.9849494736862106,-0.35885492748118103,0.7250446652455936,-0.6139459689399058,0.8560863950394401,1.419148008653361,-1.1745732249515821,0.6330532518857314,0.5539305524267529,0.3148764992881205,3.797171270983419,-0.09094713772141191,-0.4932308175841398,0.44230021437790756,-1.8515143839812171,-1.4572184157924506,1.4178671235318316,-4.312571363874267,0.9982481983295259
-1.571318701016154,-1.4967554240350929,-0.927333532433388,-0.840668757268277,-0.48149399759286965,1.1568495767746998,2.561352364670077,1.285807129176062,-0.048523121827937526,-2.3825177365647643,1.452752520249558,2.5407369685095613,-0.7756803583138683,-0.7077178907704881,0.3375945921963849,-0.12150608114004968,-0.7814111563568359,1.871452952605789,-3.9530966104347387,-0.23597577961886862
-2.2211413584280058,-1.4472597836298429,-0.13761855154339897,-2.8273272491684986,-0.7273424227706765,1.7859826263496088,2.011607899214913,3.2741435811169897,0.16397814951127698,-3.8906449525902933,2.312862339005292,0.7412258347255344,-0.18065807496571185,-0.6702603648780264,0.09675587639484297,0.5892389060419863,0.16138953247553423,-0.07207364254384516,-2.846647139647205,-0.5364498896441575
-2.1455133486551423,-2.1911435842341933,1.1687576116316765,-3.0654708908396646,-1.0666574936562847,0.9452030042251105,0.6997507739895952,2.0615719542015096,0.5828122564284415,-3.087922419616471,1.4515408547661952,-1.0230760481147507,0.519941310241773,-1.3093984206433433,-0.19318192794880845,-0.5467874673005783,-0.16916351433370502,-1.4368107012504245,-2.4104647243976407,-0.5684981686988863
-2.808928716548369,-2.9545811839221767,1.0945046668322473,-2.9722944531587565,-1.0987333947473963,-0.4205487910122022,0.27104578691979864,0.9072333374507704,0.7666453681680769,-2.8814136683532294,0.41167419152680945,-1.726795243867689,0.668400188140249,-2.694882915299852,-0.09730163233327707,-1.2583473144596775,-0.372285286289045,-1.0131323258423037,-2.8396066483089983,-0.5235773995310463
-2.640604661013732,-4.166647901661111,2.0203424068142324,-3.6450417561336637,-1.2941204218490032,-0.14693962409829792,0.45685059780447324,2.2357024176828184,0.9701369285448614,-3.000759647198425,0.6882892371311917,-1.385313362048162,-0.14803133022052983,-1.7422842954472468,-1.2548243049451224,-0.8023628569896902,-0.3243597370187963,-1.8561658230076419,-2.6901773353031397,-0.7277291117009692
-1.6285676330285717,-5.010057818195701,1.427301846607398,-3.3301032146056135,-2.172687421123621,-0.3308278598574321,0.1439158322192955,3.234517069708305,0.5287714854445577,-1.51333436483862,-0.7574347491692994,-0.791520554720386,0.274791169922099,-1.7448730635099858,-1.2841063079247617,-1.823427864863818,-0.7314290783735785,-1.081122932069038,-2.006742249850822,-0.04058526697905801
-1.3853308507815179,-5.130776003196299,2.065229504692297,-3.3775537705300254,-1.8300127229631762,-0.024132129421942844,0.5148689056329294,3.8778337590552443,0.6624298741326137,-1.6455898585495363,-0.9193367598047375,-0.5595336906011784,1.1939606412305,-1.0468238124271299,-0.6390437770000998,-1.872049537328666,-0.201671579046231,-0.3871019453416644,-2.3274088890957128,0.27528387549281363
-1.2647511562479803,-4.996163624408606,3.1401207224492538,-3.8499383012524335,-1.7726980481734596,0.35393798397821774,0.5355466606890156,4.379400840110425,0.27720761125787297,-2.2455008818774287,-0.9781884345264354,-0.1891636971001263,0.7155178593205632,-0.9293369399725213,-0.36985826652554565,-1.089905114994478,-0.31158486101732663,-0.6639956375910822,-2.7250449615364847,-0.06460489336582281
-1.919769654130852,-5.447164092357591,3.583713825833229,-4.218160402921367,-1.5547852755204348,0.05483122086760783,0.33603845729964243,3.3955998424525253,0.13339956397755015,-2.004595207739704,-1.283539791497384,-0.30591569445761757,0.8318318832495,-1.256786369644099,-0.5885426398667839,-0.9123741087350854,-0.8794998981379365,0.8492469239178827,-3.100517837821833,-0.5220432070167992
-2.460792721893241,-4.793331086731241,4.574225852611747,-4.02899380159183,-1.5299575366811742,1.25602603323089,0.07011637988351649,3.7399716608674045,0.041414976691296124,-2.058077961497394,-1.121270230584176,0.11638658676467267,1.8885757270244345,-1.1916617518106478,-0.3150573599703338,-0.25653805760869147,-0.8124935399492506,0.8619979964695719,-3.4836528065377657,-0.7247348070627352
-2.142303652786422,-4.731010439016571,4.328249127880983,-5.317644549632748,-2.641979137979447,1.6270857152757388,0.7313499052366332,4.921410936680173,0.16641865620802743,-2.473163744765895,-1.2951922487259753,-0.09430712151360962,1.018406639657013,-1.9621533277415857,-0.7497478837333444,1.5312339407455653,-1.677087068048921,0.1906750264193775,-2.8574268922404684,-0.5615830276941365
-2.1571325466889117,-4.620013271732354,3.6872234221592883,-4.932348976727511,-3.2764832689782244,2.544999419172892,0.5043431238505987,5.2034985670037885,0.17007295592545213,-2.223145468456769,-1.9700094699047555,0.203642108188767,1.3960340365316655,-2.0073631254504773,-1.0074893802197633,1.6384990740928382,-2.5228146268053915,0.0856577257700345,-2.2064992917547572,-0.12786211686009297
-1.6892794216293845,-4.783465617011681,4.247288474890177,-5.191067245242949,-2.3885398191064917,2.818985902907896,0.21408520009393794,5.148234674070926,0.30564457626418395,-1.0332132638096907,-2.20189035726345,0.7377337449217274,1.9811804773127881,-1.3481750515120265,-1.0295616768875275,1.9327801957879656,-2.5892461809101994,0.12727828304265604,-2.0468058469561354,1.0301175638419933
-0.6299536134039718,-5.046973815830474,4.700541508841465,-4.350521192682879,-2.4693173269837687,3.0169285104199695,0.2984960276267674,3.9027577017458692,-0.2116296289511952,0.21436964998322963,-2.8701471013207014,1.191476721513306,1.8343163667417401,-1.084905844473093,-1.0133411973549604,1.6013251392648882,-2.4358036955679343,1.365149726792966,-2.3818099548449165,1.8465958870308294
-0.7048183428959469,-5.295606752265321,4.302140611142709,-3.9235730737872987,-2.3332632450670143,2.8734656605182773,0.6329571661310129,2.1651360094097294,-0.2416755072535508,0.047592636417519624,-3.183164184849563,1.4745874833111392,2.3546196913756394,-0.5537350022819458,-0.8025730813740188,1.171539426081397,-1.7492784840446567,2.487940508435975,-2.8110473462070766,2.153584692040198
-1.0684693597404262,-5.319202795344158,3.752815529366684,-3.762569295390366,-2.3616644123159323,2.712875457379198,1.1089137022724675,1.6411771814688223,-0.3753276359388864,-0.4912997391650954,-2.884566290198439,2.1594586834198837,1.9501713483692553,0.1455820241193061,-0.1352383441324877,1.4553607224520566,-1.7533630419576252,2.960800045971835,-2.9146089216769053,2.4115117483393944
-1.3690299312002336,-5.069079813871581,2.9711386044817947,-4.2054081571773,-1.9595003377012854,2.599495997946062,1.0018973239944595,2.154011759022189,-0.523089024397379,-1.3762079841228216,-1.9657362851453928,2.55537077275268,1.0429658113569622,0.48486109592569565,0.9007476481889409,1.8994662920190624,-1.9711042938088472,3.3360877021726436,-2.8738559763271114,1.6656367067527509
-1.2392977143439199,-4.163874266065934,2.658103783339198,-3.0748364826120143,-2.0233820570513843,3.1205585843770387,0.8405521137891003,-0.14440384231352305,-0.24352442471859495,-1.4163403505544032,-2.4212673451584275,2.3890662696888203,2.7899736881248938,1.1999353856762056,1.8367501369447,0.5446353100367338,-1.9181018892470623,2.585168791239711,-3.1459275927149264,1.3083066664787797
-0.3786081021864058,-2.405307797832545,2.63165011832828,-3.0097213208353835,-2.9759775216520543,2.9902861109019385,1.4377624231734603,-0.37376292274201406,-0.04654799466484069,-2.1769189675901557,-2.762497706777562,3.681438242582349,0.9160302125963377,1.1044773213032828,3.1338953230333084,0.6749964311319449,-1.7795960417939143,0.36812013895780393,-3.5676258402516927,0.6317431348970726
1.4623558789705757,-0.9411909164035264,1.9939427819335471,-1.8880210772067691,-4.926862689074977,3.3484741319023392,1.0035282707054662,0.6826708413130269,-0.8729806325200022,-1.6311646372093738,-2.0563542933657457,6.228812810498035,-1.5284569483370374,1.5175126312645542,2.605079573673763,1.9524819794633854,-2.5054903267098694,-1.7412475013361883,-2.8415842864075542,-0.8961495685580161
3.3901438206582304,-0.4711071983908909,0.015698560962814634,0.4262291149864612,-6.663091256384908,3.102074460503447,1.242478096074204,1.4059476827547615,-2.585721107615011,0.6456028320967518,-2.0481527961813017,7.9255877072899406,-3.896533878054536,0.8614015508096494,0.8980114278908731,2.1092435563235505,-2.89918777139908,-0.4209252186716259,-1.4604280730608354,-1.4291908495537977
4.277316868642579,0.38112975079290534,-1.8510522519149575,1.2461199876756772,-6.227391126194399,3.9854909820853823,0.9509502440046678,4.5285971708252735,-4.869123617948068,0.35855616221615183,-0.2955659507585775,7.869105684892708,-4.606828688014089,0.6371517175649781,-0.45607799472731547,2.496894769754609,-2.36852733307308,0.7353634241393656,0.16302788254366996,-2.0833082406728787
3.5034190409764507,1.4838344283897733,-2.637924901771205,1.0239148798377822,-4.650240409965338,4.970838175192548,-0.3274914588258322,4.188608378444313,-6.012208320699958,-0.2815094908341793,1.287952063365859,6.236197293290284,-3.2471621489559883,-0.1170360810934839,0.6173602741175555,1.1465120256016923,-1.6940103501548265,1.7010413185961544,1.338033806009931,-1.9311679927338277
2.573416600204597,1.2325970104283743,-1.7734665637935674,0.23391787194134933,-2.9002445692700825,4.91068944663175,-2.152316647524619,3.1375230504495466,-6.502905619762323,-0.9845946443551821,3.8182090217595204,4.410902430514,-2.328455792739488,-0.22160060997901715,0.28749605211362894,0.6316356067968482,-1.3685762042562852,1.0057898525742708,1.6083572576088214,-1.2613664943054808
1.161982571405409,-0.06635241146886789,-1.7939401751059807,0.035254891381549636,-2.2844293714854014,3.48384918222847,-3.01047232096833,0.015970320135779148,-5.130310869841026,-1.5984918116334463,4.442792184231019,2.158646906003059,-2.1891981625432346,-0.7704643012830275,-1.1993536736843002,-0.18406029463805967,-0.24635931911323766,0.04004443088676582,2.220708418711104,-0.40582722780540786
0.06328166980726921,-0.8837163565434207,-1.4018235820689702,0.38976997599908575,-0.816714844424625,1.3613020014700212,-2.768333734501217,-2.4979742044304376,-4.295871960596116,-1.188717845058049,3.528788557175825,2.2149212156674656,-1.9030691114503036,-1.2909198349681454,-1.3619146646621674,-1.5908953344687118,0.257035821516447,-0.10904024543276422,1.6796613585435218,0.11307045783732908
-1.2585141811391116,-1.3356506504438794,-0.9931656627129126,0.3386414283135746,0.19853240530845562,0.3555148685072087,-1.5848680441840068,-3.892705046120255,-3.4847903168023286,-2.1893473076640584,3.4356361840124765,1.9258973951482705,-1.9968854614709868,-1.0714212693716532,-2.103331269403598,-2.0708013353853825,0.7110894732218157,-0.3735479186723436,0.5134916594101746,0.00032460489900257294
-2.2451642656368165,-2.2366136461334185,-1.7141940766182138,0.5362773310287479,0.8705849974733708,-0.19253151997549034,-0.1251520959063666,-4.680876925325629,-1.7205534506555125,-1.8883818704949824,2.6758091908806927,1.5589526025060023,-1.6484701582891377,-0.9758984739048471,-2.9080776075359065,-2.372356777714691,1.2412415713863556,-0.7149635279948905,0.32676607463181795,-0.12401607388809932
-2.629573268968921,-2.263168632681702,-2.0628197602321805,0.6461848163356914,1.5367381053582647,-0.6090361217111497,0.752666569925333,-4.2057352083023405,-1.0034262425413716,-0.9496839822253231,1.4395500437373197,2.632597515868331,-1.1651797514288338,-0.16031636318255815,-1.710039992865835,-2.8694656017278892,0.8375192795103268,-1.4530591235358357,0.5021833987587361,-0.7642974401820471
-1.9443512978720643,-1.4684041932667677,-1.7577307369906308,0.8623268977308871,1.3658175636182315,-0.7231215209884339,2.3651197533339237,-2.2511106001705414,-1.6693910488241537,0.8237442534284019,0.07177304280885724,4.119973869884019,-1.7878269924429169,0.4354369846701227,-0.4309554586740644,-2.264822780447301,0.2976237839567154,-1.8635467579138285,0.4780847318996443,-1.5445102930009678
-1.04916038375994,-0.29025882929087193,-2.308924091134893,0.8048454788129273,0.06702443311168602,-0.48024390071923206,3.733034519285974,0.6359496137257356,-3.3868837859441143,1.152620127580296,-0.8295978793597611,4.862129034861432,-1.9591047059856561,1.4387012187495563,0.9853989776656445,-1.065991118664223,0.03352787140600054,-1.0408752613471697,0.8295007707605,-1.6533091276791474
-0.1250181370308322,0.81311114813907,-2.36980517724235,0.22325332408078802,-0.8697510427525881,-0.27016974124456433,3.4966265402842076,2.34758512069965,-5.1717912198667255,1.178621340041118,-0.04208761107237918,3.827113087528833,-1.465050869202129,1.2853780201881218,1.384516998938437,-0.021529412114541402,-0.28385953902657385,-0.45400845566942716,0.6403080984735736,-2.1222922164214815
-0.6953514982842391,2.139321750606355,-2.3436738422821293,-0.20225034338143605,-1.7014627443732968,-0.5307969251198313,2.23110475231619,3.0190279076252926,-5.511862955477129,0.30567344913239824,0.7761794957568473,2.6769803692836245,-0.5359715462149766,0.6798761351031056,1.8954233917653167,0.020550757802924924,-0.7125582953861083,-0.6492336906969746,0.47673568919165576,-2.440359786259442
-0.8182879223035037,2.4103563039971605,-2.9033356893362,-1.718808276321332,-2.1708043843948035,-0.2090786023909375,0.8368669686871161,3.718849433979918,-5.417981089341651,0.03282200191233614,3.5494658983598186,2.0557089434114495,-0.5819174934262109,1.0801326142223278,2.050444646874005,0.9489378814295107,-0.6927896746230273,-1.370247618517158,0.39476764515748153,-3.2029108116199705
0.6077344555403841,2.0987635969336327,-2.1531680562341133,-1.8355980524681172,-3.376011430680586,-0.48570924579883434,-0.800688799750366,2.9181306429183564,-4.812049462653756,0.9370115051546508,4.389880304691632,1.7754126714145617,-0.4873044162813177,1.0302341849961716,1.4400547268045263,1.3195367799113886,-0.8385511526790187,-3.2086811264262414,0.6964472554190435,-3.2807976572574504
2.0662240810403194,1.8622742251994635,-1.5946382118269888,-1.456977688948401,-5.132835093913206,-1.4833127971186892,-1.2497267910218923,1.7909763707260873,-5.149695702449277,1.1345059460453357,4.092481057696144,2.6801696525492638,-2.0444830790137734,-0.39635268582561034,0.2577934976848364,1.3599092935241341,-1.396034724085406,-2.6712376857861346,0.3618248793202015,-2.4608916856030714
2.5976843783472363,1.7916679127709,-0.8427060622249387,-0.3173351194329311,-5.76811362519617,-2.0109555023169245,-1.6886106547238544,0.8232253468529142,-5.321179452330213,1.6852724989973171,3.7909174855635293,3.3808138443696794,-2.851269653170673,-1.5796335786504132,-1.1282033712068853,1.1352607451747363,-1.0528812832512155,-2.1844105172121693,0.8110033853152812,-2.0031893044427944
2.045613720998456,0.8871608398180764,-1.2424355825561832,1.5249611325116075,-4.325216581469472,-1.3807357998762593,-1.2400022967860505,-0.3393555587123389,-5.874531262949558,2.048715544394629,3.2096156658285384,3.407961605747731,-2.420452890633618,-1.8795648897938813,-2.568086407498233,-0.061410924052608645,0.253860949022062,0.18376643217488295,1.1668199316460106,-1.5921860060210977
0.5105311544591489,1.1576809008125413,-1.5975139649743417,0.362673361795499,-1.2651472145357618,-0.5291781756474534,-1.4271832695035633,-0.3720533790773158,-6.025099854093611,1.2022576237553435,3.90468961708323,2.0788637170009823,-1.387148863605284,-2.1915212878450396,-0.4762496030809031,-1.9624427807506977,1.5541859094572301,1.278058666012865,0.2004221243064211,-1.9259189965612393
-0.6894668954310385,0.9211753785804684,-1.268975032912866,-0.5419984793696607,1.007000422361031,0.49205337188326087,-1.494374391090584,0.6189948027411489,-4.785630040260737,-1.4214533105116183,6.610072078349293,-0.3172102811844596,-1.07768734411883,-1.3472344384859034,-0.3893500660462203,-2.1851232433255463,1.6027868545384172,-0.6871671759468607,-0.8683594854707978,-1.3623412732374653
-0.6045133913206329,-0.21804445499179098,-1.2088576822645212,-0.7761463026783642,0.8143394755087108,-0.9693372037548369,-1.3182376042314914,-0.9068137767942247,-2.348682763440371,-1.9553843955049799,6.270746746674034,-1.0179741823680515,-1.9245507107510127,-1.3498368856864669,-0.6702615351465755,-2.362297857453708,1.0482126111341679,-2.9807817022581697,-1.0778104413760525,-0.9408393605692004
-0.6052386531073323,-1.0607366865262349,-1.8874839195701736,-0.22706508345034382,0.37220748092950123,-2.1417759210197476,-1.0668268412275839,-1.784447144683188,-1.0080684172386145,-1.4121929719500732,4.508561946954655,-0.7207869406101519,-2.2631747241177473,-2.5624494279317527,-0.6871249495463392,-2.32786317387089,0.4043297392934026,-3.608625785068052,-0.8581254487232244,-0.7245996896956471
-0.3633388942300475,-2.012828073636375,-2.2678926835465183,1.1253155703057496,0.36417844022399853,-2.725355879726442,-1.2717918603606706,-1.9599868549606145,-0.3308872673381327,-1.2747095055336448,2.8660879222915154,-0.3655854478362871,-1.3702562728384622,-3.6087296393463193,0.185889207050642,-2.724568684002186,0.15524104928928975,-3.3024872149214763,-0.11607297973175157,-0.5157077600046434
-0.08031003178885754,-2.5324335067090775,-1.314790076978897,2.2325171878319505,1.4307722446875277,-2.592704994497879,-1.209779946207043,-0.6493976560241769,-0.6137846879128303,-0.7834320872849221,1.840709921075544,0.3194570736527134,-0.3012213982803483,-2.8196369158696446,1.6424446095384493,-3.3873936394723327,0.07652141249360664,-3.3283913828126983,-0.20630862930792437,-0.0139523006714386
0.5801431867873393,-2.3703548535954426,0.04578100224509173,2.407288181691626,0.8177987307322254,-2.9007334676652756,-1.0343667989968501,0.35143464052043205,-0.6591985529255191,-0.32932877564314067,1.3536321816928663,1.3238309076774417,-0.8368688751436225,-2.1272078318592746,2.5298754454348837,-3.21314472484534,-0.4645690293628997,-4.176409541950241,-0.11142161833911046,0.5798485517291347
0.7289828500843695,-1.5842675253104037,0.23226719091381287,3.0496092885403634,-0.7018399404935628,-3.7760310932628705,-0.3044898601476602,1.014465114881746,-1.6345942289821371,-0.9714280323301789,0.6930787219479767,2.369698721213851,-1.8634539932549112,-1.5356232103417107,1.2714854669441955,-2.371569994233634,-1.11893295561579,-3.7668729104771157,-0.29664907975276844,0.5061546650085924
0.12638183095830374,-0.5110580149107727,-0.25688327668575467,3.4244562637194393,-1.7085482233479212,-3.7944815877752367,0.8968075392591834,-0.09610928266627683,-1.3762737287438045,-1.5620842764576888,-0.33610584987567127,2.425825879224056,-2.5138005607627303,-1.3928264069254592,-0.22969751024921964,-1.614715698618101,-1.3515131225245507,-3.072238715055614,1.124199670681238,-0.5416654910838379
0.08192559291086948,-0.733987896615644,-1.4698947562007711,4.032191354422407,-1.203532830943351,-3.3649077783303327,2.604462058657628,1.2958581339259472,-2.5058414672767038,-1.8171052852631784,-1.3424772434141108,3.492847570084399,-3.281356699491507,-1.097768498981246,-3.4409369289878082,-0.3079773936616526,-1.0451376381173005,-2.1504060331073833,2.5310636100583754,-1.5435881859887857
-1.4223763094046367,-0.16065279857109827,-3.152215829280588,3.058020269219016,0.9201348515562264,-1.8899751913021634,2.9726660369621785,1.7283344679477624,-4.034173033368956,-0.06460952000409306,-1.6398584751186283,3.076366874757884,-0.9340224236640355,-0.8612105548042897,-3.353101170891493,-0.30749494100766606,-0.5026101233506114,0.03228416036726661,3.1795122138722807,-2.2092604994465335
-2.8165611684365603,0.7638197107287613,-2.491637879059793,0.6234794481050934,3.8471894538397096,-0.6135894579104796,2.626733562580417,1.472359360184843,-4.7765471340085295,0.9687983292847449,-1.2187789268665083,2.061522231081702,1.2974700240156065,-0.49152219919609236,-1.0767855811489428,-1.1790531826879347,0.4158931599323699,0.6261466610086284,1.2884455169972129,-2.1601147274963948
-2.9991262565478958,0.9494459824671809,-0.9832797195315498,-1.3074690858154332,4.972323134054538,0.6482969356256058,1.484024491532907,0.7289516387943342,-4.458189090831132,1.6363815360727973,0.7093660324473605,-0.102895026380382,1.7562605507822149,0.5923785837533522,1.1006030210474174,-1.045697191317254,0.08068834990471471,-1.3262788218484092,-0.9849233669254766,-1.8801091975214468
-2.53626620249422,1.0009849293770314,-1.0233113646096972,-2.8813988636181516,3.888839794693196,-0.09108759848352538,0.13271363978459721,0.6759348179541025,-3.3751244532276945,2.7037223136534108,1.9019488464137144,-0.7462230741315652,-0.8433346216865908,0.32344324872612773,0.9305296011372961,0.48437318617157693,-2.1422898187883606,-4.679159588782006,-1.9803874216946096,-1.6526779336565005
-2.033421647732676,1.3493173461281165,-1.7308705060021683,-1.3194349233075962,2.251747915616333,-0.03994571475199668,-1.0448823605579896,-0.6677093339141809,-2.6916244033634107,3.1238365862322053,0.8907677773830257,-0.7633356927431352,-0.9864735195010931,-1.647149672341695,1.5929474055740582,-0.3420082859612035,-2.1284763792186214,-3.966288407449138,-2.253093592354625,-0.9581326594695058
-1.634756832498766,2.010661830656223,-1.6024240464510888,-1.0286964883715077,1.2862827902458254,0.9812967364854227,-2.0080452044507626,2.039741131140776,-2.7612874768756788,1.8136203750082514,1.9654795757555807,-1.1362643993099772,-1.7633203535875772,-2.0917791648149535,2.6987960205160557,-0.36827529240097534,-1.1076542356388661,-4.9257770684876805,-2.602740351294197,-0.822331485431347
-0.39312225713610155,2.4152343986087392,-0.7983981219579697,-1.1320896598547194,-0.8241981458143046,1.2765753111382565,-2.484553628074579,2.1119574474270553,-2.8578063610695748,0.3430357372126602,2.3266907572004643,-0.4941009712879693,-3.769733073118465,-2.405850336820002,2.487287888918283,-0.6081346685418708,-0.5185445481241353,-5.601418023722683,-3.1177987613347358,-0.7452553762357537
0.9234672499333901,1.0355553408412335,-0.15761678011410046,0.4751513211134983,-2.1649057726244054,1.21653287433655,-3.7648696139668862,2.3506842391722107,-2.264037006035559,0.13922034933523164,2.683355544259207,0.36753468064629946,-5.239461284284762,-2.7386781624925103,1.2491980952966446,-0.4695951134305171,-0.7161807016513582,-4.676594852368493,-2.354267642264909,-0.4368428478866821
0.9602505281788966,-0.3730060932059019,-0.04331267018270146,1.5092491186056474,-2.1608142898412006,1.8596621433390985,-4.477974590268147,2.7804673579401378,-1.831749699676902,0.003981050139188952,2.7633205562089134,1.1035607053079668,-5.348486958031714,-2.409879768324194,0.27270070501478944,-1.1325430646108992,-0.23315492780208058,-2.923019225225732,-1.274716286611729,0.569906512396126
-0.01213195283561326,-1.002824527397655,0.37279258367128315,2.5893717214900156,-1.0852605505832469,1.1676151208180017,-5.10160819623241,1.5833889969155177,-1.1920813442686973,-0.749121778824307,2.3491248211599327,1.1505834438567437,-3.840364625775484,-2.7304958712606067,0.7873209537932845,-2.0741278392292264,-0.07750484672003766,-0.8486881374901781,-1.2402282787831116,1.6231763328114237
-1.737851391499475,-1.4763902810271823,0.10565302915579108,2.0501791131901372,0.3996638869515007,0.15668575888637273,-5.05142758835505,0.9494364599655996,-0.3100100498546229,-1.7697836643836256,3.0256607819780648,0.43592899379901445,-2.625626197708061,-2.4512331857324767,0.3756326858214083,-2.575483243854972,0.34175079566836264,-0.22128885775981666,-1.544540722087099,1.456043765935455
-2.377501099547044,-1.754647252496582,0.4128526202640135,0.8262022189432597,1.4820137370454056,-0.6420073601419343,-4.731196425583223,0.7931976545523527,1.0132285719654837,-2.271988966808288,3.9179628443838785,0.17123267297633815,-2.413683954927171,-1.9675016373549292,1.3093999237062695,-2.666903703284382,0.09379992772505064,-1.1103237495880838,-2.322693284615931,1.0822050417751483
-1.4946183584870196,-2.397242688564667,0.04735424596386273,0.9987399205233589,0.5425753397965054,-1.3298104389012138,-4.035853579131661,0.6872540387629146,2.419182284610848,-1.9603111541773381,3.5158704766616466,0.37315730847224976,-2.683006164601813,-2.4363574348587886,0.6655448034617522,-2.383764363568911,-0.6401239564018064,-2.3976981606147336,-1.1797494373982025,1.0117612895441772
-0.4699758362765441,-3.0992256096716195,-0.6068345435235136,1.9263571018412704,0.11560008442639627,-1.8908037558096669,-3.683058362765793,0.9338067149222637,2.183528153291768,-0.24778444100863467,2.3334266036577467,0.4799259847373848,-2.383372401482048,-2.622222316803108,0.3144081988900497,-2.792136219587039,-1.4425751926277366,-1.984870834236787,-0.627447072751709,0.4307333714537086
-1.0018987150688174,-2.8762066274119302,-0.6736999850909022,2.423441354728673,0.8986272515959126,-2.3810119494973288,-3.680973701454559,-0.9468343021128031,2.2223170085210358,0.6204701398494713,0.7656849093593985,-0.11282029197445816,-0.03327010751462356,-2.434179505887892,1.3565108759287592,-4.538834016084407,-1.0695978671044157,-0.5965561958294874,-1.5353570391890543,0.5670423129717231
-1.269379086491328,-2.6863386465780343,-0.6960421189922107,1.3850982189602017,2.169257779230189,-2.446125644315557,-3.0687420520452644,1.0848121528161678,1.6734297308036077,0.13858772500848857,1.0653392079832429,0.13354707507249522,0.17809226143095602,-1.4480635598928018,2.4374964062952196,-3.8371891404937513,-0.9403543558423879,-0.8601432342936421,-2.3157527781556118,0.4605349993500296
-1.2384889132954606,-1.9417137612265167,0.6074114255155385,0.5079154014733528,1.7728206594685374,-2.166222294878028,-2.763875227961368,1.6065299755373317,1.8370402036744298,0.030354957773114838,0.918098497311346,0.049657451343974424,-0.40293128756547203,-0.7287774051905638,3.2422753046641737,-3.5278860308913917,-1.4611437097739726,-2.1492967272273416,-2.3386736406333988,0.11263097362129498
-0.4584830784036178,-1.562416935926293,0.6177502348948547,0.43927589709331305,0.3207112179876999,-2.3679221280513074,-2.994050020753221,2.5700493437633734,1.449844784942265,0.6174462577510904,-0.08729369780531748,0.4377633797657747,-0.827493465647849,-0.5346926989602628,3.865281268459376,-3.04032965657664,-1.7375370798836962,-2.7812172596676237,-1.476307946056641,0.09771038457514536
0.4733041725320871,-1.024870850232413,0.272183610944645,0.2583074378534285,-0.9366770571228827,-2.5187550260576272,-2.4715594174023754,3.553107917539967,0.44927135832585186,0.06970259554493424,-0.5980676888659325,0.46811216216526574,-1.8147411595981002,-0.6947107140645081,4.605163162110409,-2.011383810935655,-1.039673610391498,-2.4800095690573203,-1.9085708362260139,0.6419500188455267
0.32332808452448303,0.21588812574460936,0.8437707556975009,0.15659427013855282,-1.7722265885331927,-1.933349889671141,-2.6067808592992834,5.061791983584279,-0.6014325511437063,-0.2646331853790012,-0.790516106859247,-0.07733222860373645,-2.108141478201852,-0.18311208404844115,4.547964552841866,-1.4973131202221446,-1.2345080073400232,-2.959456946782949,-1.848606574358607,0.6116988435171746
0.5005522409331393,0.6171772497753258,1.012632260818577,-0.6432914007481783,-2.2633843681179173,-1.922434610771239,-2.0131314221838523,6.566431496764391,-1.420653558755539,-0.09960942679002184,-0.4229782884398894,-0.3809704890084334,-3.7549424167698957,0.22981740194333108,2.810235587647832,-0.8559435060689164,-1.5681956492634148,-2.8347607948061495,-0.9252914457446175,0.25491416318587035
1.0025842416772601,-0.04101341143744586,0.3013932225576682,-0.2839548330537346,-2.7153783418614164,-1.467523347582838,-2.1146259181149123,5.409126290184058,-1.564478952791852,-0.6859624716947038,0.16396400000691802,-1.502335108946946,-3.3636484723243916,0.17398141773782846,0.8344937438706039,-0.2780356643377444,-1.4734917211016247,-2.23306200520763,-0.39701929619265963,0.09375642575614015
1.485385602518864,-0.45398020687641566,0.11897391510668237,0.09882009990823752,-2.2994298537264948,-1.877671309396705,-2.2841263109259025,2.1954533955600013,-1.0108730279557419,-0.4904281288575877,-0.4558614812112116,-1.7598509254168953,-2.862044428057726,-0.4387049203475434,0.492218617084627,-0.9817269555004269,-1.5598963417303415,-1.3591204781742157,-0.4798454951852905,0.9616381587186293
1.5841474442766137,-0.7062916537544025,0.02472788086880967,1.0561074022686021,-1.8369662139229332,-1.8289853918613919,-2.085146444470131,1.5356307635188404,-0.9348807890222511,-0.8126480734942308,-1.0734321584393554,-0.9993700614168357,-3.1161193156416056,-1.209926662687069,0.7518395943947627,-0.8962005435322934,-1.1007524262560333,-0.03164969621243971,-0.6418935894236163,0.9700117214066355
1.1712819607763838,0.17276234206914412,0.9666681285455583,0.7178412463470913,-0.9813906370798604,-0.8566201682361114,-0.91586712466412,1.6491458373085996,-0.8462254553179374,-2.5742645911211395,-1.4686689858356663,-0.30168512625443095,-3.0488237226979202,-0.7722773679403752,2.100851540877897,-0.44304972166854306,-0.3023139247320359,0.120491306709649,-0.9452797189472847,-0.38065723306606003
0.5841830299362676,1.3494644481973257,1.5957672905225593,0.6426591968706005,-1.044552858081931,-0.5290924506757799,-0.3247822127420932,1.1185063290682937,-0.3160475939990421,-4.263322755715847,-1.1015989664989252,0.3230958923623932,-2.718692164597231,0.44890141351935753,1.078053541764664,-0.5448389335684167,-1.181064845547131,-1.6691538025255017,-0.5592997627934091,-1.4236157040660988
1.242157942321756,0.21200605428444144,0.4045319855833671,1.756856254647287,-2.217987995428369,-1.9543655194324505,1.166179299205173,-0.12225579504174873,0.013270591342868648,-3.188167849283391,-1.8394588426448488,1.976384361129388,-4.166949428364884,0.9411077679278419,-3.0690761788244085,0.6817645157036127,-2.654487700012158,-1.576001350569569,1.8784020425149168,-2.7047079053735863
0.7966206985983255,0.5901220846087234,-3.0189413357485693,2.255304581711585,-1.2330889171384505,-1.4627157163485398,2.6362911407827108,1.0701143462467058,-2.102194644591782,-0.9849921762270497,-3.3341502499214477,3.4422518966003626,-2.1600886367549297,0.20229108611313973,-3.102671718558503,-0.1794366276506194,-2.27300456660048,1.4040594904710773,3.4790085944966807,-3.6242028748485664
0.5807817242479864,1.1628672561817335,-3.2050198208903087,1.0180979656685025,1.312441175152082,-0.459983483753187,2.580646781418777,1.9906146820692618,-3.8781821101367706,-0.37864740343695547,-2.2696959982501386,3.0195786120969728,0.271135720131675,1.2600316425027358,-1.665893824875741,-0.7493334185658581,-2.2209916332228037,0.7505366305173521,3.4838109752696136,-4.1892574858760945
0.5933473401592108,0.8301869720085824,-3.396316671532042,0.09177412209313712,2.5173864420201557,0.06769526467694503,3.0327498337438072,1.6116610649006615,-4.511126050417494,0.4420490032556905,-1.6672669570264311,1.740518924209066,1.3906962526213995,2.2284157810441574,-1.7945604864285092,-0.4770745472565286,-1.715846763385111,-0.0849111879658076,3.6551533301463506,-3.8401537292260715
0.706712868519835,0.6335378075041634,-4.036203930606973,-1.6033991959349472,3.3140347309601492,0.17025328591157307,2.762111722968399,0.4195884163406835,-4.611572109774801,1.3796173428917242,-1.1547833142493196,1.0082632401962768,1.6072281436065388,1.5115583994676847,-0.6705262259588494,-1.0731248304833403,-1.3637512553693927,-0.09244481486429071,2.46373817729605,-3.059600727148823
0.448683336396307,0.6654649542882873,-2.886090286231061,-2.338868317797009,3.9833114011036335,0.7386858922028591,2.0729444280465077,-0.1559669416935114,-4.416577019299926,0.5789683874342189,0.04609491694330717,-0.053552406697278676,1.936400725224572,1.929662531931283,0.2480762873443549,-1.334448661508332,-1.4417055307478215,-1.5143145711443957,1.0861887015899943,-2.3276584264752396
0.5642544556332223,0.3640269332839088,-2.09792259312642,-2.0764780389510458,2.9044067303615364,0.6586796198684776,2.4843720905741753,-1.5829489206776723,-3.20259088418853,-0.5146932044297254,0.6157819147155331,-0.5007994949946365,0.6952795851324721,1.4029813042879404,-1.4215373399791313,-0.8045181054011596,-1.7526251090018514,-2.917248634465893,0.2982352572915651,-1.267751759374537
0.9680305227178284,-0.6090845374328563,-1.7647602593753007,-0.8218701297710193,1.958252647913995,0.2750354350243445,2.7201451647879367,-2.8418062629377565,-2.550361800962273,-1.3591867511523208,0.06363091389702846,-0.5854872041817161,0.05541609401248768,0.43175905817697346,-2.498839308834045,-0.4202864476846742,-2.0586672064431943,-3.4696922593224935,-0.25415924804021583,-1.079346386927669
0.8744899608526602,-1.2702232990902287,-2.51765848145244,1.215447563545606,1.280198211759001,-0.7266577142792605,1.998389454257965,-3.8304520040438135,-1.7364616286944479,-0.08036744281287289,-1.870134100895484,0.3844944310060646,0.7269106528181517,-1.0455895572867573,-1.092062363013481,-1.370185309069601,-2.319172839689756,-2.3505579022423704,0.03976146193239534,-1.2455519648979974
-0.09565376103950346,-1.1994196458820656,-2.4228524580324935,2.4831788050788224,2.393604668622033,-1.050563066336752,1.915590304198753,-3.0346076291283697,-1.995409046699245,0.009568135121275023,-2.842283010240777,1.1270169709022826,2.108266485217934,-0.06424998366855668,-0.1533644963129224,-2.064866245340738,-1.5822797602417813,-1.2029763803159488,-0.6347408268363354,-1.168545138470921
-0.5693044748637603,-0.46927189302464756,-1.0228982703528824,2.272321317774327,3.4372780050513616,-1.4422707801713965,2.5108527031509444,-1.9831328284789067,-1.9908937315467525,-0.9304209634754816,-2.4288531985863084,1.5093844341699203,1.990974734435967,1.7387305418852501,1.2849642065945108,-1.3899975105815485,-1.4439861501625157,-1.871044822559084,-1.5671453727872335,-1.0728071581643221
0.13441133472819225,0.011793575380007526,-0.9902564734185864,2.9551256032000515,1.115453540260352,-2.509311664004686,3.986944741029217,-2.2369564680764418,-1.6494379030991908,-0.4751972008093941,-3.5658539622674668,3.197853583815327,-0.763408714066976,2.0119112174839158,-0.0026920125104377413,0.5321126232255216,-2.3701682150079533,-3.5392433991060592,-0.49436259066641475,-1.8182350846798574
0.6473153427890217,0.3638515414627481,-4.004353864287075,3.250557898126881,0.4222417637754599,-1.9126778225270173,5.209407913113822,1.334103038280594,-4.044276237850508,1.0520611670542066,-4.5824414324248925,3.9140829367501913,-0.8560531073818811,0.8158867272248032,-1.0381456458145453,1.9474706239716864,-1.9737824642111494,-1.753410050813878,1.2606326332715008,-2.638538941158958
-0.40845404997131424,1.7253794572030818,-3.6066924998276524,2.2889208212535506,2.009517269065003,-0.733723675342134,4.808983830188192,2.3448358269763303,-5.581761699271958,1.1508701656904676,-3.1699573128671874,2.9242742388834033,1.222424712864211,1.1451234594571176,0.375185983632598,2.5693680807407295,-1.2086688184405823,-1.0485159068479322,1.050067029134016,-2.4646977912935073
-0.8157186622229714,2.945178467608191,-2.933120989630046,0.7292258947723924,1.8195622828285092,-0.8462434004347199,3.7957244359031908,1.755076906935848,-5.997790078909394,0.7281136491913542,-1.9716210479591292,1.1127996791560526,2.455139891231268,0.7809215786047236,1.8718396269638005,3.3108679394144187,-0.9369704009389723,-2.2844484857923746,-0.07772019574616607,-2.1163665900755237
-0.5772220275994294,2.700947154903548,-2.4603868473261685,-0.8103662949149636,1.1257097399871787,-0.9529208485310859,2.4987241719423974,1.2116518354266486,-5.635894008950715,1.9708955111974809,-0.45986298322815927,-0.41298205951002864,1.5346758133578222,-0.19156868334288701,1.4410671055420456,4.03379487390779,-1.1769687284223673,-2.6188399710249537,-0.7688159140076674,-1.3201978785537145
-0.26669303622637774,1.6078222126366974,-1.271349631507664,0.3072876691695868,0.25973607159792944,-0.9092968267929541,1.4648823754543325,-0.700963915547296,-3.9350736069744086,1.7067225610368995,-0.06970411917097852,-1.1764764229234277,0.887256999737893,0.2110878569776981,0.5045686458424776,3.7282890825997175,-1.388220445406767,-1.546343147287487,-0.17088896541663123,-0.5941738188167162
