-0.09642770073484881,0.9420775204180522,-0.5795033994790016,-0.2267340521433706,0.6497019178381461,0.19512234367157932,0.010354508857962089,-0.3977785236466913,-0.5525911158818215,0.8224682016048213,1.3672971528456603,0.20822328169878043,1.4977344642910606,-0.44724752970544396,-0.030282325500773706,0.24610752625776322,0.7184557210242326,-0.33940992287562644,-0.7792711685166575,0.32863283954990746,-0.2223677786842141,0.5694353690735733,0.3381213446195045,0.4182139058941704,-0.20699990746644784,0.9151613840541206,0.1795088542411364,-0.6431844732569588,-0.7421991207954988,-0.28893341022378344
0.37242448274978807,1.6715668129703736,-1.316420711633791,0.17446188620461894,0.31227807217986825,0.09529626977017525,-1.7438394299170255,-1.1542356057436467,-1.309395073641505,1.3049049848840961,1.5247476361285763,1.0342982973972965,2.273761988084857,-0.8927462214120616,0.19594001656711182,0.5263107121818724,1.2926011512609805,-0.16032114090652416,-0.9510281760681903,-0.566112626841741,-0.10813959661041651,0.25494207755618736,0.6118859257261562,0.5394424178728793,-1.0115126556461833,1.2730222623647622,-0.7795275707246798,-1.4335404157773861,-2.0444498178132875,-0.6808237140215081
-0.06498873790313581,1.9656008888636871,-1.4339940143078764,0.7603681302417274,-0.11476942768104505,-0.010836881883973401,-1.7459961456433728,-1.5403237028881884,-1.4153879607858346,1.3276896111150562,2.373836766706109,0.5170398958825793,2.66951549897626,-1.0409022991313768,-0.12311652918278428,0.7081930906633612,1.7065341104691918,-0.7231565660856065,-0.7792850973626386,-0.6900629628115638,-0.5707007926015152,0.5739158881094373,0.4812569857556451,0.5827951234863271,-1.8337582403946,1.0239948154996406,-1.6224855010010322,-1.4408425403174556,-2.3950370482246823,-1.2213708002325645
0.5598357058301507,1.5673135593886092,-1.4376061800381665,0.6505972548300938,-0.18619790464146016,0.6467245093515135,-2.073906618732489,-1.5107088352218228,-2.4606540189843855,0.3829548024898585,2.3483200103755535,1.071937198710245,2.431172221818095,-1.0881549318404382,-0.9868388877994307,0.9995385455061485,1.7409420620023455,-0.7123274241123979,-0.5429497850994615,-0.5338661302719865,0.07434383800752348,0.5903507404562602,1.0216116703313178,0.7390691338610589,-2.42404248692605,0.9387885371486093,-1.9815987395887305,-1.3881706627517472,-2.7088590708910534,-1.9324381471376761
0.5681839512423552,1.0810202417552204,-1.826701087124628,0.7199016239829531,-0.3199445639778883,0.7024351210340807,-2.437934025271233,-1.7104618069690414,-2.7722763288793604,0.3383072482244408,3.260897468539044,1.1915497443777179,2.3045624741450452,-1.2918253030313933,-0.8016663959834489,0.7078472854906855,1.6440688158641283,-0.2440450810553565,0.3675645531694321,-0.9698431946338144,-0.114155642605972,0.8540112283257133,0.6799543340918476,0.8252194645490917,-2.3650387655931078,0.6520360755413048,-2.0851528406777784,-1.515801162980234,-2.708055306994308,-2.4042369597381352
0.06406417781982177,1.3166006460101194,-1.9221436807712535,0.9132630143744314,0.2504080699320182,0.32531215700642635,-1.871486050675378,-2.6085879464258146,-2.8647970520614514,0.10653177361275237,4.014625842210875,0.952224114202922,2.6523447485077867,-1.6060992024714138,-1.2040912282946576,1.2759707634358612,1.2912244084864788,-0.6689792464656801,0.6662871886785384,-0.7183204040302364,-0.46562117143818615,0.7479085145206213,0.8499459677132096,0.48941098201460037,-2.259202933363,0.9281008931864048,-2.316270544409528,-1.438015744610326,-2.5404021433001995,-1.8947900563078999
0.051960817198385106,1.3331523309789297,-2.1286626579628294,0.6587847975819876,0.13325551563589028,0.5202925957288607,-1.959246864906086,-2.944554310773434,-2.6352249840894086,0.6513182532065083,3.682470355912944,1.3681065814907016,3.154891499515951,-1.0517698092305137,-0.8036893755730359,1.5555698881403377,0.5274823361243378,-0.6845043998802631,0.8856405980261315,-0.7248646116988811,-0.1212527404893437,0.7842754220216427,1.64058503083027,0.06015360451525745,-2.3060419540094186,1.2928422293628623,-2.319009838671162,-1.9137088299859553,-2.531480924381632,-1.560475822274616
-0.3818763101827818,2.0281285463094854,-2.555092186996409,-0.0025003083768445414,0.3254312397576526,0.7498656329231833,-2.100504580741692,-2.6536083370455725,-2.690552555121643,0.669019982194268,4.27913322599526,0.9144649490546655,3.048476463812379,-1.3715026760396702,-0.6081930062541682,1.499683216346069,0.2756094286849463,-0.24187119862730452,0.919867857319771,-0.4584451511940246,-0.38460040684920616,0.790900257515525,1.241310877567013,-0.47177334184259356,-2.023545933271491,1.573687052960531,-1.9546910708492788,-1.8884362175295737,-2.221801853922178,-0.9652499661345196
-0.6036230825074451,3.368564847355493,-1.95856361322161,-0.7380561793425802,0.08675373898418395,1.3508018079033155,-2.5295180208955337,-3.0609665177790024,-2.6702429627507116,0.7251377771924524,3.5067502508281216,1.0193054038463516,3.1846381287118772,-1.4933338301478885,-0.67629832877649,1.5894417366499487,0.358241014664805,-0.661708205088976,0.4017326393036625,-0.5748366738676508,0.5907129497912271,0.28600022310384754,0.6732843747113292,-1.7566315222429045,-2.404737875338681,1.794084216564075,-1.1096808822733388,-2.505829473827293,-2.698145805725565,-0.887298166710445
-0.12809099150541983,3.4965770835474084,-2.696494132536282,-0.870377775182029,0.13603275424220126,1.6062091497090398,-1.979586123373656,-3.173223575398735,-2.465944979494758,0.1128443546319099,3.249966200287051,1.6126499580021634,2.567188421735687,-1.412737996562213,-0.6657171474283472,1.8632327488961262,0.899101991216566,-0.706435248433975,0.35538642575361973,-0.47595358509119573,0.0742344058116266,-0.04961192322849038,1.1046385524860516,-0.97177270938988,-2.521263544151183,1.8367973557946788,-0.7449699678940569,-2.98516128607624,-3.273026482619412,-1.0038542306392357
-0.5644212601619841,3.022701505450729,-2.6110007511774658,-0.617034788627956,-0.3346401208967116,1.621621888781447,-1.9837078029451625,-1.7876009377004325,-2.886287395356173,0.4447446101678016,3.8453722241086803,1.0581931783127647,2.7026650296453907,-1.4300171215318809,-0.8335612706996718,1.858089680317563,1.6054159707390234,-0.04472375707620907,0.5557723282123068,-0.7541774637161422,-0.673346298707233,0.42553685862189294,0.5329792350641084,-1.0812937352605476,-2.2769152375045016,1.001619114120283,-1.7033309253960818,-2.8125139391207163,-2.349099804058679,-1.6579390263816773
0.01698090175088845,2.648906336767466,-2.7366063693741896,-0.2782083861794734,-0.07081062016270785,1.235709689448682,-2.7151545363641603,-1.645834624077801,-2.522262250872417,0.28196402027539313,4.0174007758524235,1.601578705161296,2.427165840723192,-2.165326342987382,-1.168516342847328,1.6452604585683137,1.5772136002342227,-0.2507365363318841,-0.3484849654817398,-0.6719432730692121,0.10567939883839478,0.130549352776358,0.6425352952073146,-0.11629160871907793,-2.3968018758621312,0.46142611082005963,-1.4617698236601266,-2.8202416495702893,-2.8578590270504534,-2.1210459322936543
-0.009860337642804667,3.450317968079171,-2.9124740466662584,-0.4571786590469084,-0.36716881792175204,0.6364819823540235,-2.899160400512129,-1.9406697520686913,-2.335322986671236,0.17096640183513984,4.009663811387903,1.7747562339396095,1.7693591154652686,-2.473256923062397,-0.9553612053623406,1.7848464210860624,1.9767815518462506,0.3475700329082123,-1.1684794766820974,-1.2735060463843175,0.23655650076077533,-0.17148150113664617,0.5922589915628967,-0.49345288137985954,-2.0920690603112457,0.9012548732183272,-0.9454470472862855,-2.8157175008454987,-3.513165050823928,-1.9784670734051413
-0.2479067500085841,3.601635968369034,-2.688235456920296,-0.1920259223166239,-0.6833283451066205,0.5179448519993053,-2.1510459627448593,-1.748292518804418,-2.9175374173748687,0.16382644308435085,4.683831299647789,1.4525192437966314,1.6669314565240123,-2.875566221114736,-0.900736152622488,1.6132388408506824,1.9420653480859982,0.83550229171796,-0.6857906544444271,-1.187480911243188,0.2738286228876099,0.5458256427834421,0.5141998367438285,-1.075508849915567,-2.349049890656006,0.9706203107020785,-0.7341586937122154,-2.093615997929508,-3.9204434853235997,-2.107825146972732
0.2321694052590974,3.6711981466241372,-3.376037550014092,0.5520908460082465,-0.08278115446727632,0.23017758924212284,-2.6259699036744477,-1.689147329296867,-2.2889557976695665,-0.2144998958339403,5.521938796372785,1.438816887135373,1.5055879626211854,-2.5783544302445365,-0.8348005599061391,2.159938404135818,1.4255246709092344,1.209291960497184,-0.1641937301225938,-1.3928570460934537,0.4407764653627168,0.2825690894262471,0.7325930369997935,-1.0614583933125825,-2.5200203081652237,0.853042177271186,-0.3613255038679276,-1.8987473854434938,-4.333341349797473,-2.433843781614665
0.3598753455833249,4.465773963982041,-3.644423904722881,0.8369167912055089,0.18922491748627135,-0.20960902695737857,-1.2862253580929264,-2.7345707899860283,-2.4842005314968114,0.08610319292362104,5.490135942420628,1.1972926968971336,1.516497416416927,-2.7299811595986427,-0.7010486767878692,2.4412990095148013,1.4614249175618534,1.4569662161954364,0.07087063349944993,-1.873653512700603,1.6673357061967926,0.43547601743946035,0.3037334531903248,-1.5458421282449382,-2.196705752659629,1.3390667255027655,-0.09291569994778112,-2.0536850955272095,-3.5465095059816107,-1.8490163882917718
0.26947369786511444,4.845588247671351,-4.349921518836123,1.121312052645791,-0.35011808181470183,-0.5777365732917203,-0.8199604002161237,-3.0481811783457897,-2.213163736334847,-0.055608683771546284,5.235497429566227,0.7105202150215948,1.018921499674491,-2.2491063399174984,-0.5996332288337441,2.0121006080066413,2.262485300909463,1.063245038938015,-0.1651241879542599,-1.0731008439736618,1.4943154763346855,0.2434630807151465,0.31754938151486467,-2.8312043957250697,-2.3437311085215327,0.652469652861908,0.3839434380992466,-2.4903115424716713,-3.902952265920976,-1.7567914727485796
0.8247966330014873,4.141974466852235,-4.86215797039312,0.763046232755432,-0.01032094291137875,0.20152189903670753,-1.0181642891632465,-2.366651529148119,-1.923824414954909,0.4184083228298162,4.721916680800445,0.3794424292518686,1.0673850723793485,-1.8554356313977478,-1.8492480662093491,3.0713331764641825,1.60659685366009,1.001189945557468,0.4375734564096875,-0.5080338294509876,1.6513594888841432,0.007672478176641004,-0.03729577332959594,-2.5420929857189942,-3.022697962729687,0.8481366396755191,-0.41641899994831477,-2.4358590052730253,-4.582533856238349,-2.176483339751239
0.45823031018212784,4.3262467352772385,-4.879036431359001,0.571297846848906,-0.9646740321150822,0.9300324439680945,-1.472513194874379,-2.213863953133068,-2.5415862165040797,-0.025428947110592903,4.3620204941579805,0.4830259220100762,1.0484289875935378,-2.978181603166279,-1.488479376631996,2.8705055344147508,1.6743808174350163,1.2781296667236197,0.8588045165279196,-1.14307933189354,2.159105526372203,0.09231305402487051,-0.7577545969699921,-1.0933236849420378,-3.4549828624001173,-0.033356300561577415,-0.7824565639675172,-2.0766172287120397,-3.7364745564161277,-2.7123968573783213
-0.2532260194560578,4.020298454448668,-5.590124944575565,0.5598181962067527,-0.2127380440869832,0.61690155914122,-1.81222664892505,-2.6220867667207104,-1.852020042438436,-0.5764039919393249,4.845917470527689,0.3712429274038565,1.1194398209090706,-2.9508301191094333,-1.8897924938600272,3.0465195035922323,2.1019312696175505,1.4411022449706756,0.6341556744162948,-1.0084074432499335,1.2890062973649548,0.6180388808933357,-0.3664035074048545,-0.9295993162956022,-3.336676092283486,-0.6417314272926435,-0.08901858600571495,-1.8960606418863406,-3.2115963115095454,-2.59250660619051
-0.6508028455341884,3.8821440715118074,-5.074858523856705,0.7275627926083732,-0.1325749114468213,0.6735275514636152,-1.658293034156258,-2.734563925132161,-1.3343427597277768,-0.5299339853972518,4.297865674543732,0.26924592882045295,1.3090246400068257,-2.540234361183226,-1.9740787639507404,2.5175196545143024,2.3235541475989545,1.378971453310999,1.071778171841404,-0.30956996690929306,2.1139591935218185,0.5406311873996652,-0.3703318835413943,-0.6668248630975284,-3.2799607216574733,-0.5674122118408184,0.012105840318871491,-1.8995844570797036,-2.8752763151132132,-2.679963400528634
-0.6096160240005138,3.680499118627894,-5.404370447313291,0.8770167424742811,-0.28627422030739275,0.4812531279851773,-1.9885291250391925,-2.9549426026738574,-1.345230022460681,-0.9547614597175471,3.730649770267522,-0.023665506281024866,1.2187798403422903,-2.5106257049002942,-1.7195625094777867,2.7129276176566006,2.1713899031862365,1.5927843903865841,0.9278636088970151,-0.3129789170546123,2.3315840231289635,0.32652634307747774,-0.5177292787725594,0.030524064591745614,-3.908966894432008,-0.866860864217333,-0.04432835313120656,-1.4518093797254303,-2.154652093478571,-2.3237221310567246
-0.5837398812932174,3.889324638693079,-5.802539602984266,0.4293990060117359,0.14934110222565158,-0.4738858353105595,-1.6598807825092041,-3.171083927506902,-1.3786311136948748,-0.7041518338391274,3.512749580565936,0.19991807121508898,1.0469899690956803,-2.371329994203291,-1.1372428111175874,1.9220737060825628,2.1984649893833668,1.7129192323472147,1.6244798631495134,-0.15550143468444985,2.0650972712607545,0.8155103746613898,-0.5214809386575788,-0.2528733082669054,-4.142090607342377,-1.247316228260492,0.3174079240146991,-1.9611299229250088,-1.3383488823307825,-2.2756487691515734
-1.4735246194694978,4.300954406046597,-5.392010672681983,0.7060720618622209,0.45609391845525704,-0.17788302492944713,-2.3452223198513735,-2.829705111225393,-0.8763049353888297,-0.5894162525644223,2.8535290634047463,0.6498429250018106,1.1241200812871108,-2.075551734380857,-1.268994022472762,1.4625526734729608,2.2991727350429647,1.500812852461616,1.5434901102483045,0.5033673558432025,2.7290014796682405,0.7879414399838975,-0.011215175880790447,-0.040893375736572035,-3.600631659639222,-1.021742145734676,0.6252757420382647,-1.634755421932416,-0.667729679107298,-1.7192029434134612
-2.414028352941997,5.043359785020356,-4.891832721603748,1.2188772432959565,0.7495352570725371,-0.29471515804476384,-2.678859450156114,-2.340982328799984,-1.0279890936281737,-0.7676332158727837,2.1640391784171515,0.2292454358359497,1.267930040245069,-1.3806273418712012,-1.4896995046804795,1.3853448035744242,2.409388616618585,0.9430137464344822,0.9901149877567962,1.321261217313278,2.9057988837901165,1.2926365800852357,0.5318201946120419,0.12148941127521619,-2.9772420749379926,-0.8634807135517288,1.1491713104581376,-2.0504356808192883,-0.2837632552752911,-0.48394521874290225
-2.544484171883258,5.078553566698188,-4.979084461903874,1.361164636976605,1.3313835072938311,-1.2682345981982697,-2.917518364794805,-1.7932269665323424,-1.4355763291686334,-0.3453231790730444,1.0261951545454382,0.15618761542058265,0.8551144389897396,-1.013446521382116,-1.1889433019535804,1.6257885522215922,2.5466392311024535,0.6790185400283975,0.7326559791929927,1.5845203506457404,3.028275858879726,1.707500985275745,0.9923069789228648,-0.1720953925138575,-3.2307845904850727,-0.7572992173843301,0.860147007330908,-2.752200936583784,-0.6350239635862651,-1.0429259212080144
-2.3503126061964554,4.828539210039937,-4.419240336572346,1.5479783791399369,1.621668106713913,-1.884531310841494,-2.8210910006907195,-0.8506347252130663,-2.165172656380047,-0.5594467236949712,0.20817015822115228,-0.1645309413118001,0.6629369814034303,-0.3398191208717641,-1.1903372021302474,1.5420958135356861,2.010996681429797,0.6060424689215833,1.0634539470802098,1.0755857931099315,3.4663830495037447,1.7545113711637994,1.0164993334931063,0.8160035675333808,-2.587345969343636,-0.5999954190564524,1.04466904765897,-2.6730403372423166,-0.5513426637019464,-0.955918153167062
-2.2693836717896336,4.661076505126998,-3.9424868633905774,1.476643324887876,1.40145181830079,-2.262793930121104,-2.5177781253416254,-0.8024492695464431,-1.9684466155205513,-0.24130693360896227,0.7211408240232873,-0.4234402708983732,0.2665777242194183,-0.49628657495630535,-0.35420855303851995,1.1482930474460178,2.8899101517181625,0.001845137904881243,1.7228198293072614,0.4866163612016435,3.445039288362734,1.5692806456887587,1.8904129537555945,0.7177321895173477,-2.187504391896907,-1.136257886089837,0.8243328098584747,-2.4211150635361163,-0.007163461602373966,-0.8430647590010547
-1.1701652034875332,3.9160234480064577,-3.6008034269209372,2.560871724266869,1.8080619326157448,-2.3131663162673832,-2.891425901764069,-0.5366401733383077,-1.8539494399530434,-0.7176982713604844,0.8043723327112986,-0.7371542929905859,0.333068937115107,-1.1011811706851442,-0.7565796698792284,1.585188945730151,1.882973397517708,-0.17233668191166457,1.9379945765862698,0.6945691580993728,3.6785016141100026,0.9334294387043597,2.155414618103544,1.75607061850769,-1.9574714788962875,-1.2963410872675363,0.4693651298845601,-2.4241623892476154,0.7105243961258076,-0.7399549204572133
-1.0131102383005453,4.303806205907547,-3.041246650629712,2.68138639454224,1.959233128215432,-3.8126575544215906,-2.0865126814246544,-1.7946972479098697,-1.3301135052965465,-0.8478165504842327,0.6640059938881994,-1.2932746611689805,0.1504454928993043,-0.4981549541238742,-0.48508642301142446,1.7090439539890254,1.4571076531270326,-0.13684053463067924,1.9462984830600905,0.7601951114605827,3.0722318247351295,0.7836848138585966,1.7806709107407168,-0.03520627832185738,-1.3801980636461213,-0.9993618642563749,1.226591389427955,-2.361030546325121,1.0390235839011261,-0.30042936890875926
-0.9528642395800675,3.0110094386824526,0.05669617430334914,1.9985895854190252,1.2798817996639555,-5.268846558708097,-1.987170906821527,-3.327739839904575,-0.7456463684950415,0.19305066600961449,0.3440381456222771,0.30837607720987104,0.13333619182925396,0.45313198471990274,1.8467458093379343,1.6259259753254625,-1.9777257798529302,-1.2365839516213029,2.739518338471468,3.0373554643278604,4.563632483214945,-0.08898371777144029,-0.8989693387422838,-4.884661392718294,0.35498610425161836,1.601065540371241,0.23485060921580955,-4.377836693827319,-0.6373980828223281,0.15898067632427937
-0.5862328895711384,2.5039390356536924,-0.014673246985226304,0.15931179713789595,1.3212564426467535,-5.116627562425628,1.2846613334301524,-2.221287886838258,-2.778087053103892,2.2441342188159057,-1.0259605384057766,1.8152905659066485,-0.024111554285542763,0.4171184698993684,7.029221917514534,3.6816780074842725,-4.705890782641414,0.5380438724926878,3.7272037614872486,4.251662473651968,4.746804438035128,-1.5286873569367683,-3.178082036707136,-9.568834084782893,1.4311474430657007,5.282814113528316,-1.7272308960659741,-5.55585816956283,-0.5692693565484647,0.3173335444090861
0.1862151355736642,2.503424883977596,-0.2962352645993296,-1.045781977661031,1.3690445045804174,-4.455544009529653,3.5838330954203124,-0.08728571443948,-5.27013898499598,2.4552069098481306,-3.2184177629083943,1.207756119485288,0.1275077119192709,0.5252333738173677,8.269552665747389,6.181508748385073,-6.77460261940433,2.451178258967005,3.4790969932615123,4.356263629367446,3.3342107440446065,-3.6346949099837564,-4.017035593180316,-7.4058357126905205,1.61933284075884,5.682355433204717,-2.361264929611157,-5.509470320361213,-0.17120879652924037,-0.04335102831224469
0.7050226068674758,2.943172195841201,-1.2092589467956973,-2.774642748180521,1.513486088860658,-3.412071481539143,4.512768961994199,1.3720626620461824,-5.411199553080519,3.0904806223450474,-4.372742468290601,0.7080250599897736,0.10600352979420051,-1.6074074840123431,8.520673115520417,7.138149166548076,-7.413974765703278,3.9870012759889946,2.830675670754666,4.16587475929608,1.377842849173157,-3.2899480959816128,-3.8233375383014416,-3.876230459019484,1.3318624289593781,5.047358139131484,-2.0745394605848717,-4.880144863696286,1.2212645640951767,-0.43579071383740503
1.5636048987354316,3.0420393464725084,-0.865006829139393,-3.5193436812804926,0.2529997048453791,-2.1341032764375623,2.668735039030419,0.8133544749961186,-3.822512465241499,2.810886145552151,-4.705774926238414,-0.002571938443267051,0.038794114758871096,-2.4996892634233214,6.424472151904388,4.117348689869349,-5.564964090078308,4.086674378463729,1.1366063117275602,4.5597529967964965,-0.17159664938473176,-1.8310577265870243,-3.1800317118587538,-0.272142130296076,0.7636741233932668,2.437164487949103,-1.3897737348044183,-3.0890130139476257,1.649013850868763,-0.1011860013571896
2.182297442931656,2.478104267624791,-1.3775681950581324,-4.088091239429184,0.3452154187247991,-0.6140907138660294,1.5321507418565732,0.1630105725201852,-2.3448263448034226,2.4447733994603165,-4.900810266446372,-0.2704032176260001,0.5183918148386011,-2.386913569967451,4.898673531190381,2.270736237616368,-3.5261671902349696,3.6224179774540017,-1.7730612684790443,4.224926215847504,-1.0151222166726481,-0.41254678372444287,-1.6068320485020193,0.9010322080856411,0.5143986877205007,1.0571270444702128,-0.8727190816396863,-2.4354813589255775,2.016146653415721,0.5138497689186634
1.0559324826180692,2.9001633349306215,-0.7664114234672134,-3.4810784645648245,0.6020198110935616,0.8682774074198424,0.23657150221883988,-0.03063728619328558,-0.9171093247389153,1.9545915833549392,-4.651701148349697,-0.4993998856346904,0.4730361781936567,-1.3465500476445593,2.434145240894635,0.8080242442840978,-2.1928107392872644,2.032740687011904,-2.6769038569894903,4.237068543636276,-1.298152205983209,1.502993898341411,-1.0337868278123434,2.5771267573103835,-0.012366767159439539,-0.08979404655186177,-0.676721515947104,-2.2293327788881325,1.484425004871163,0.881772037241021
-0.28300212906287153,2.647497069567576,-0.5086513185064698,-2.26348107245091,0.7666524959503385,1.3011989609544463,-0.5832282209052007,0.8512480142988915,-1.3469928183017237,1.655415862934882,-4.563767065068723,-0.6210692594355907,0.3619589547236066,-0.5297585182956571,1.0720617141508098,-0.7930850975199448,-0.9275341820442577,1.0913612723150246,-2.934472742203362,4.020279837651799,-1.5036668582546147,2.1757651730553533,-0.657267668985396,2.4994020050932892,0.04202609069924852,-0.155265450163788,0.28696860671536034,-2.2605077345812097,1.4322588735386912,1.4463506503626298
-0.42653583109130017,2.919527533785455,-0.35313441417768615,-1.4562539656980988,-0.09606600481716268,1.1489873540705204,-1.4481898463218268,1.67778812100248,-1.4262169840113115,1.7327703092128983,-3.507276259115135,-0.8024807838946281,0.7605193305709281,0.17849665373968765,-0.1048940524838493,-1.9700633713040911,-0.26091976028809577,0.13770304305871464,-3.4193970774908276,3.779538515116925,-1.3245101857279944,1.9870184847986827,-0.509394339996633,2.861309578215544,-0.31093575393615386,-0.3734518657954513,0.271929908536719,-1.3621532155966096,1.5906156036117332,-0.11312773142134168
0.4334791399556686,2.1632416814307653,-0.3225872311703429,-0.45226705260076344,-0.1511098515757134,1.1111345668230561,-1.607904728502333,1.5372380453921675,-2.552269563859583,1.8304944702601573,-2.7789739032828216,0.4054825303804911,1.677945933052472,0.49156128827809736,-1.255683678032296,-1.0704682744474316,-0.08745739543351438,-0.5611721366849872,-2.7968639877180115,3.1314531446503127,-0.4652773568985084,1.795961404558708,-1.0642904839575913,2.921862085897363,0.07555207241353408,-0.6985481117420955,0.14097429039102014,-1.5808656425241379,1.4905021743973275,0.35332922446831094
0.23850903194454734,1.9874065771968312,-0.2711166409302252,0.39761867900812425,0.2896227254667132,0.04105664898468293,-1.3181888348003217,0.9024652025359211,-1.3455101634605555,2.227380840273259,-1.4930473385208876,1.0850127319021112,1.2084323267394723,0.36190364591981483,-0.8989287612384245,-0.9857373320312488,0.2590329168894062,-0.36079248785664153,-2.2762457271536896,3.0855877013557547,-1.4112249091966844,1.2500617386265753,-0.4329164230942625,2.6587615317486057,0.6950208284358965,-0.9164222090990577,0.3085251619817127,-0.8834764198850382,0.9252083712631839,-0.438767720077879
0.8651803902533434,1.2377978248839518,-1.3686959485948258,0.6709931824617945,0.0390182851674569,-0.27958846503296875,-1.3094904687747273,0.4452831057960455,-1.781359138722953,2.3051790803655394,-1.1091699398187915,0.8568565009258822,0.7890440529094784,1.1846539094544086,0.3146400263819722,-0.5289836861285296,0.24672460070444388,-0.05197509732195531,-1.5486873559006922,2.907711783160967,-1.6480834804843891,0.5249016595742545,0.1424371907835418,1.7733481459540155,0.5877414381135008,-1.0151635763207736,0.24816036817585008,-1.0242588744017662,0.9113110666112743,-0.5185586283991899
0.16092448129617434,0.07811847228170113,-0.16276135960035165,0.9144953867322523,-0.5436389551350529,-2.1186455874303833,-1.0974803719627064,-0.6839444083721471,-2.3067223789886824,1.8453447593954335,-0.668156965249364,1.0813195257708472,1.1406388239779077,1.000215905334556,0.5458707166412815,-0.14009691839387245,-1.800651378262055,0.10456141052374456,-0.12481234340380402,3.7470471771228957,0.2845595580785264,-0.06803049468731598,-0.2799466429292299,0.10218908751810797,1.0198431202412332,-0.9017803970694458,-0.4025212075541866,-0.9861898045069604,-0.5633424261732474,-0.2698881109753244
0.10098730512626897,0.05365483970625026,-0.05137899190115222,0.11117377495095895,0.07618114119213956,-3.3859571336367815,1.3380493340478654,-0.1265658666313977,-3.2692783114829247,2.9963711504397477,-0.4882571435955644,2.2340268558603325,0.982640172652755,0.8273170231735911,2.546421758271549,1.8068465249304713,-3.900593405591974,0.539006359872126,0.9285241152710989,4.068628358802949,1.6511894941457537,0.22308385484834053,-1.043715018807574,-2.089341672381341,2.23448500118253,0.033339430603869354,-0.713646339270771,-1.3951683552359901,-0.3319047162447202,-0.46153922738025566
0.38875489954714904,1.1590407296172107,-1.095446887257653,-0.7079183793258724,0.5716433539356157,-2.24676862508133,2.786065484584055,2.950714493893879,-3.631306780926697,3.8643665800380615,-2.3196589653455537,2.0136739628054494,0.8093769515698953,-1.3497881893012436,5.098418002713612,3.2866812365383757,-5.497814893157116,1.510548589118726,1.828089944792265,2.722516481081073,1.2213100400526424,-0.5000353889430876,-1.349237445896323,-2.6877611326971165,3.850547995862335,0.7878633965477079,-0.39126567177450045,-2.390464608840822,-0.5947350342644704,0.0840320105143626
2.5962777417295166,2.80513950468883,-2.3214537678535057,-1.174598433017593,1.1788647532429186,-0.8104573024762495,2.8941164108642705,3.724975788363955,-2.6222365759021775,2.852491144472151,-3.01515560393441,-0.09807443803366954,0.6616071649587575,-1.8761442555722434,4.108663159320506,3.338189700059705,-5.838762684458334,2.462995471581829,1.4207708859534212,2.487984309453535,-0.9810233509202233,-1.8178317010037226,-0.979441822828731,-0.22934283843295988,3.4017241845499253,-0.11612369217432109,0.4721770842542389,-2.3248407300130083,-0.5837495298349622,0.5238861844579067
2.8333643371479225,2.9669961470304944,-1.0847338632616448,-0.8533220468810799,0.7571440713211358,-1.040367683031317,2.186555451476092,1.3259582754347161,-1.6683038654122944,2.745357221388506,-1.6391947865825376,-0.8606577708658937,0.6189625606128728,-1.4932824113563097,3.139656832192708,1.7454014735547527,-5.012553130868693,2.031040420638214,-0.16842071820201124,3.8462682324199418,-0.4061948666829255,-0.6775090635715433,0.21927789466712286,1.025388007992604,2.174316953702325,-1.7500769226348638,0.31268175907886503,-1.064279839508133,-0.09428186150121365,0.33594305056599055
2.1039032525253343,1.7119715897458367,-0.499075175317043,-0.8231366445755778,0.27144303884518944,-1.0248754249859453,1.4952494489399657,0.20329043518649148,-1.5193291556613786,3.5975195670620113,-2.4030590540130805,-0.882734313793956,0.7785802643011912,-1.222160954504223,2.9452752327810052,1.5247554518315813,-3.3320503284748315,1.659105471775735,-0.6292778545489958,3.646441985654517,1.1203441828199807,-0.259491475099791,0.902665576288723,0.740644469488075,2.082937828303836,-1.8926559538504943,-0.4790298135651375,-0.889977099752468,-0.6640638077353418,0.18997159425031696
1.5189748088361694,0.518409835281383,-0.5606973169317612,-0.5393964332356169,-0.04310201982945667,0.07413771501817126,0.9281732064416999,0.16557908869093818,-2.131544188262147,3.8168474242901707,-2.0293165747015554,-1.3336306046199662,1.1190374466814064,-1.320209546273916,3.0491996865252884,2.4754680969912406,-4.054468505164731,1.8666336194583053,-0.5289563239107822,2.2426777844373547,0.9720784008791228,0.07399624159179391,0.8739971999670952,1.7213257950055763,1.9004341598779073,-1.3916592803716938,-0.3424035574944094,0.1428601857498804,-0.5834701026245133,0.5149608346502773
1.5363377211046316,1.7362491753044063,-0.6025387873484543,-0.3550698113339139,0.4022041014887337,0.9845568963579515,0.8609292336052169,0.2577113357461802,-1.829673128352625,3.278654500173096,-1.1757537340491098,-0.6374845711650645,1.285961582110665,-2.2377418586782336,2.3931125157091317,2.160423850701886,-4.466479040167407,2.702820498577325,-0.7129500010739211,1.4910642300334063,0.09199702958166084,1.121190185999964,0.8782200762599838,2.221555647263288,1.442927824431512,-1.2291633752730624,0.3660380180144629,0.4453996136639956,0.7171755632417123,1.2726513884114357
0.985145299773421,2.74212038711236,-1.4361418784706812,-0.4357006871406327,0.5495366916360742,1.157510836613691,-0.4864440162087697,-0.7257643863941916,-0.48875353907682645,2.5146893295893364,-0.7139653533700094,0.06097760378549566,0.16088788599190243,-2.2501724704414534,2.0175394515683474,1.193691788799797,-1.8497181393630608,1.8651513531672599,-1.2420894589814429,2.149735969486,0.0653446617831051,2.848298536645356,2.0711825373854214,2.0477395150057576,1.295783741841672,-0.8843713599266088,0.4855937206760722,1.037938154822676,1.018895147436675,2.2317056088082166
0.23904287068302044,2.8894585068896865,-1.6095753956216297,0.6280230136564253,0.830002947431552,1.5140905968073963,-1.7478876444187867,-0.45605765948270793,-0.7488634807944854,1.6651853612249228,-0.8133030280052617,-0.3764150725202976,0.7464705867683006,-0.6443467764695324,1.1249369225356605,0.6824007784623123,-0.9561081105113483,-0.05961798886895958,-1.9345283697480247,3.32753552391956,-0.16406867898073513,4.1260774211047195,2.184244882658428,0.8618686713577284,0.9356700106904143,-0.4474652878038825,0.9492032202903051,-0.5329748564453726,0.5108506342125725,2.9075310265935355
-1.005025306342344,3.1486880201529743,-1.5492791627893265,0.4187249244563024,0.18172633573085673,1.1212251427959818,-2.843262007727456,0.40436281066562607,-1.157144911952096,2.102704062864791,0.07867715191305244,-0.22078984160886034,1.61058182573543,-0.2097824458833888,0.9710162263684387,0.5818246587346082,-0.8985640688884933,-0.6903030940158491,-0.8420032743151407,3.1666801107162383,-0.23487534210726174,3.1987984500380064,2.191015535024989,0.6731351750987992,1.2674279970766282,0.2678993665772662,0.20644036331050453,-0.5939393952813345,0.5919045329620658,2.4679201171414005
-0.5087835294862253,3.5261938975587186,-1.3512599553495959,0.374261081095695,-0.22278064399160166,0.6937866097312461,-2.638840245477482,0.8122575307108579,-1.267217869929964,1.1960618855298608,-0.28917643244696706,0.2599511694175036,1.9661658292652648,-0.2667863035059126,0.14235282692012752,0.20955305792238343,-1.032063990461969,-0.4564036264754996,-0.4189001529392848,2.7430719914802166,-0.95863571834192,2.5269201495059743,2.4272438745632767,-0.07828191474501345,0.5870617813958383,0.6339813919012984,-0.3932001966520163,-1.221265028758893,1.5286264909450367,3.106961158391097
-0.7798125374827554,3.247998635549316,-0.8258769301837392,0.4500630933645522,-0.5873143996691496,0.6537361856413144,-2.9316691485090747,0.647957120182538,-0.8967308394623479,1.096181886249844,-0.07781141928325983,0.7974109331489638,1.0855380267971917,-0.09192119497092796,0.05963184595679043,-0.6840395108215656,0.27563204805472574,-0.6809664420533214,-1.0831325234224736,2.891865935717921,-0.9532359177336313,2.263362378181682,1.4722656912387992,0.1824966545396954,0.21873875317010416,1.0194529273121338,-0.6342879210205776,-2.0697563089783215,0.8381939657571998,3.2274062398361045
-1.1464579969267195,2.397074666779355,-0.3659402896373353,0.7376127142737028,-0.7858219086085937,0.21210613276747917,-2.7563365804107103,0.6878190851038245,-1.6234632725207119,1.0289809581016272,-0.24040922137214146,0.9934771420152128,0.49367543324944296,0.5104331446528894,-0.13317878902012756,-1.279666898695031,1.002872216121803,-0.8316888510144355,-1.8244462956725975,2.680185602934263,-0.7209839809005527,1.7422782729929898,0.9280076629268834,1.2167937794813737,-0.22462281962260247,1.3519595508983007,-1.1940908820189364,-2.4895498494805,0.5836146983532267,2.6402359965306523
-0.30542206042337244,0.9750380431297048,-0.277291473196172,1.2859521040163726,-0.2879690190828824,0.4745943236160877,-1.9078972034658426,1.1259002587117528,-2.2567477613030116,0.8972396687416604,-0.25797338626495087,0.8829524155275462,0.9512141704805227,0.4197596376125714,-1.0145963576608004,-0.41367723903789877,1.6093321453101201,-0.3996736738921452,-1.7008808500016288,1.62098778088746,-1.438288503363442,1.2202041855572228,1.4301355110540648,1.794993318989705,-0.8103981524027883,0.4392589336224421,-1.605105902398978,-2.7882624135265903,0.2489687461174562,1.6807912730650003
0.08186285903342941,1.0996635377254393,0.05445448631068411,1.8876140833684476,-0.17919958121703083,0.5352077478853307,-1.9477721366888496,0.7001418988443778,-2.3489022628208103,1.7717949310519585,1.0537006520456764,1.399038189216113,0.9954852790581884,0.8738693020477639,-1.109405383080653,-0.3324346119273883,2.0328572725288443,-0.4387118869208589,-1.3954005692558058,1.597841738642993,-1.5353381472964427,0.6157540475923976,1.2631682966311868,1.9442258032050475,-0.583836946730008,0.7044664668978828,-1.9697627438675165,-2.7079072007984477,-0.02852419547356147,0.5468172252250689
0.4950491182864414,0.7363074764234616,0.42827088529664636,1.7213120529458206,0.19824213687192885,0.5817737488718008,-2.0290492940232223,0.12742790503274415,-3.156184406811681,1.7742795037380554,2.081920708713114,1.5865593129032098,1.3663079473904776,0.3404855209264208,-1.653266174674464,-0.4510977824488968,1.7036706511130162,0.4276801054701118,-1.2321325278376787,0.924205917675076,-1.3903853677219447,0.4994095445905977,1.264756441661532,2.3773471318295587,-0.4887415132266681,0.6010994317827852,-1.807374924810656,-1.9598774014934757,0.14848851650963513,1.1835430440945456
1.189397361347468,0.22564713827858057,-0.02414954147792306,2.4757966201744717,0.4647868955017133,0.21242636634133732,-1.8433205428330117,-0.6707410631005248,-2.7673800740715144,2.0392505456889314,2.5668495015013013,2.20485362430439,0.7844112125584618,-0.11028656682124977,-1.3899758603828316,-0.6674565298694163,2.008285826015746,0.6069159942595111,-1.4337585573451155,0.7284232479606125,-1.1832333197972822,0.14678317619374392,1.375666201957564,1.6246764676669458,-0.5565105902414503,0.8948963184014238,-1.1416255796298593,-1.7316380043719293,-0.19290682397582812,1.0127836743852636
0.4455540668385949,0.1696945640873916,-0.11764752832365236,2.7413824718091107,0.635248186278846,-0.06328267434251882,-1.8263299367282713,-0.5487206539856211,-2.304727042778712,1.9014494701028521,2.8954118792814003,2.167138821070139,0.36151294236604864,-0.4983503956133959,-1.6500512495827364,-0.318936272267391,1.8398165206216206,0.9875169531376246,-0.9033213117024828,0.6591843950961944,-0.7431203408115085,0.21518818281006194,1.492925217024487,0.725156581396754,-0.7282323447446615,0.943130770368121,-0.7945967482015979,-1.1899133389111407,0.4229653266597653,0.963554155001088
-0.015743253226536046,1.061590213920581,-0.39601991411975235,3.1747305879981744,0.41050576758909857,-0.673789062096489,-1.8706795137161725,-1.048519169828165,-1.6315514427152045,1.8569309798002045,1.9230430060768804,2.2985172145606674,-0.30936493440836255,-1.0539509911526652,-1.470729585162026,-0.06284718214939047,1.8570126953731005,1.3834976708016922,-1.0970442756092764,1.4005717968740714,-0.7306049068508633,0.816282285416561,1.8358133744851346,0.9105724566932181,-0.8778804268375172,0.2729317991046255,0.5599807050706241,-1.2099883560374434,1.2079521987504251,0.894345051147566
-1.0056441985994002,2.7119130269686096,0.20622795544545397,3.0630196165698953,0.9656846526891806,-1.459322537602397,-1.5515650081844596,-0.8032479754782528,-1.446598014538107,1.081228651442578,0.6521464481168705,1.7367026398773047,-1.1480388887671336,-0.5618171532612588,-0.8707323411084799,1.1987555415671245,2.2205803934199455,0.939245606562638,-1.5597757329692237,2.7523931328510103,0.1646634614179775,0.07615055442962083,1.866585349723467,-0.5408331842415799,-0.6597082357809355,0.10419850693528057,1.4267362539523747,-1.8744698245413514,2.2138840527589543,1.8468602229677276
-0.8615339423840963,3.4172164933085454,0.9666098971842779,1.978308651985419,0.4503071213954269,-1.6824881585125968,-1.4875707765650263,1.2953673735164268,-2.284689628872279,1.178302645051817,-0.7473404101545489,0.8623905045167286,-1.2221200050179484,0.22232141567921504,0.011029173341142305,2.544261060948254,2.6673950276415885,0.40541810307312115,-2.028473183132058,2.7963319393605115,0.7976972346406812,-0.3672343684674021,1.2270571319788617,-2.3261894258616906,-0.46746225956581194,0.07982179366868991,2.3571226133466503,-1.8712801182224887,2.8598113886509218,2.938713634171834
-0.5487182152077984,3.3941679201364603,1.3930276003745319,2.1856607280369573,-0.9083234946162514,-1.0791429540728477,-2.297511779779307,1.9300590691255926,-1.2915469468123097,1.3406220489194534,-0.14704119813138403,0.27428545896642986,-1.4364192406232796,0.7430214269723503,0.370490544275795,2.9914585948013817,3.2684899489973573,0.09001485305275808,-1.824459998441021,2.653549360845404,0.9503934666706945,0.4655416538157846,1.2739616289451332,-1.19027618883856,-0.7782100167245558,0.08629631560832256,1.7361319742887296,-1.1464353934026683,2.3455967167458045,2.777820387018979
0.009782922920347284,2.7107189874130717,1.4156172301063992,2.753852253933527,-1.7170813372354872,-1.090640200663233,-2.8871442636796183,2.1120958585647305,-1.1188723209038502,0.6725301531457165,0.031030191132504326,0.3692516314071272,-1.0205236121157126,0.2459414718317927,0.4839878675330628,3.606289948315065,3.4720670913698455,0.01990611189759467,-2.1076262461759487,2.1673839886707245,0.38901594214209906,0.8007307751124098,1.1628725852915416,0.29653828169826824,-1.134965175755349,-0.45146297512651706,2.226936548946724,-1.2223026324850559,2.3719391348239744,2.5039918029851087
-0.9679273214651538,3.0081234887649386,2.022937988881478,2.259247518231268,-2.43849447619566,-1.5517323497055648,-2.828929956954709,2.439354948819402,-1.0828738141266423,0.39364787668018497,0.6700555401592185,0.46123229570884317,-1.0650326713044842,0.013456800127814916,0.4190120685047283,3.3437878808292227,3.869736849711895,0.7110710893767361,-2.336052477108415,2.289939800640461,-0.4183004274155329,1.1486172735411748,0.480224373968841,-0.3188039024201228,-0.5684548399475271,-0.3193649930875138,3.2491484374735786,-0.6942220325397985,2.3057411296274686,2.5379188381524096
-1.004940893491621,3.563660662246974,1.5351262042990343,2.4013856881670974,-2.346712600163921,-1.0716273182822638,-2.688417236731702,2.123824445463653,-1.4570110155457123,-0.05403158282427504,0.5155111418878657,0.9234748583138563,-2.000202598259429,0.8980387139022973,0.13001519607347367,3.6975595860326056,4.135538682199741,0.2551773690510077,-2.3867392232708453,2.664764039536942,-0.4431761498783578,0.9635547250243227,0.4787730476607733,-0.5149586643821716,-0.28184486286191135,-0.4081265950054137,4.275065906019502,-0.6979440424026407,0.9386771110384023,2.4567672500949813
-0.24324475032159698,2.9803409959330365,0.6895463482225145,2.686530827984876,-2.750056879640742,-0.9716595347555321,-3.0756392364471994,2.0263144037331298,-2.361627626072225,-0.02093148788094499,0.5110428179066998,1.2962942689256791,-1.3682013822549375,0.8879731130943839,0.38697524306720343,3.264713286044305,4.134517480516328,-0.6000583517182168,-2.327167981265025,2.9040209227500444,-0.033949435122445304,1.2576038428789984,0.2513950780702352,0.534359579301215,-0.0917799419108303,-0.7790899007712337,3.2004540028238777,-0.5307639401423019,0.9667405809882754,1.2728440377962285
-0.03565052659999772,2.701291651352549,0.33566180715421995,2.954498352461815,-2.9838108510961483,-1.480180836256264,-2.8710190397978383,1.5993512347844905,-2.748089545822156,0.3571098679727334,0.766730685114733,1.3059011929805209,-0.7070273004228587,0.27865185381996943,-0.16696458746638146,2.7585121987521837,4.346844380779671,-0.4659508707553637,-1.1356109851154195,2.722790963545178,-0.2945981427810223,1.4880073728250622,0.05639652882843727,1.7430342758883863,-0.24467066150890465,-0.7075202551470228,2.3547917931752957,0.13616118421490767,1.4582380053753805,0.5808525612695246
0.7547470277474084,2.205455759092284,-0.003498333793247592,3.0049793537991434,-2.72016982036528,-1.65109557352266,-3.096803789862099,1.3878885199542341,-3.094666420282788,0.20081725647581491,1.0429253143501418,2.0229841727218965,-0.1442610126172148,0.4843429338906884,-0.7094717506657826,2.5886493889303974,3.8855212702289292,-0.7721098898047847,-0.4699353909223605,2.941955841606681,-0.4471322533898978,1.2822049884037272,0.7360048184699701,1.8449105152522618,-0.3691934540638971,-1.1357825042798348,2.6052238475652736,-0.10109120334106989,2.1507497976115686,0.4649494656953291
0.5272268807559419,2.735201025485428,-0.4175176616290247,2.288354724831117,-2.095283236216282,-1.8681672290633948,-2.89273814451158,1.1026188057966153,-3.2707925183991966,0.8266478791476526,1.041372979298465,1.8456401568571468,-0.8417311315997629,0.754448440240837,0.028551156706365086,2.892826123363127,4.197967820915756,-1.2631296341492257,-0.029407163545356413,3.13779730170669,-1.1352095642894762,1.3127212969142341,1.5937903724346083,1.075696590257094,-0.2217909731951426,-1.431135247740934,3.0706113456640476,-0.4984317105534912,1.9468607944941496,1.0955773764614243
0.3576698861705272,3.265121950590043,-0.4081476014659676,2.569409267794488,-2.2863721910967696,-2.278701133209972,-2.1994234108905806,1.2719352785778444,-4.622546378612958,0.7915065024364994,-0.2740798818882279,1.5934530500837163,-0.8258739832205272,1.4465185543477992,0.2741752346391793,2.506536764635463,4.478239020804939,-1.6628121516862882,0.2638617839899746,2.3955447232630718,-0.2863298016222929,1.358273222374029,1.6010163359104392,1.9641761312878647,0.5761178420438938,-1.2617980044979042,2.416809834962046,-0.477034712104527,1.865733300301947,1.1137541591778177
0.6380926812265375,3.414070417280325,-0.2625337035989065,3.146036084835486,-1.4904947495660519,-3.118711630798733,-1.8814548311043138,1.133268410495509,-5.387599565540578,1.3836771924768694,0.2743975705116524,1.0652188600102643,-0.4987704608020974,1.2143991326079744,-0.6267233798556685,2.9151702584978896,3.83140489014601,-1.5311769868789806,0.8041774866940261,2.128688868503315,-0.8701772147735884,0.9809409079980258,1.6260661962352134,3.4335944586042997,0.8176528883209616,-1.5286781707197847,2.257466387955715,-0.04158185948453542,1.5614254758439001,0.23746550088153467
2.1372895060255312,2.851607813288588,-0.8392536240407079,2.994031638849833,-0.8611891108708885,-2.9501547186762926,-1.2991387653163815,0.6682514633422313,-6.153312412449391,1.7050383583461501,1.2157997373049563,0.6086658731363753,-0.9922172983995389,0.8509908552122127,-0.2681523678497066,3.1751774887411366,3.2134964757142384,-1.833748016385385,0.16257926049532073,1.8496773569487555,-0.6105163027132725,0.7444875548388815,1.1964318506313198,2.8483097558685797,1.2251061202187885,-1.755499583299382,1.9034597711471506,0.0912776841388499,2.3076672717229423,-0.07569081910855491
2.7855637663895894,3.5659370616560415,-0.10315579435400749,3.0454480236596875,-1.3940789128268773,-2.554081571678307,-0.5069546248286491,0.9955409087110182,-6.442649197420608,1.9596179641074358,0.6657105123594201,-0.14419869180926476,-0.8386082725128386,0.5115664082226321,-0.7923693962739712,3.5887777085419494,2.6431335172413593,-1.1821393582103863,0.9540329325540597,1.3274946458655326,-0.5281815448773123,0.45042206246003547,-0.15173791417673865,0.697245927909263,1.5289672360809246,-1.316746044404559,1.7187637833675469,0.2961577657596686,1.390375471677899,-0.30993474976497803
3.2105010669990857,2.2607736367873255,-0.9793610765060423,2.7157173508576395,-1.7596498208515046,-2.0922039383563087,-0.7963340478304018,0.7590009388046768,-6.648892482010547,2.0897768479434204,1.3704403753762568,0.3253639984981131,-1.066865232735162,-0.7561409395290339,-0.5211734752466267,3.0971644286407747,1.92044101144682,-0.42710642948713395,1.492998139195568,1.2293440238911735,-0.7806617234538484,0.6393213386414743,0.4770407606619076,1.2164056693257772,1.5887880290319747,-2.1949156659706297,0.83897333491552,1.0242526878019647,0.9223244754366111,-0.286781697250734
3.593334771773683,2.332808160964262,-1.356472707507578,2.415345541635359,-1.57208341924615,-2.1966930442981227,-0.6816457400091265,1.0201736937064347,-6.116012627871442,2.0198324629811784,1.480661903746884,0.7939013677711707,-1.724853531925997,-1.1638450099743707,-1.0240214802903747,2.8454877059788233,0.8128382023686567,-0.45517061631450506,1.4670671929499817,1.0828973626251726,-0.9215239412822516,0.9582735037348581,1.8552417642491084,1.8635158175235,1.882253310048851,-2.2200714100228796,0.6046690840254152,1.0237471361157942,0.9407792376196934,0.6776197264390581
3.1865250410547983,1.9959272785427487,-0.6579426142730169,2.37186073642184,-1.1097811202133738,-2.3052028306187733,-0.498116861280592,0.13400707329258021,-5.591681788599349,2.2014477618448027,1.672960845426161,0.4334672188779092,-2.0293051760897334,-1.625922403449461,-0.4410838395019328,1.9578644395935088,1.3728462454656458,-0.7598012828835966,0.16150208289987714,1.6163002021609538,-1.5632126973911014,1.3889703807835287,1.4691163916028416,0.8878810328104262,3.1188148926703345,-1.772611135578938,0.7563341258160325,0.7804933688542638,-0.23409329500804937,1.6219651250735443
3.492475585939515,0.7561099036636673,-0.7925161721162224,2.1078401596349,-1.370534189027583,-2.3558078850922755,-1.5025680408923614,-0.3549518839555017,-4.747786814507491,1.5864952076788004,2.6885177261066415,0.3949261430739126,-1.5088417214428858,-0.3100541966843501,-0.6280456151325842,2.1303313898222775,-0.0843357888001654,-1.2096865269343615,0.35616462613743877,1.9666465138874034,-0.8495548973317473,0.8610748151189371,2.2551030735413367,-0.2019029974715681,2.6884516210379754,-1.566483729518154,-0.2111029349887939,0.6671948349808183,-1.549830615079507,-0.23394075578174878
3.262261342395017,0.6157222753677192,-0.3791049491080923,1.2241057774290238,-1.9984401748705143,-3.038679585050633,-0.8103971431779985,-0.7891726536091056,-5.015601022617057,1.629144109213297,3.279190934813573,0.8457639836936488,-0.5290044640213318,-0.4097113817158245,-0.656273631895297,2.083983875456852,-2.9082610369564206,-0.7307608858543484,1.9595784615807064,1.2403415762594157,0.30376832336347087,0.963277425495332,0.794669574525346,-1.4087622185485433,3.004104089025941,-1.018241823608373,-1.1667204738506451,0.124687618238587,-1.8809218552220477,0.011774892901192047
3.051479348512057,0.7438128828606358,-1.3408528879338528,0.3679833206519256,-0.7261711833256116,-1.4463296615481638,-0.02087076200202967,-0.057714165403796716,-3.61284429551843,1.8463515645150315,1.793695924284224,2.708011037492926,-1.1509354297524343,-2.7735044988094986,2.2966263612251643,2.4221577569621173,-4.489718548801045,0.5813848404953064,1.9870938408634249,1.5329027974055789,0.9273909867047885,0.935751805608114,0.2920153692579124,-4.7310193854882865,3.049766677050881,1.5783616315210478,-2.03297916674421,-1.5299443998320956,-2.3352857379244885,1.6623327265574386
2.891772169838823,1.109993285196968,-1.8076234967816156,-0.6677504243851948,-1.1542628173405094,0.042000998153253505,0.15063545852905164,-0.28427070154327094,-2.9752162105851125,1.7994349585903204,2.493948061245864,0.8996694838250722,-0.956476755559167,-3.4095401636818274,1.0180642425365678,1.5781014051388638,-4.1308001962154,0.5714202231964464,0.6325012491600817,1.911632761910878,-0.567122765112643,1.3753484927670614,0.5921559437046106,-2.9488527792503225,1.6121837317237837,1.0472548900865795,-1.8247834690696005,-1.0399252711251323,-2.19600152019995,1.4806311180798215
1.9450233922943032,1.4181061650169668,-1.6131136500786099,-0.45471089470839365,-1.2897801497984702,0.839802371105191,-0.8898052104925416,-1.4454991383983753,-2.2542548639371978,1.2680439042452993,2.0105307572975692,1.0948619848511185,-0.9283864037735102,-3.044373782076651,0.3257749232745402,0.7616272914720708,-3.121052046609357,0.2745912927876726,0.056287859846547376,1.665611374634428,-0.3582092509462693,1.848641101468089,2.0089970629076603,-2.4927437451842938,1.0508916522128948,0.50699824617779,-1.320498519066777,-1.0153774916000016,-2.5931217039638517,1.0739990987096604
1.38069153324853,1.1418985941659578,-1.2762232220921408,-0.20808101662083395,-1.5178064657237393,0.8747801576333983,-1.4727947994142074,-1.459167423913361,-2.363569270150871,0.67882430326483,2.0837992206926854,1.0637280466096335,-0.7537424690157671,-1.9693856280884119,0.07212491652846542,0.2664503249266368,-2.5042229923957895,0.5433638720927726,0.054902254577995455,1.2766403181704822,-0.50744362939314,2.380510867035971,2.446590087003455,-1.9411115461482207,0.29646678387590664,0.2555831351971052,-0.8047692009705685,-1.3266370023407124,-2.743076951966378,0.819345237720331
0.8635549547340258,0.31676222110455315,-1.7678312577643516,-0.19199000601512167,-1.6639701015162638,0.18313975724834286,-1.4646005568909632,-1.0419913036786552,-2.538321811547271,0.5781236722103424,2.2587426492245455,1.2376613028896954,-0.17800209292054894,-1.915892186342862,-0.36835968718676576,-0.28655195586282195,-2.149912349987807,0.5579991357856118,0.7367985744911741,2.4349792506055645,-0.20568783132710627,1.7448628017999432,2.5375515323278677,-1.1026433489868996,0.5412598196954239,-0.13471099975379036,-0.19752049725252707,-1.2161835623274762,-2.295954505753268,0.6053088004532282
0.17603820245075497,0.4932566801521608,-2.1793113902082606,-0.21067241008395926,-0.7414220643800615,-0.4524995822582119,-0.9536812684873122,-1.4101384327664963,-2.7693948311158088,0.7956767792610419,2.0645090874837244,1.7817574602421078,-0.1417200988159364,-0.1326481519584321,-0.3066385632241596,0.028849136131027603,-2.874963146773622,-0.47975569488146963,1.2519448999002745,3.6804870619767547,0.9552655384983544,1.9295715590101714,2.203219447721899,-1.705847737418416,1.3884194168348116,-0.2700244167210088,-0.21390608368652267,-1.6503734150404972,-1.8945474091519943,0.26472750453251126
0.34654952865188465,0.528183119013195,-1.581685310908712,-0.24716043198258386,-0.10435256446409216,-0.8334832704956433,-0.1682100300078992,0.30210108005803116,-3.30968508750603,1.0929569000912358,1.4797877381462627,2.6328256528035285,0.7539645521950733,-0.5562230453723349,2.344317819444112,1.4589062253394867,-5.114867779339905,0.4094411938064457,1.5417383900870334,3.5413301578939684,2.2440362616879472,1.49641710733937,0.9300493336580343,-4.06419182393987,3.067358585124642,1.8179715064227828,-0.8707801993926472,-3.1113192539065433,-2.174066836526353,-0.4885369741298837
0.4698439195417741,0.8150594327103686,-1.495484971980805,-0.6485299639779087,0.34235637606206987,-1.7282851428874062,1.8419204635815392,1.2157961108613333,-3.078222906563944,1.7546507295662226,0.5820729801027895,2.536627530379364,0.09360874907515927,-1.3423949571529326,3.3316017690534334,2.270340948367309,-7.509095760988667,2.311055895988177,2.1735180665599327,2.4317923091931872,1.8353369162510709,0.3839400309306378,0.3899185667923191,-3.0893225353884164,3.5897355235477586,2.5877509671733234,-0.40800440773710756,-3.8469849977445993,-2.169460268773414,-0.7011838682546292
1.8979396617783757,2.109221153316223,-1.9936562554205843,-1.825497219186863,0.8899029809364808,-3.096891408486569,2.9224284086265433,0.9133826509523326,-2.7312200378900213,2.315561921967844,-0.15177603843354343,1.2934956708699397,-1.0515455799305529,-2.512361697038742,4.756795051260519,1.975605095825538,-8.087348827978266,2.751782167117921,1.9604472678432137,2.6339528459083295,1.8126662010409431,0.04670793033544818,0.2493910932409573,-2.435697500884992,3.499433060521458,2.497571654561398,0.04652375240249587,-4.134861040172059,-1.4210738416328987,-1.25160528666907
1.5848157224378172,2.36553213536141,-2.2443458297247822,-2.954063452381805,0.8946230187148481,-2.595309690949871,2.2418322695503528,0.03126563496031448,-2.3031483219339552,2.715067264369101,-1.315265303344573,0.14236932867650687,-1.1440509514157449,-2.6571105046051415,5.381791807525137,1.6722106071674503,-7.738778908056985,2.8610879702460834,1.5565634695082526,2.8068595963851823,2.427033241504961,0.02843703486516222,-0.7434812821988257,-1.2574804575690244,3.758826371983237,2.31125003730927,0.15934593048592066,-4.795262951011493,-1.1672318687833423,-1.428674745829606
1.5385515529758764,3.4292567867717874,-2.5870157247358216,-4.081097925790794,0.5391232888094908,-2.052576845496451,1.3578096638613482,0.18543284907748048,-2.290186075433714,2.3730247532467077,-1.5284970900406163,-0.45031791974742286,-0.8012630163988378,-2.526574745297819,5.92203433959344,0.7578717147967694,-6.605329204588972,3.3745344520513583,1.7157252508449081,2.92083851534228,2.083078718905601,0.24683692367266374,-1.2863505898450607,0.2802730411450295,3.7177256502403053,1.8360412485699982,0.7568023301954152,-4.783279988388891,-0.7491629923945431,-1.1420929618524207
1.7440635970312341,3.1717757332138072,-2.717120270795976,-4.328957439399346,0.8359044323239886,-1.9229632107207346,0.7493418145430901,-1.2437437893753498,-1.6023850917606675,1.2404559592363398,-1.4679108768878588,-0.5281623291199046,0.10824185857913979,-1.0509864418098007,4.74517521190254,1.2416579176112805,-5.660270934824972,2.7067087514755337,0.954154469893268,4.070331460836967,2.1000004563326793,0.602974572000079,-0.11058389785444635,1.4873433943611984,3.387878901974897,1.2847982365455244,1.1363694178639334,-4.746969730738613,-1.1788182883528195,-2.4307453773754433
-0.010008839723625068,2.2221633784264654,-1.8410426441430041,-4.412105204166366,1.1287488945434982,-2.188987830707876,0.7583499268686136,-0.46825036558410377,-3.3799405017941093,1.855029350733728,-1.166973673946445,-0.5998446551602177,0.7214004288484068,-0.6442321090881787,6.0559876865972955,1.5370804019251216,-6.520286725328982,1.8085517999675378,0.33795352031905423,5.029117284992915,3.0138656447700165,1.2925627225542815,-0.4336327796103487,0.5377451319649456,3.4065840157206706,2.102880088984878,0.9880833913572028,-4.98251456596939,-1.228234839907444,-1.6740312523254737
-0.14573376937168184,3.2598361894633725,-1.6296689304480205,-4.624331385606313,1.650422640789011,-1.4758073074437892,1.838734108327509,0.4666877076743927,-3.8710790529409693,1.6265710355177312,-2.5143075375930177,-0.26439784255932997,1.8651288524668628,-1.1150057019692678,6.398221587611219,2.3588846415003006,-7.23320039583924,2.401548807311628,0.7855866664926303,4.2183727295349875,3.21999108584168,0.2523359168949323,0.6966957743482478,1.0373537247267581,3.503481012860839,2.4397913436283876,0.8930612094818773,-6.414934861070207,-1.2692671650847593,-1.2241605613362627
0.2520295350401163,5.1013136255387135,-1.6131886890020564,-5.481313843372591,0.9416340705814141,-1.5800393338623735,1.5864550724933306,-0.31624301205564315,-2.530413555603284,2.1863621264421607,-2.31843996900256,-0.11842822269745115,1.6033333513223984,-2.2073230701039037,7.2731803387635905,2.0796418100404996,-8.309241916636468,3.0050425511786503,0.2901818453588358,2.7636106572741057,2.325954549585815,0.2845734599908697,0.2968266575170704,2.705874114878149,2.841272760082869,2.013199542373992,1.7220691113939304,-8.105583565265418,-0.7514896041185024,-0.559021311077792
0.08806789998542071,5.473117551548406,-1.7580583727664858,-6.675591397969877,0.0027102352488424276,-1.8025305336743316,0.5021961249238824,-1.7870943044877035,-1.3118381242588666,1.5038178492731265,-1.655305884746825,-1.998145998806891,2.167158087403815,-2.233573182581916,6.156998342768208,0.44908600920164354,-7.528485662357261,2.811275448042497,-1.5911686958477793,2.7956708918966244,1.714876081283459,0.5219467763976174,0.9706738035103105,3.377417198945739,2.426515834586545,1.7036601154825506,2.624305809284709,-7.39707250945503,-0.3206693591399501,0.015043380580592125
-0.4841905880610205,5.414278727300553,-0.89130936434422,-6.600416142019761,-0.9450436887772001,-0.4149699136295467,0.056939912865078726,-2.2043761704394473,-1.526147378111978,1.5845139514781925,-1.8212799816409957,-2.143965904437457,2.248152638859796,-0.9616379884330923,6.705107567283414,-0.1511899457415695,-5.14430568397872,2.2376833846406976,-2.3195266237517145,2.5378417750735625,2.0144673790697625,1.0269558635646308,0.6399987937122968,2.8722744407393193,2.4551552245731014,1.8166354922828556,1.9799546105824393,-6.6215891877479045,-1.0019867403865224,-0.890730629831831
-0.15029434933286376,3.794336187338002,-0.8080115889380116,-5.624096520928583,-0.6913354490475203,0.019336021030792898,-0.6049445562963536,-0.9032445999619587,-2.027254034688482,1.5636427505458004,-0.5570689437409997,-2.0065922631694124,4.007736572953691,-0.5734690065157162,5.4520907857747964,0.4106684472801185,-4.425964227280169,1.9787299785682468,-1.853909555762194,1.8986468055446848,0.9868919151579957,2.2013915283493946,0.379925609565497,1.9755299985192467,1.610341119595088,1.3698609063446823,0.015597425529418008,-4.5736320510466015,-1.3500324263361685,-0.6979404269704427
0.4704748984716599,2.4995258276420547,-0.3148795325375224,-4.156043721506421,-0.36507416099380974,0.09104802263527886,-0.852782638736696,-0.7055730486278851,-1.5696039530681798,1.2115039567823405,-0.142384520361423,-1.091379367334144,4.315709788022924,-0.4362351976332866,4.218331082375879,0.262708731858302,-3.1552592976969893,2.118228506000147,-1.9587438763813132,1.571597785601536,-0.3246044149886834,2.1092625486541636,1.1948286769641714,2.1169328344919003,1.0102841958264366,0.635750765502266,-0.5560368380638328,-3.846705220321978,-2.401758483811626,-0.3430724344278837
0.4990068423689803,1.8441134905433616,0.2544927953837103,-2.089196170135055,-0.9406767052181867,0.26410592395143584,-1.2736727798309302,-0.9963648511141983,-0.9046066147639306,1.4222140189731614,0.30212923657061663,-0.3922048849040752,3.9702904411346145,-0.8932723454260334,3.8672917995220524,-0.4972847981330015,-2.736480001187265,2.171545068270946,-1.8543679033996194,1.6253192320720031,-0.443604469652104,2.247108672047811,1.0237707914953276,1.701382771265918,0.829059222108433,0.5613437381098898,-1.5976401214759515,-3.2363433079273354,-1.9657561667354873,-0.5432067596449492
0.18310583974768085,0.5652368474839917,-0.8726031270628917,-1.9734700664028182,-0.6242706624052444,0.5045695051437485,-1.5200672507929667,-0.713676889708312,-0.4945832768632497,1.1474152259778687,1.312611572627323,0.2000906005470363,3.2312567573230475,-1.1764333045422297,3.3769447504438768,-0.15706093256257825,-2.1596380721304214,1.678391557822304,-1.4440215266419756,1.2920730231786794,-0.778377311625323,2.264182789090931,0.5456343847017308,0.02971750305768077,0.3531492436548096,-0.0367530855312917,-1.8344663316557754,-2.5461998647477535,-1.9100938061025345,-0.4938094715259028
-0.22549872310334157,0.11263706211703133,-0.5761599336496869,-1.0181648696088892,-0.19007677202391032,0.7854829731486271,-1.5903030877207727,-0.3628037353277172,-0.5326090607820029,1.205946138786215,1.0875687201309436,0.8106044813540023,2.522806526842493,-1.4794486390630468,2.0520305919617132,-0.3034584541056189,-2.3128813033210744,1.7953490475110483,-0.7517713103859316,1.2938374694893071,-0.76520056183181,0.8701718681033873,0.6744297775237224,-1.331202529111746,0.10460563174410344,-0.16918064214093065,-1.6549664191933233,-2.2591205055300505,-1.92075160535504,-0.37799645501393364
0.40057947184610887,-0.37025864695994637,-0.6592192949402681,-0.7837172253584167,-0.06333794887239994,0.26890282260370696,-1.7436534481133281,-1.4240059087702552,-0.5828715060314608,1.4569819344826023,1.3822844355035369,0.8515631924037845,1.6646711808131327,-1.5165246763926346,1.2603898646532723,-0.5886604646452855,-2.070674173825054,1.2827032865408445,-0.8121597255403356,1.5432296471457287,-0.4420460323140564,0.2784923020629372,0.612864006765929,-1.678036877723798,0.10362385305212982,-0.24009221439353942,-1.413421398761213,-2.420942162339133,-1.6930535524737624,0.2889328066129655
0.36614321208929473,-0.8378951822847694,-0.4267502021439246,-0.14121963071892468,-1.150038905275881,-0.0940613196998941,-0.9555149711873892,-2.0228335593542526,-0.07305340828904087,1.8250816575655187,1.4374642207497612,0.5840574841322249,0.702400754610426,-1.6541921118200202,0.7570544137401604,0.07519175371310698,-2.9700690449712828,1.139683819220905,-0.5825691738967144,1.147134178120789,0.1725953117915206,0.09415739859566266,-0.0024074156124294747,-2.081085577028351,0.06608389900918947,-0.33481514536825596,-1.528201710348917,-3.2471414076201945,-1.05160518397328,0.07424072230367942
0.5549572118154624,-0.08582407824888504,0.37391738478383957,-0.5451394177705269,-1.48300130357151,-0.8004385756741595,0.1920700018632197,-2.698328007292167,0.45108253698267325,1.6486355410147182,0.807858205061008,1.221965460179663,-0.44678894778910905,-1.9902810912945001,2.0399547617058897,0.8786633783096068,-4.447865370868422,2.083785830912245,-1.0037901762385841,0.1424719130930878,-0.28100765762247026,-0.6714516157638251,-0.9473494983784416,-4.207985007814458,0.6883236273894539,0.2879117512521122,-1.6556194374599693,-4.105015589688391,-0.3733411731062122,0.7141310289918938
0.15288720817228907,1.0192830737066438,-0.5575645927981134,-1.8547131029635784,-1.7469336973115215,0.6161070752233777,1.103425985456962,-2.2717404452043524,1.6661072184853918,1.4552294683475513,0.18680210695951982,0.9165462555728806,-1.4642683143141944,-2.0636113981578603,1.1030219157861516,0.4754724554727065,-3.629060797351337,2.711134397673753,-2.4989241146678567,1.2499270825408824,-1.0717525311194522,-0.9778240378083756,-1.4557766094349602,-5.867123028878552,-0.9229242848313348,0.23523242743056855,0.07539939263530233,-4.297623561531406,0.9847073931511283,2.6016998709916908
-1.6570400517925967,2.6783499236973447,-0.6524248373541568,-2.023659714738758,-1.717565823272316,1.4403389866423126,0.9786796858424648,-0.27971442334288976,2.386668568435581,1.2932607080816365,-1.9578541905464237,0.9680402827409109,-1.6595398487346382,-0.501360121861308,0.008765006716050586,0.3020795130815937,-2.6128825065622996,2.2301041209957946,-2.934462455075033,2.966210027912922,-0.44300792962559266,-0.6586491285445455,-1.960087348441899,-6.978955486935286,-0.9735558752164183,0.6697999937607685,0.6936927434992648,-4.290182276805212,1.2095364003961508,3.50727164692614
-2.026489982700049,3.1189288234413004,-0.8878345924944174,-1.7806799942446967,-2.0774182533225707,2.699478888859856,0.0035640431302509934,1.9523977629901548,1.3514999440952116,0.6744078945054869,-3.154288569674409,1.057916888190787,-1.1052338209116188,1.0782779067759063,-1.0709668151825837,0.39356222253815865,-1.3936038664576884,1.0114518882917216,-3.2202631370088017,3.1056523882496787,0.5445966349710024,-0.1483553924886388,-1.6111195901894504,-5.261499947042791,-1.438911775866675,0.3743057798653685,0.48509509368012005,-4.049680422155196,1.5758358653211513,3.2943413384581923
-1.8628924326702252,1.6193195996640142,-0.28063115233560976,-0.6375277091289347,-2.307956851189766,2.538189825116052,-1.210427299644756,3.2737227035528895,0.6498239377688274,-0.2778707976354629,-2.2026217152425094,0.997063016171264,-0.9699489194624547,-0.2464797083058317,-1.5667332867353363,0.19120685479773208,-0.4351504047501697,0.8461221711909009,-2.9095221419817783,2.6364288393762214,0.26134458321008425,0.875015989282329,-1.3126729424495869,-1.1132656177579023,-1.0775783721535712,0.026072083786509777,-0.15795029444097688,-3.387454273333863,2.0304119469844273,3.1110323952704584
-0.8903977307381306,1.6321654873444136,1.0248171178998042,-0.1267606104663875,-1.6440074634394466,1.444935392076486,-1.9709900908716644,3.161987655716982,1.3984876091080816,-0.8189408654122354,-0.862478467390156,1.593621144770942,-0.7698831061897646,-0.7963052288412955,-2.078587980363349,-0.7141569810168373,0.4724377766283653,0.742813759892206,-3.745753513606775,2.3971882809948344,-1.331965859172316,1.4057501922061357,-0.9345155479928782,-1.3907151243078728,0.19918595616733614,-0.4730979881213086,0.4824081675998922,-3.186139104912699,2.227512823539214,2.8131514131548427
0.48059589834227157,0.6949911317074007,1.1011336644588918,0.31737808787548405,-1.817031046665893,0.5160988274895794,-1.6109677804515854,2.090752934039963,1.6370451377895212,-0.36477657752195664,-0.5442674312465345,1.8142417638887078,-1.8348437768133987,-0.9758568384248296,-1.6682678774086597,-1.3182762996144732,0.6996467014685703,0.7383075622462991,-4.92994931908913,1.5957722436703718,-1.4622493185485934,0.4637562883647396,-1.8840700661287664,-2.913131289747807,0.7138566699467749,-0.22747572658144133,1.0016021349990534,-3.8988594192368917,0.7961201425112252,0.9905337780436758
1.1906407298012167,0.2915756629509954,2.103738069866466,0.18064984971787204,-2.45892313404121,1.0363092598372936,-0.7366376671137362,0.6903770788923879,0.9687017476097542,0.9268845926533738,-0.13527947819063132,1.6463289912155592,-1.887774416297876,-0.8194981604293157,-1.4894999891214988,-1.0652656650360837,0.17641513562681,-0.0391411910897521,-5.504967408191255,0.2197750758602727,-1.1281682083879914,-0.6763233028109359,-2.862083178881392,-4.326913165992385,-0.5966751327845145,0.052215747236455966,0.4371494030798103,-3.6230832188010815,-0.3311814854369709,-0.528048592363025
1.1893380332645616,-1.3391460231360992,1.3789779189432176,0.06974586779796522,-2.6214575486266423,1.8733455198561422,-1.0656141172902485,-0.003446346066331543,0.050144574133220196,1.022814634668939,0.2207959055809422,1.7865750974141563,-1.3405443046912051,-1.6480063833666982,-1.4789948573095426,-0.6791818294833777,1.1028645975920508,0.7735758574882695,-4.934610973127264,0.17821706320017144,-1.6052178991810953,-1.1220309268602782,-2.623341943892212,-4.390579395364807,-1.3851121531887185,0.5266266239275057,-0.13551436897325186,-2.822042031435739,-1.155119462637097,-0.856906529285194
1.5494547258033378,-1.6814206256431152,1.0715601650055377,-0.2882265640632125,-2.3546421527462646,2.286936660246115,-1.2609580811316947,0.191747762752074,-0.2040402955148915,0.6597880275229477,1.3664161028545485,2.066614619809313,-1.1462476122641037,-1.0481209268282823,-1.8944485579627501,-1.268553291609626,1.0510297295507496,1.3543649495807677,-4.056210481890148,0.06800174739894341,-1.7309038868261821,-1.135989425832091,-1.9796015048759221,-3.1916283022221514,-1.8022554032619302,0.6511574948350575,-0.4214168584679939,-2.044604074691203,-1.4191155428437563,-0.8012933947853172
1.3462121762353176,-1.4250471033168055,1.5052305067150453,0.21497337960648744,-1.63269843605307,1.1041483319804677,-1.021307282743223,-0.7498835002467086,-0.6492918545303878,0.8662523732315555,1.823699317203123,2.0334667060333382,-1.2537715579463766,-0.48213185288355453,-2.353054700664207,-2.2141991737003237,0.7750137048218166,1.7003331806650253,-3.561065922855399,0.4899572593595164,-1.856848514890435,-0.48828721003020303,-1.5907999112512867,-2.624816756419625,-1.685059199732833,0.1465338139018712,-0.8445623533244266,-1.9470146601775848,-2.513997292094939,-0.3359995637332789
1.618637431250041,-1.7560594590197427,1.1461113487232628,0.6024534179163199,-1.846588704387031,0.8522283114484326,-0.6975828913306906,-0.9403340236303034,-1.4332308537667875,1.484825684918164,2.052939375572001,1.9073052024113808,-1.3395333516915109,-1.1853518275639772,-2.1034039131897644,-1.9804324772753577,0.11790736851100538,1.872921056010265,-2.396749913461928,0.21553763398462072,-0.686414819299376,-0.35130933968135036,-1.2826069074906679,-2.7558257674147817,-1.3115599457458347,-0.12736886416772983,-1.9345931924409308,-2.0626541628182267,-3.0573618802287834,-0.7525204921384963
1.223984049275375,-2.1005850220325626,0.3571601879326142,1.4125118190094865,-1.4667457227188436,1.1634573584185752,-1.1043222345884003,-1.4984210008269998,-1.5865008515180836,1.4838025502657095,2.4360559528749457,1.6993440104233228,-0.6517548149555472,-1.896946268018315,-1.9144362817960758,-1.5944844043421937,-1.410167399746744,2.543802681312236,-1.8251254316638927,0.4436640585937528,-0.832861840917248,-1.016135776184154,-0.8189374842513624,-2.990056462488212,-1.0110070039103598,0.12819582711893956,-1.8529831970069437,-2.277992058739732,-3.6259090297977328,-1.2876314372159712
1.3989692070675213,-1.7085788838641751,-0.3417914370761189,0.9580597498989479,-1.047424397887463,1.0362323492892316,-0.23894239764854752,-2.45782094055873,-1.762729204116252,1.9226326669399734,3.308271064205066,2.242596626728823,-0.645915158722528,-1.8817624629157583,-0.802254932467477,-1.50224451804138,-1.8212480195370426,2.9257778730634163,-1.4245822017665828,0.6993972012576558,-0.33643686605782314,-1.0482187070969402,-0.4275727830314747,-2.6276035380554266,-0.5594533508449925,-0.38278396722992125,-1.6892205762460137,-3.298174418287734,-2.991516536584015,-1.3701864369298038
0.3353357108667785,-0.7993085937947992,-0.8091078948251448,0.23760211775112514,-1.2328492246746097,0.041596454205289665,-0.0320811071744385,-3.7192835918411995,-2.4137959580220127,2.2702118089404273,2.6523635698145878,1.9017979408510757,-1.0784537211922494,-2.1120487989139973,0.22392427258828526,-0.7124739173078246,-2.980040411905771,2.7763943159005646,-1.228009092777543,1.900553269314531,0.8292045152605002,-0.754174451476792,-0.4023732676497065,-4.983592170401538,0.6649198931331679,0.03413374746432188,-1.4305523243365401,-3.503583158531802,-2.4833014891956533,-0.04321810293707545
0.027840452910417854,-0.44849121660962454,-2.137095011230756,-0.4628417780877361,-1.7174056770430548,0.974089519335444,0.275854680569535,-1.8946754985630496,-3.102834292404629,2.0355680456362206,1.7413443656763663,1.2968721992371233,-0.7564312814005864,-2.6714882586037936,0.09370746504727126,0.21261720472429835,-3.442188743730316,2.1759035614850037,-0.645295209933944,2.8701946152988533,1.9376365801009847,-0.3173131332384584,0.24828983967616486,-5.2815533682313855,0.6081654542066732,0.25763589394685604,-0.5238755573938401,-2.773789895844267,-1.920369224233186,-0.04478666247518605
0.3119854803776028,0.7528588020702388,-2.623423720066961,-0.7482752056403983,-0.9099586785252372,1.7919859408763517,0.36494797939131435,-0.0907896969815096,-2.864205538685049,2.096575272727921,0.2961120928570385,1.9812220630045347,-0.19154452460368304,-1.5861810808930286,0.07175653366127549,0.11970334091465124,-1.978007935954039,1.8274567244792697,0.19188539768085683,2.6976721046714123,2.2303398665336633,0.5619578954651212,1.3137605095006657,-2.421996529601968,0.859592662094812,0.8270333847305013,-0.37423189720894207,-2.2571517729536636,-1.7753126139425213,1.4500769944429843
-0.434311436433509,2.019868580796535,-2.508789004197121,0.1828219762603767,0.23624313709910957,0.7979259319137001,0.07481156512015831,0.3960198574259599,-3.0000855616431723,2.17813889905436,0.4927587333879237,1.6315634426126913,0.045940238743807524,-1.5614809135102867,-0.3479083597396368,-0.6107595276605928,-0.7917024845473216,1.15738025705513,-0.7652693703473545,2.293043952170661,2.0337895341440344,1.3305035175181184,2.3509401798772633,-0.5703876258093687,0.9026615988470301,0.2519593614035369,-0.9490501047293392,-1.0575462904477455,-0.9127741118803285,0.9944557488505508
-0.2638687460174672,1.2786631636281403,-2.282467457912432,0.6727144412006798,0.4687355361991607,0.4702235252393861,-0.47564356870963015,0.08234663672397165,-2.613036060546629,1.2767709679886952,0.7203653645816723,0.6481331422342878,0.011891073918553232,-1.6915848431706508,-0.43838514221650005,0.21482301319309227,0.48438230718223285,0.17114653882979325,-0.06714394280243731,1.6942699074383314,1.6055855005868631,1.167826486609773,2.703192831877805,0.2373150132196163,0.8916914820181412,-0.014283664553791101,-0.590118475047899,-0.9324931428033035,-0.6067175416375676,0.8790806832992006
0.405813373555132,1.4722913240492361,-2.3615509244345185,1.2532518417841296,0.3205177370255848,0.21060819908144582,-1.570722564219118,-0.37970689855106987,-2.030840700547656,0.735561711522217,1.2381545261692914,-0.15254266077301462,0.13657799535295975,-1.162111201744657,-1.010753614253586,0.4562267060082419,1.2458097022535857,-0.09660620524821939,-0.25386502411112216,1.1028836368851611,0.9646458183464014,1.2227572201374635,1.922639713134897,0.1855883431184838,0.3978825495041674,-0.8620461657556576,-1.125256658052023,-0.9816491176274945,-0.6632786561247468,0.33674530802582747
0.23249654768012376,1.1241427467260698,-2.810625434335917,0.9490471512371953,-0.2942342666715879,-0.03193351426029235,-1.5128666282480023,-1.2072001340707745,-2.3063903108960204,0.7475266369787658,1.7707520745802539,-0.271944973422931,0.17149934473193898,-0.8361136333859491,-1.5384343472351694,-0.03881596379358942,1.8351907421235276,0.3899058901612899,0.9104238142800207,0.7069430147487091,0.7319095217311351,0.8829229958911716,1.1098851605047517,0.5733678818898885,0.07374474507561483,-1.5929728160361722,-1.3694994456552745,-0.9807737808020466,-0.8204411835906111,0.3697962699841415
0.2522688745377779,0.7581575561664271,-2.5224016799152165,1.2226151086917905,-0.5003666534840163,0.1926227395859803,-1.7799413951149619,-1.7836829648509531,-2.3353985863792244,0.7729949004682231,1.9662992774026689,-0.3183993121430431,0.38330549701199385,-1.1372593155219628,-2.1622671129786366,0.7512397604341103,1.3548931747636621,0.07185904617210759,0.9892823550244259,0.1582335414060137,1.437091703396327,0.8854924408256494,0.9424319584632523,0.6733010418042343,-0.9096538289984334,-2.1006432120168137,-1.5630750763329557,-1.3363155554801123,-1.2239999108968096,0.7670048027904317
0.02738219443735232,0.7877392473795418,-3.334539081237716,1.862373349740054,-1.0248727249095988,-0.23861678552443327,-1.8550387763236709,-2.5362959771020983,-1.9042932700591504,0.5520772563073516,2.318221503197906,-0.3473518411146386,0.21474857240186654,-1.1943008981532672,-2.64102496092121,0.9621741745970598,1.4127594056017854,0.4342421086607521,0.4286338787674518,0.03496493695124507,1.5537580286857935,0.3548788705807412,0.07692958800095553,-0.06937282297150447,-1.0254281351090608,-1.8846246594087865,-1.5195172454529497,-0.39993509826206464,-1.4417972038788807,0.9292834410764437
-0.40820579677066543,0.25274721882978934,-3.8685596583555486,1.4614174087992202,-0.9434305247824739,-0.7647577118622076,-1.765316327068133,-3.0717725240637415,-1.5207026834533346,0.0884623576860081,3.285164055796629,0.095558747419359,-0.5301889864104381,-0.751131373401122,-2.637514701939104,0.8170819257956424,1.2650761807872333,0.5731711187680291,1.1213625903416604,-0.46378208148086764,1.94723584128886,0.5931194973254094,0.9455480349509906,-0.44499125084301216,-0.8858179148254044,-1.7358056979111034,-0.8759496473971677,-0.9707836515676876,-0.5791479616097153,0.7708097665006032
-0.5880730174047643,0.006911434735571265,-3.7666364381620663,1.7836702922516396,-1.0671160274727245,-0.2580430618799039,-2.118577309948789,-3.1212172062851664,-1.4543551347435169,-0.20527965862695038,2.9600600945349194,0.34311864090820277,-0.48621438961771574,-0.11303478671404132,-2.712412580301372,0.9845044116675399,0.6760573891099909,0.19180616413119808,1.752734483380468,0.5804562763679588,2.3908340317651806,0.6488454779009538,1.4226760326656136,-0.9279223142937592,-0.5625889669630593,-1.3812222760744242,0.036629088606183996,-1.6087498479811542,-0.7752044394946235,0.05954095128004419
-1.5821838709093934,-0.19863609142120994,-2.7307131115020935,0.9962834442438454,-0.8833445137820126,-0.9679298611203098,-1.1279308886048798,-2.602297723276541,-3.394914847356848,1.3014705959856774,2.4934113073917548,1.4606813450854375,-0.34666368762048244,0.7771877432220825,-2.247422134036822,1.1660476741416714,-1.7090688060499941,-0.28434504563200813,2.5070060845671303,2.0857773997608224,3.34659737124018,0.10217263731099939,1.7457422616084528,-1.4983518355090828,0.6935426982824385,-0.27934069688882457,-0.5774080538138503,-1.6637794844275702,-0.17228015527335225,1.0806287019930498
-1.2710582766915386,-0.16199708941426116,-3.260657231677,0.5792529889682722,0.2925581555977353,-1.540911123276684,-0.16755805829945106,-1.6204933605116008,-4.572363483492963,3.455583015506995,1.2901858590752928,2.1814101084813213,-0.6300026301662837,0.20663441655661188,-1.2209485883869908,2.495626416566875,-3.5757959916353914,0.060699544496114304,2.1953851374661566,1.9973946302216652,3.2658409126823598,0.13911464280524716,2.583151087472054,-0.2802153678209284,1.5265058807040424,1.0345489708704352,-0.6891141881788441,-1.6455507885220255,0.5998500512238105,1.4390787005261254
0.5334432164606308,2.5785054791121764,-1.547542221838157,0.7927958176947247,1.395548331057303,-1.758197714616064,1.652438036130648,0.5795593217880632,-4.564328898226781,4.81521547974305,-0.12344375066004495,2.2838910994670187,-2.0989142760705892,-1.9012382267048542,-0.3476554620818587,2.197514669628466,-5.285072608535428,1.1482651808312674,0.47620655190800537,0.3737016767083877,1.6112472674948712,-0.31141809356412525,2.9874023610427187,-0.3675784579547516,1.686318004323678,0.7072973498341719,1.086567390504766,-1.5471527193106414,2.4580046589301707,2.346223938258425
2.233424981897272,4.046083268216806,-0.7802311354179625,1.3677059414875112,1.0901060733298793,-1.8860923578894613,2.035760764001704,1.1706054499921357,-3.414984573348004,4.9683156436612945,-0.6026948307260158,0.11170890933911679,-3.394404915819305,-2.3923203927118184,-0.24465613970243683,0.30313067367696545,-3.08793009170127,1.7950989035393365,-0.296243514252146,1.455194715117519,0.34017911521983435,-0.25965366120969224,2.4524517155083996,-0.7618354362385129,1.7382437349045259,0.948872418643668,2.596754073668888,-1.3947302430546134,2.634033244281704,3.306932707560486
2.401111647540228,2.921082963485065,-1.8660386830191718,1.8810401501359475,0.9731143887876316,-2.1062594387067817,1.4703804041004527,0.8383698641842752,-4.2552736713078225,4.352830874826828,-1.409324882524894,-1.894180464530026,-3.6909800328586297,0.26616381206789363,-0.7370660705842695,0.12926927807723332,-0.5621348647696176,-0.07410680690202132,-0.6765981291958572,3.1191741901932013,1.0717568693067383,0.3651582485185187,3.433747423541233,0.9322480346289684,1.8264503109576884,1.281474577266244,2.4093025479070644,-1.2129737254289221,1.6751156668886382,3.1335693284822694
2.5536522489790587,3.045711339971557,-1.3740487332950384,1.5641360246497833,0.9228645391576138,-2.6222613489669677,1.8458357291576741,2.585722142727652,-5.530854699888427,5.058026090972803,-1.4236114839695166,-2.214862399710272,-2.322928374641765,0.8493042874350063,-0.809201213543644,1.0663651738986764,-0.715224888509408,-0.7643267288216391,0.19495477427243257,1.3625664025928212,1.3796104902350583,-0.20731923487461337,1.9505410186109828,3.137653949732321,2.28561646954963,0.9678181991068873,0.8227026215394565,-1.7611818354194357,2.1798097878737943,2.7112451382833984
4.35526197913782,2.169993116202924,-0.291109403587287,2.022151910935908,0.9349836593525241,-2.09052332188642,1.8680914140814564,2.4597729426285584,-4.522648468241133,5.1439397532387465,-0.5075908879169764,-2.1317869242381406,-2.0906653783485307,-1.49722714522124,-1.0819465314259924,1.3326720285340246,-0.5181047080910975,0.7279146050152098,-0.1812743104483241,-0.2425631267231938,0.4376147191580294,-0.05442995665143782,1.8170649849535092,3.69604634077745,2.3626920698856413,-0.3729752119197499,0.330359273202415,-1.122988293577364,1.8039784918268273,1.3307578564826605
4.4630535836015754,1.2203914373569196,0.44219912538259676,2.5819702274637315,1.2145179965243778,-0.613217348472044,0.24178475380683045,0.8523540474948841,-3.3512424273304684,4.375524326181719,1.2546111407527998,-2.122790357604219,-2.2685333474931033,-2.851640890412495,-1.676538061082917,0.25344103756186964,0.16959244566042792,0.8285584927989985,-1.3918607240820227,0.7125776838399193,-0.16507456172440693,1.1098570080274885,1.991209385838418,2.540339735673835,2.1010376434620883,-1.5740400307996874,0.7179644370075858,-0.3900176738609642,1.2232886070791684,1.5037493514883342
3.24237772457856,0.35105710200082796,-0.211514139463741,2.8705918308826073,0.6367977439533634,0.26378201329132145,-1.108663787138661,-0.17355783265149752,-2.8921007113830264,3.6870089670356156,1.2495788945482031,-1.3173669806701522,-2.8818852057820785,-1.1727194811835613,-1.8994868256404083,-0.16044126062633884,1.0223091732824245,0.6215745275095179,-1.5279051808366468,1.2170242341597584,0.2348707564570673,1.572526943467885,2.2787111963808733,1.6503762768674446,2.2450039297222624,-1.1664595297949245,0.5521923730541209,-0.12716015912582673,0.13330859065350442,0.883940463065843
2.424198145144203,-0.41232971728950707,-0.08223823404622604,2.802175010829936,0.3229655181536087,-0.10049490361682552,-0.7569483448364044,-0.20246597236391017,-3.212852874601362,3.8652140598755174,1.5266937444499855,-0.9629684947118815,-1.7605351620275067,-1.0434916087641297,-2.1984514469172005,-0.18731695200654339,1.2720952822134743,-0.24214937498763403,-1.1370376689140027,0.8257574223603269,0.6924520944964281,1.882344874911045,2.527024391301201,1.7403740753888446,2.5552042731253297,-1.1522281802922234,0.03181988499167633,-0.5152138865472313,-0.025419812256200713,0.9806073476303006
3.1267798638386193,-0.744290631453778,0.41271013503757203,3.00598464383488,-0.29780768217708303,0.12062014141699993,-0.651041296289906,-0.512952634153381,-2.8174385720928714,3.2646850841228847,2.0318484318014667,-0.8221975800361495,-1.2510066782012936,-1.2049037407199241,-2.0490160425050927,0.3752877043382849,0.8111783760439147,0.09273532402813205,-0.41574939176840486,-0.23063352480729535,0.24918962211341839,1.513288222721105,1.8259691837658851,1.2284209142777707,2.159667145750555,-0.8593998205366354,-0.3930778153038663,-0.7968992797306845,-0.7900092014828998,0.32539595048838654
3.5492067667363227,-1.0224935791072822,-0.08825802735881216,2.6151105694860606,-0.708034634269825,-0.009609613207954575,-1.5043337749864203,-1.1841814150909418,-2.393688165442688,2.466731592235344,3.18522257323997,-0.0001506837164442082,-1.078717460872404,-1.7201234295150922,-1.8281196064839365,0.27958010573471237,0.8264804553935524,0.7287963839745389,0.1164613175429425,-1.0809741206843546,-0.38012946492855276,1.5088219538213068,2.093977982652496,0.3375538321295416,1.6430257440635276,-1.4440291539799837,-0.04815445915301887,-0.4276701443152738,-1.1854350350748226,0.10760390497293126
2.8534022097124683,-1.0261699215091025,-0.4459605265346613,1.661307244682336,-1.5951537624617333,-0.8627396365122639,-1.9903013407125811,-1.930871155830715,-1.8039803364713425,2.1904439144831533,4.003374806457225,0.19471392471479915,-1.0399444012760657,-2.265615330089224,-1.6747925464881956,0.06529229033091077,0.013575453647054219,0.03244207713483761,1.382153121910015,0.20680892894589747,0.486557817118116,1.8003954720662108,2.267908565814801,-1.4153500955575102,1.1937761329067862,-1.467247283526096,0.35936062210045555,-0.9365386091792854,-0.8507247582957331,-0.21055710849612375
2.288167119496823,-0.2729634852069405,-0.5888243357100464,1.4784805212321648,-1.642942542693159,-0.6452566714541548,-1.4686927117921003,-2.6807162999593377,-1.153540918272248,1.212693459455854,3.515231959426543,0.17071282418237566,-1.0104590445755748,-2.8863302405073674,-1.2765021021286527,1.0989778292626984,-0.6441774722395471,0.4545846116482311,1.2395502569700452,0.7840935293995779,0.6420460284736544,0.7233199609336414,1.0896370363129886,-1.9512846839740945,1.0066156416258876,-0.4291764817010807,0.1824376107931638,-1.9607319148944564,-0.4799701176838813,0.9306703601471062
1.2492082002079867,-0.21362043739043693,0.9625929522317869,-0.1765980566238085,-1.6930656805087638,-1.47547061735995,-1.827863360670684,-3.822841835042756,0.23221944757461202,1.7416312502593523,2.7738063866333786,2.04801564122478,-1.4362720469499186,-1.5463556795191908,0.0683137472717299,0.944502973162344,-3.397266281706201,0.8741511760176317,0.3859584287408892,1.5133575369211252,0.8069285015518188,0.3998311840525326,-0.09522693205446064,-7.565953859029102,0.9303794550274117,1.6248964477185337,-1.0066967471069241,-3.098103324709768,-0.755118827674401,2.9065129376832246
0.429604553339751,1.3196623000284662,-0.3801221946325958,-1.088533407274719,-2.249846096885412,0.5699385684536578,0.36762604969127094,-1.9089702879011652,0.8986500544989295,1.334027692016374,0.40108715147773455,1.5774642455185819,-2.0288170755647097,-1.1382534019215957,0.5505625723081791,1.1547028189736963,-2.0571313755437317,1.6742721710276032,-0.713147763185654,1.9662945664845801,-0.495822260212518,-0.9730296595965924,-1.3062309529009737,-8.41870778654029,-0.2517715527290337,2.363122356887633,-0.5934265864066423,-3.746971900882117,0.38483325699739646,3.1808269753645364
-0.681721594027043,1.5222852377511582,-0.8846190011497813,-1.2582062921767208,-3.006736412756962,1.8141428509589819,0.6191828456573708,0.3547112598183057,0.3702575795601013,0.5649837733427336,-0.81176764557204,1.5642106940950333,-1.3585081142398299,-0.44784033188847205,-0.8402416484024885,0.8141795607240737,-0.5616251225070081,1.0793516612475589,-1.3253077212867874,2.982351536963131,-0.5531936824216406,-1.152410391370971,-1.7697015611791282,-5.495411770849752,-2.1251991035681463,1.2274690734941147,-0.5099339339655253,-3.6719434585028563,1.113895278735086,3.3677960314455
-1.189976386565132,1.5663018154511885,-0.9480508498503005,-0.5153206710764335,-2.574832273777133,1.923677001061637,-0.2581387048379925,2.640731028571918,-0.37788568428394914,0.30073919022487977,-1.2593233146646574,1.492512566527649,-0.7177567755212604,0.07886407198811779,-1.8672870837806532,0.6177638724545892,0.9541975851593398,0.5673251359215232,-2.573972478459518,2.6975790829390203,-0.23902453900745818,-1.241820365476073,-1.6222666303734348,-3.218357289715181,-2.21018992280786,0.0754515155523752,0.158433743548697,-3.921795663556781,1.6922298592397782,3.4030774055037245
-0.5337391578234952,1.4550099899838742,0.4138128248453586,0.5783534003532156,-1.926086563129532,0.9983836738049982,-1.9409303303052297,3.0709547412502944,0.10968835091215633,0.5138457656373582,-0.03133602184967536,1.9083598770966337,-0.7579621020089925,-0.304447166306841,-2.3279185534023354,0.5494686495078068,2.4195081394843143,0.38845190051914225,-2.9377099419363675,1.4464371840560948,0.06892514188771427,-0.4257997882854596,-0.7521940069206917,0.2754425909143401,-1.626967875913355,-0.7197125155132684,0.3675638317008324,-3.405715781981932,2.2341151874943663,0.9132572488210704
0.08965551327347852,1.1764027030725774,1.724024472648822,1.5129680625022646,-1.7293273027236482,0.0018739304706261034,-1.8429791219728309,2.3462337176575967,-0.19800480240980722,0.42299774787914274,1.4739400413195292,1.5871053392094459,-0.8728505119185308,-1.3925179332509008,-1.753841381244216,-0.10927727673620918,2.6585982380035103,0.5820237938539865,-3.219436367692948,1.3128877689988268,-0.7424160385732773,-0.060809200531871,-1.0818059111495957,-0.321027482626899,-1.1699772960286328,-0.8149931707856033,1.7675872909387684,-2.786927670384926,2.241020456310538,0.5180198518642585
0.8129066289300222,1.0369921412855756,1.0079583003001125,1.7918627631359558,-1.825156085811096,-0.49440438012515986,-2.530272470600612,1.970033147030711,-0.5043769319688748,0.6112550974986584,1.3456490639193168,1.704616642797218,-1.8945788179400351,-1.6648857662540282,-1.2532233706715858,-0.015960444207157393,2.448856714975677,1.1801856169949394,-2.915584242501292,1.1888999151596091,-1.3161420541799873,-0.9406073544758383,-0.7940848987390275,-2.6607108639801207,-1.0093523230511967,-0.6892010922249172,3.07469821723928,-2.403234378617632,1.4399026318625014,-0.0021733324562885625
0.6539548924029219,1.1731418600210834,1.4555287831315447,2.3011579766083234,-2.367871013328997,-0.4993691613282745,-1.917884954127295,1.5113140177306905,-0.9243369711225456,0.24605906523352977,1.135606821413329,1.9302227187766072,-1.9384858621120478,-1.7356455662067023,-1.0776289539417716,-0.2596792752691497,2.6750799107661827,0.5570908726110355,-3.082358737341283,1.4855078698812683,-0.6471200423163178,-0.9237506687406184,-1.3944306940916218,-3.098967797457428,-1.3475314591828687,-0.7549220450656586,2.784474501365604,-2.6832718636369277,0.8574954007832767,-0.19219278986029603
1.0600092484872727,1.0074635305750954,1.1677152994748072,2.3969489256009577,-2.3295127182956055,-0.7605401191596983,-1.8170863735381315,1.8360122132891408,-1.3612865822124485,0.3161115611011231,0.9046697863081233,1.6117204271243002,-2.2923700906055537,-0.7425223443919057,-1.1122377424051286,0.840040115760184,3.038584323422187,0.5637009847066096,-2.2871250363252793,1.307041002930495,-0.9059146368659757,-1.6474635056319424,-1.6862881746360918,-2.9032302205175706,-1.5225670079130955,-0.5555664581579388,2.5772167003525572,-2.577794470260433,0.5746420115403013,-0.5633227865709032
1.046879375758616,0.18256315664376732,1.8410919927790026,2.389252806719118,-2.806793802440432,-1.0300870330187248,-2.315760667282466,1.5285146279416328,-2.376963014609616,0.32506133336949333,1.885279193036056,1.6087111665006353,-2.506326469522152,-0.6920428313942484,-1.2119404368876927,1.1802842820534172,2.968939311419262,0.6632680710288934,-1.893883615717518,1.7002157649207201,-0.3768230117297694,-1.3439144184266545,-1.1679084065942686,-2.728630214521968,-1.2883703515818492,-0.8575285038014394,2.495089696037146,-1.8247820001935449,0.816380488720476,-0.7470330473383354
1.0813163641166006,0.5113295808916059,2.56327127594352,2.4447592125968125,-3.021373033752573,-1.2648415468637362,-1.3589341989882573,1.3973906672036733,-2.6517733816589146,0.3285046699484238,2.4985806025175252,1.4543504901362643,-1.8612548475688409,-1.0075720558033696,-0.5817950671119846,1.6062403046562375,3.2707588345547443,0.7382676981286624,-1.589843886038791,1.4511853402514492,-0.07588505075803595,-1.144520515061532,-1.1760663048605196,-2.330988692850073,-0.5834297712519435,-0.4911973667304477,2.3708230586253016,-1.6734375347630768,0.564953374853739,-0.4605203760123414
1.2634711024136869,0.04951372368874605,1.2161968067108162,1.761853487552402,-2.8327212789651117,-1.708526542926616,-1.7622604138658875,0.6002879925964137,-2.3675953782710555,0.642302501664684,2.9730425102733715,1.6083308918270882,-1.8774989432256755,-1.1624649230360877,-0.6493454703713627,2.481498841623049,2.9829859573397806,0.9662357877341773,-1.256523055181109,0.8918451219597812,-1.1542869567432408,-1.0105916370965309,-0.6447998102821221,-2.187156725664456,-1.0859267826831012,-1.0451735443489811,2.128664200319527,-1.0979747590511892,0.5830913046145302,-0.08553450454123063
