0.12096301882686791,0.23484777540888405,-0.058003503087259274,0.5148367891933039,0.3034271605300604,0.04084506313541722,0.12073497101688306,0.8038837295553445,0.018685789962037472,0.3669293203473418,-0.17950851721959846,0.5537124640975788,0.17401291479707118,-0.3626397242165676,-0.42299036656306027,-0.8378282011947988,0.6873558642680433,0.14287478521906033,-1.0263066017609,-0.06388791544150935,-0.19236330959845904,-0.44678887484389795,0.7771623102932009,0.3616525503548016,-0.03168111881573183,-0.5609651847783612,-0.2690588745211625,-0.4893265865193556,0.9535687016072846,0.8492832848628569,-0.07801365621642861,-1.032840348140196,-0.8338312894202251,-0.4213827928266557,0.1637704497031882,-0.7873677981372313,0.003623567074184513,-0.8996427884686682,-0.36045159145391104,1.7902853955706046,0.21550031558636729,0.2131311579469098,0.6534293073239099,-0.48585452064447454,-0.5888593440976714,0.7060983721466527,0.26893258385790275,0.6717124169672805,1.3991482179880432
1.5170352439328911,-0.47842456035653386,0.6708797155189851,-0.2923466421937687,1.504893669480672,0.05318440686871273,-0.31626892866016443,-0.2401328799567903,0.11608053618734526,-1.151338617577233,-0.43858262365739065,0.018366676252932063,1.7150398406602123,-0.03552286298278473,-0.5249429288917049,-1.2047050294197441,-0.4024139026422441,-0.634312891676578,-0.6508556352408906,-0.11020140588343846,-0.16679640294079287,-0.431009523134705,-0.29585607641267464,1.494902759377327,0.8879346855431214,-0.05571944818992533,-1.1136415663106032,-0.9612341067028506,1.216015691439847,0.7489581782746155,-0.7362285259123436,-1.4330945041325598,0.9926965280195318,0.12280963723927855,-0.25933975181930313,0.7685028695763967,-0.8754958172037511,-0.030945477476215844,0.3738519087975259,1.92106249662679,0.025485620170787045,0.32187122282416186,1.0848830886671805,-0.18028251072305418,-0.07649460466456531,0.5085851770640053,0.7163999456170577,-0.27719924869910295,0.8097624593062911
2.148494679943374,-0.7744948898864104,-0.24281101405398423,1.0818119539290683,1.8259646016952182,-0.24124034011359813,-0.43671170557845224,0.30443667933014695,-0.08868786712402033,-0.32574315008468224,0.767023374270682,-0.9248814972547865,1.8657277394722644,-0.7105621043136641,0.15783961030606747,-1.1804317361046712,-0.21778348100935857,-0.12179345686674613,0.4241960974710002,-0.22364804208674105,-0.6183366858545658,0.5275683013943223,-0.7047563785909715,2.0061521670688083,-0.11539170653830738,0.9320900981667952,-1.4155932361940096,-1.1783563772607053,0.7279980986356159,0.4789066584044633,-0.17685655714848264,-1.0431278168419715,1.440483680751723,-0.00633216954096804,0.1326837780209687,0.5327638918005934,-0.3792393739409894,0.2770164821814469,0.8334226378699455,2.107904831729206,-0.3876224001552159,0.09739964272918761,1.738405876068016,-0.1382030968681749,-0.6733424114268206,0.175336482993301,1.323980636415946,-0.8711564030471017,-0.14738731977895791
1.1736186266248865,-1.1664478722399108,-0.6769748454327134,1.5406218432210355,0.42008945021867994,-1.4940904533227986,0.1472473241433309,0.604369720611913,-0.2599297609509902,-0.22301695627960055,0.7055265022220547,-0.3636912331170476,0.8103466849068883,-0.30330729467411555,0.6818912867278746,-1.7657356291553956,0.34376682298050476,0.42534782951406835,1.3787178373176814,0.07808016417912084,-1.1135098813340436,0.42573147271383577,-0.38603071995239246,1.685535784710206,-0.25365518205959425,0.6520346762918564,-1.74028380497587,-1.4765427717944077,-0.3887272212512485,1.7196897940570162,-0.06710707766610538,-0.05070583703249326,-0.6812230129022332,0.059078175033528635,1.227417099249374,0.3628437697113327,-0.9919064752846984,-0.9032725847274655,1.3469226727743995,-0.5446335800122744,0.2808107952800807,0.2585012198431409,1.1452251319088602,-0.45536428281029373,-0.3702252564731998,0.8357033056230856,2.3336269691066227,-0.5619985126036224,1.1189355070697222
1.017802709007153,-0.9051605393221124,-0.5516061338744347,1.613467126053936,-0.5915033823932392,-1.6129102524632455,0.5868541817410415,1.4848075621476262,-0.9589549878586137,0.06489062843803034,-0.17418932995888153,0.9504855493504065,0.13329325392135766,0.42723273466917017,1.1824618904314959,-1.5951791927852126,0.8460167655476898,1.8420343585981604,0.6565848274639658,-0.31300601751442536,0.33999919200868356,-1.136386051442099,0.9711207995620628,0.7802272864574282,-0.1623441407778542,0.22367246624045506,-1.3637995750319587,-0.628183861538684,0.6312240009314495,2.6808280388534045,0.16862846782825164,-0.6272624952198851,-2.9780584034296123,0.667681868004958,1.178003202964515,-1.418103907497615,-0.6679995373492306,-2.773005189052555,0.8334194762884133,-0.5342260354582407,0.3737190258023066,0.8785313923985963,1.6667390902001966,-0.01425171499526057,-1.838469583347248,2.5844998158935946,2.302057233236891,0.12567881074567033,3.0851615863296598
1.6947897106390704,-1.4013625602111022,0.6050059310637701,1.1965110010661166,1.1487483623846277,-1.3839920442839497,0.96925229925763,1.6265632588930914,-1.0315505884934983,1.0840156524880686,-1.0786609538228291,0.2647955436661532,0.548314835709033,0.860091500346279,-0.25801304449076773,-1.4696053541373013,-0.13784318391592332,0.5190216642556322,-0.5059921410011362,-0.5553749277164797,0.48557891373894835,-1.2383610672334187,1.918089470505457,1.3547173258223941,0.10693245968878917,0.17381522952868617,-2.546422334502812,0.21967889590575906,2.9074774793912517,1.6744210992349757,-0.30418519907500097,-1.8679670891864877,-0.3231665062781971,0.664571005112669,0.28810304476045007,-1.7538705485504908,-0.3935714906769695,-0.9009149742489858,-0.1529197368845568,2.7932931618178305,0.12982018938311374,0.4221456061926719,3.0187392633544765,0.15136406259272425,-2.8122288958824786,1.5256182362808968,1.7455408287238576,0.24836384337452072,2.5092154925460597
2.9502612380464615,-0.8988962257824871,0.15766546352181215,0.01985594277818157,3.10820210374561,-1.2958058727124087,0.5559355921109052,0.7192417650980264,-0.10724583077926153,1.1069000578807748,-0.034352339398281195,-1.7041244933897517,1.540839816503738,0.9908034864914661,-0.8735010748194223,-1.5669555768285812,-1.0698599288169088,-0.34972175884409795,0.2358983525228292,-0.060288565314066955,0.36698032857213564,0.9471652169322542,-0.18742773333222917,2.301358711283325,-0.4218924161617116,0.6638754349553863,-3.0957615300272536,-1.0895913611477508,1.610597246808487,1.0442783614884887,0.31824723541603234,-1.6676575620170246,2.1584595425885826,0.6419932798763753,1.0662342417432837,-0.12391605830532695,0.9053037573247238,1.2068266662023048,0.5173571942437141,3.331306145299883,-0.22690035917449297,0.1307790932789667,3.1683589475834975,-0.2737553879623,-2.1500511625418754,0.9456951210786761,2.2519083529770016,-0.8830662090597922,0.17986881594412985
2.5524951693956774,-1.6764972103120803,-0.3538979187543113,1.306349467582678,1.4923184705042947,-1.7578766935609176,0.33290722144689067,1.3817301947066174,-0.16819021266731227,1.4572717437999234,1.3260432715616024,-1.6681809551109432,0.16140867507739673,1.2387244149689551,-0.13002445196648005,-1.1456597307008947,-0.41474167809946694,0.11137900654760316,1.7158191475151083,0.7221038202398514,-0.8232034557268454,1.6419728487025054,-0.8751732241853922,2.218893542432821,-0.6004122954298657,0.16954286103146046,-3.4326835792337,-1.911470440513807,0.32651653307288775,1.657669013592177,0.9272717463440541,0.02253114395805337,0.9810469141876305,0.3212039867399755,2.230751925549973,0.6832712269382698,0.34463710763000543,0.6780918527930593,0.6388378023725455,0.5770554324160826,-0.824788702967187,0.46727079387649173,2.23731173015286,-0.36307834961177715,-0.30173975351663457,1.0676126715744807,3.8305333223504725,-1.6825777645416098,0.7880298104403807
2.0669366119299033,-1.6740573542389874,0.3454164338605266,0.21731743580680513,1.0242421202493182,-1.2962865303332072,1.4587969004856556,1.6623083534214866,0.017863152200676843,0.991492194825108,0.3370601244692253,-0.4756925726232336,-0.40773898954329957,2.014376932513093,0.15312992477321996,-1.2623455221465274,-0.8181500440932296,0.47738813858462714,2.0359410345282742,0.9658332126987819,-0.5887037705734812,0.4267150232398843,-0.07274163820637036,1.2328274739157958,0.477798348627247,-0.5628494003300791,-2.2425556539221883,-1.828712749835988,0.5113490278280428,2.458790574101845,0.8957407479357434,0.3100745744974272,-0.35287862096215344,0.7820339735948703,1.5218078019644508,-0.0556979069821224,0.10602880035955346,-0.17765090742853157,0.2799125919248347,-0.6190017358153329,-0.08425710395515937,1.7648098804484071,1.4639981386046816,0.3385038927938453,-0.313414606168262,2.856037679620324,3.7488561926341086,-0.39537384394996544,1.2580520727405697
2.1953119813769484,-1.5951829929546468,0.27338857175923137,0.1800679275272449,1.2003562833089152,-0.47021717479967184,2.314773174802064,1.567350655428333,0.20846817022240233,0.34231491593734537,-0.7973253082363498,0.04607330923167974,0.7023183320103317,1.3793002625302682,-0.5995526719736352,-1.8174840146233717,-1.2562650121215275,-0.01136763152202433,1.095430913682448,0.9888452758449754,-0.1340575603894711,0.1545754821633062,-0.1377499011452989,1.4483055649150534,0.35685950932026733,-0.1491036622305094,-2.1133621326628016,-1.350924122871076,0.8660088604412043,2.389830769396485,0.5298769056109853,-0.21707579496784724,0.8396099724703441,1.0700025540550135,0.8496843515591838,-0.5300624183193676,0.02606012170804152,0.14888494700631122,0.3270255955421913,0.2918061050010907,-0.024484691471296074,1.178012538816697,1.2549697718413797,1.3220728287483914,-0.2388913474517056,2.5212870106614482,3.1018637857734133,-0.4457297378939422,0.09345948294912448
1.6422010961230358,-0.858471150369826,-0.011881157874064796,0.4996514072914412,0.9807468479837237,-0.6265101880047529,2.09778835222107,1.0223753931883188,1.0729259993345737,0.7420728431798633,-0.3948552071918996,0.15912536766973334,1.0138791326788394,0.8198553848335599,-0.31417962910314146,-2.4690071005943164,-0.8060250254431367,0.06241920189412764,0.8561293585314622,1.593332823179065,-0.31979350715280946,0.45477084633157994,-0.1720189991768469,1.5611232328554538,0.5413328646489962,0.7951190317245653,-1.6289302872737108,-2.09878544320516,0.15660840381839014,1.8966379631353176,0.5499293868476616,-0.16224537060308625,1.0920568342684955,0.24832910682166098,1.1848295207406838,-0.24887436192938567,-0.2692976203428964,0.7270750094117339,0.054910454165397776,0.14023536625574065,-0.09387214663449306,0.20667146714099077,0.9856364216592863,1.419382588161424,0.665973622555904,1.3889484188845342,3.1659194149165057,-0.9401291598035089,0.4478559266860548
1.1640597053620465,-0.3661591645130539,-1.0822144050668965,1.7219790237263208,-0.755531576677549,-0.39412847945738044,1.5104016740678463,0.8879998716611357,0.8590768853764678,0.9542707392294212,0.05983335595083196,0.6606066067585401,0.816962340297212,-0.4244640106644133,0.6261709372827106,-1.835961447544205,0.5246155486755402,0.13797703077534315,0.3042515521545769,1.9797612282308577,-0.03441218980978065,0.15055469627739085,-0.4288855426460003,0.4363976159624007,-0.08127275585530447,0.5952607731844629,-0.9419559296300423,-2.404943462376957,0.0005271775795546441,2.4346236695971086,0.7748105785226549,0.13362721099905403,0.028818947568920422,0.4340942344090656,0.9302868361986406,-1.3457793872652573,-0.477573630901827,0.08099596406791734,-0.7336851591448365,-0.3286845317848772,0.30239636665997194,0.23148286654186156,0.9659687072368393,1.9118910036793337,0.7986932827556475,1.1212096501486317,3.388633727653512,-1.2762734646595835,2.1861480987658712
-0.1891095415267995,0.2532314306928958,-1.4448536563884409,2.9664567544813982,-1.3023973170806302,-0.08363207708158693,2.16288298291608,0.3831689268586583,0.6108858768234571,0.5292659717670348,-0.9253021238033647,1.1598189759420534,0.656967431630399,-0.7018149506899397,0.9805158151967122,-1.8105977884197606,0.6798422140447103,0.3058650627112479,-0.7388299646755001,2.1929762681059812,0.54705957475875,-0.5746925873584755,0.5575179528009493,-0.45966684953810477,-0.6325388832205314,0.14517623559442558,-0.6067480766220428,-1.2964938853403065,1.1354287093437319,2.155041494234364,-0.15803548555035407,-0.2592620360350286,-0.7850253142641896,-0.6991176379194545,0.13373370650149236,-2.5642207371092978,-0.2585541977516978,0.21488148074217633,-0.44069085856893425,-0.5849366793541821,0.24943009572092845,-0.1394481348726604,1.131679570154628,2.2197798840998497,0.9847964591199619,1.1752208375951958,2.458043302417848,-1.1703495020040224,2.356398783015734
-1.0463378653270463,1.0895168582646961,-1.7574571015076408,1.7710404186011919,-0.4275216392403255,-0.43391765225372814,1.8075280729354026,-1.1908992286283104,0.42521338484020466,0.4823451164332104,-1.0571627399889894,2.0796062819875587,0.7877441250143966,-1.0936792487880795,1.0581349295234537,-1.4402306266760094,0.1826510008592435,0.19865464894079407,-1.5592589233378944,1.8472236101720185,0.5390233751133133,0.012588871729885653,0.6332547667844146,-0.22227026066856542,-0.13783436168062824,-0.07994807507910152,-1.4070086216644841,-1.2017895237216745,1.605549575576482,1.8897929579282988,-1.1563722411214954,-1.099602662751531,-0.7074930235041275,-1.459930778837192,0.2527544572781171,-2.555036309541451,-0.9720510159139207,0.15220388795619214,-0.7306444643927303,-0.27300994209994933,-0.4530235659104205,-0.6104798876129666,0.9857633453106013,1.7960744485564004,1.6731969646619478,-0.42766216951992764,1.3777194295093425,-1.3944483950044586,0.9470756015073283
-1.1754241676372081,1.553268821237168,-1.6142878291272704,-0.2555194690277366,0.2206331592443253,-0.1748344704408461,1.15577351647476,-1.9743670229270265,0.41601615034899864,-0.8487400771210347,-0.5596862917652342,1.8039736607177805,1.122840732597429,-1.571740609083609,0.9921668751984962,-1.5147953957095261,0.4514540779717022,0.07930946937067232,-0.7905925253959842,1.3494318430259127,0.258957755579857,-0.0873948659538617,0.5599936514192299,0.2901112557199676,0.2791175939470729,-0.03066134552811217,-1.499225994626776,-1.3544621786706437,1.1805621074312265,2.1358892087518453,-1.745175777462154,-1.852844348001105,-0.04897324001078612,-0.5243047508679004,-0.029162204034852812,-2.507057208245968,-1.3731829992144293,0.30804351570061683,-0.8627700444137313,-0.8405292139155247,-0.6396436371570404,0.14694445649366272,0.7147984814422679,0.9515037927657255,1.1230704962705353,-0.3214931249189633,0.8631902054298364,-1.1767917241700063,1.088033643104905
-1.3487990835711001,1.410073711679769,-1.6460373887454969,-0.3914146638346836,0.49449374037635757,0.3991053082555176,-0.025861836317445513,-1.1659136556014718,0.3265004567619211,-1.8258581847019129,-0.11952554250823344,1.2259008962200626,1.2488612423021623,-2.3009323324728523,0.3827575752342856,-1.5066531664935805,0.5280713737492551,0.17252321675086754,-0.8773164837826337,0.6156471737405016,0.31657689235176306,-0.493311929045127,0.6486720764145073,0.23840652044648342,-0.11627064380036614,-0.18922050226868115,-1.1489227213110944,-0.9096296348229657,1.4891543034835901,2.2416842475444834,-2.3425369955437256,-2.0636821073657257,-0.07274854657431265,-0.9003396666410746,-0.07187355127151804,-2.5442025561019417,-1.410901723556704,0.3545599009619224,-0.770534615807017,-1.4653126499301963,-0.7537908456961764,0.7682007889401695,1.0992990296023384,0.6056172059101033,1.1790718876819724,0.017071552011177882,0.6054607886171179,-0.49301306817067114,1.3223645538963136
-0.8190708526618082,0.871530699699159,-0.31059110289195624,-0.6330902252652885,1.483990672999792,0.4551912806122178,-0.473855544733264,-0.30241622063767093,0.27175727767613256,-2.1374088322778126,0.059325671245892,0.45744106578458354,1.8889665243848544,-1.931325470104936,0.4073706546088183,-1.7223061041432808,0.034229536022667706,0.1387940511371739,-0.501350575505766,0.13086253060271016,0.23504627041072343,-0.9307812524041895,0.6414172907918342,0.8293813078621542,0.171936051199104,-0.7110909767987498,-1.2244431666773588,-0.5125099321449798,1.8518809421017077,1.8258112430546278,-2.3349154968292742,-2.551665370194664,0.5613726838088633,-0.11207301709247842,-0.9293801816867948,-2.252913583065554,-1.2253365811046468,0.09027403902068068,-1.2681196918021485,-0.05601017476095638,-1.1198890581602288,0.9996051831426004,1.167006651318038,-0.13479203412397056,0.5930680671462929,0.0025114274466127573,-0.5667187182928493,0.10531695958489942,1.287231107508601
-0.5727408878709119,0.10273377054819528,-0.026630140516523987,0.6370086536572523,3.2345132911308196,0.8393781181125038,-0.6015633460052954,1.8619977707165494,0.16094302107579062,0.20014003936519031,1.1591912889754652,-1.5368984336674179,2.6811340322713373,-1.4377547919939955,-0.18007284169688303,-1.454192613031228,-0.28245770505399254,0.5689573489240197,-0.6803980725498047,0.048309917190525076,-0.4652941143048142,-0.4921840049665574,0.6233278990087169,0.3096394405403283,-0.5946610476706944,-1.0916538881135271,-0.3218627384411351,0.5350338882033492,2.710708171545379,1.0928460980930683,-2.0352952022124504,-1.9537438174547488,2.571139935289257,-0.04571383334142967,-1.4118981955149166,-1.8843542430156384,-0.7325767042876183,0.1458303706898224,-0.6860125819075107,2.9490894502733793,-1.3033750777915036,0.5939424546748826,1.62648418697085,-0.20041412160455946,-0.46714779457893485,-1.8353460531382582,-0.8737839934596208,-0.10370338854571448,0.911391401488002
0.01056834160339043,-0.18420307851221132,-0.5978726704870296,1.8999146375898035,2.878083517609141,0.8089893130089306,-0.8347393992131833,1.671600254275151,0.2773972542911922,0.19112669045004915,1.0694498438485696,-2.777041872877855,2.6065001207979726,-1.0269605778479614,-0.167529089046989,-2.4448955436034527,-0.6652786779473179,0.23159033477833518,0.2965106223437076,-0.07050932780999794,-1.3392322877798883,0.8390168570735328,-0.9028695616442171,0.029362071028462722,-2.006501680223394,-0.6364072349768641,-0.1759857211204759,-0.6445581369280271,0.9469016059445095,0.32622861903697015,-0.6622942264650646,0.41772999083057083,2.699050301553728,0.05194892981513252,-0.8739177603837476,-0.3948376462893022,0.32186129015636344,0.5051040464243205,1.1955878269955025,1.6068087747191921,-1.7584882460941533,-0.4337922788787948,1.4163080293112436,0.29839938661543675,0.9281148542192789,-2.9951369141502577,0.20711599370571646,-1.7277574747113036,-1.1347633491199833
-0.7183653686596965,-0.7579287010588897,-1.2816207283137258,3.136459585063209,1.1161522299342388,0.6668181295700129,0.2712358933113786,2.051641163140237,0.244978310665882,0.6554710557390445,1.2575747829054258,-2.227085691931272,1.6732485937967756,-1.141705248470832,0.7776325965764115,-2.7223589738710214,0.6831774441177882,0.9461921169698361,1.263525961447075,0.2576788582049948,-0.9918093155917493,1.2678265023964999,-0.5620646731682818,-0.9579511327543037,-2.7428868087184184,0.3178043387594349,0.1934680001081398,-0.5186814408410576,-0.4674559368311682,-0.12363527580463818,-0.8151060325355761,1.905884978831763,1.240751541293669,-0.21226655309508377,-0.8795828113530332,0.3761520137696078,-0.04433882387391773,-0.06781825428810109,1.676001603439518,-0.39290584189581007,-1.5890375835528328,-1.0543679830052353,0.7510526160130446,0.7374850626383677,2.403535117011382,-2.252197367750093,1.097202133401278,-1.993072939585885,-1.9681372834747117
-1.1038787038857067,-1.1385452671663425,-1.9509818136429078,3.423447076090392,-0.02805725991079136,1.1885241814309797,0.7602896244789693,2.7926647194205976,-1.5345654857128213,1.643691410774363,1.0167379071542262,-1.3290328723858904,0.5237209677424433,-1.4059067639553584,1.5430804427504299,-2.029154743451065,2.239386689048946,2.2854089403171667,0.7471139219131359,-0.01195852755436283,0.2891119845279619,0.417082339038785,-0.01266540514590106,-1.9275296436656046,-3.036129438127066,0.0672010786726126,0.1032468802123384,0.4419361740481912,-0.6267476735675781,0.28040238904864234,-1.6085545864918172,1.710232936648924,-0.8760471281020866,-0.2502884280028931,-1.180042676282274,-1.203873088075381,-0.43942660775284226,-0.901611332566576,0.8448784084238974,-1.0324373846022563,-1.1237657265169,-1.5438903321023036,1.6045330204510968,0.5685973556010464,1.8088578761739686,-1.7554245602320542,1.2198219063425135,-1.0782412504214693,-1.3847309440208324
-0.9653011764305015,-0.8935227147292957,-0.9727399185542894,1.1103919688666284,1.6466574659329698,0.77497198894014,1.1845012074426737,0.022910910796226425,-3.0274676950985326,-0.13092802601207726,-0.16717680773011107,0.5987443797403469,0.2636978611812244,-0.14331807492978454,1.1188886035564927,-1.9492122277933428,1.6278848325102162,2.0102936478321483,1.1001657630457178,-0.6173624434020244,0.9090481785080535,0.14648364474514966,0.08499371767459661,-1.4978768909766849,-1.7056202033316945,-0.6169111517963006,-0.6626256380658969,0.9500516690256433,0.1309250733931988,0.5248406094721214,-2.1054319307525873,1.2428957690262816,-1.3154108330041752,-0.4709988223797557,-1.4021799162614175,-0.6649729739878962,-0.7279320327576839,-0.3893138544756565,0.6611638486952428,-1.0599110158825875,0.22891889309173832,-1.8902040974391503,1.495200322481586,-0.21336435737835135,1.3516860992051722,-0.9932370853408301,0.8357606156079935,-0.3748483252568381,-1.6375389151515565
0.1357547379866071,-1.0735074507367022,-0.06803042907621783,-0.3300609373235834,3.3111027976033682,0.7942465955166611,0.693296400355316,-1.319514683521199,-2.789743774620168,-1.1607911666681614,-0.2873349713989224,-0.19062328080839439,0.3693718741843376,0.15165013948710188,0.9451608378626739,-1.126238823825053,0.8202292692863177,2.2463849288584328,1.1297429982284337,-0.8071578231841707,1.1681646122549896,0.3672583959949902,-0.0032775771579742763,-0.3315413047311867,-0.7565398054274476,0.23995511623142385,-1.5622847484270292,0.20613940488246238,0.2954662906701044,0.3262722600772144,-1.9846478267890078,0.01975571496257239,0.6451511014120255,-0.0006228332731908759,-0.9759457500129014,-1.136816063819689,-0.7230172452780537,1.0321195127136138,-0.0950564090292039,0.36749508169981127,0.7286398899432212,-1.3043921197671273,1.4425463401060754,-1.0755500688469313,-0.595393540321943,-0.6464185252360106,0.5584720264027365,0.4533559179804969,-2.2456492564561144
1.3793989727610563,-0.9360033105713886,-0.365765521659824,-2.153954912465538,3.477742585502635,-0.027248590765292527,-0.15874568903154934,-2.1030149647362246,-2.420382571636356,-1.3093387434616888,0.9149526742836341,-1.4845902951785108,0.34237632592845074,0.03224663286229032,1.1787708416945695,-0.8254508216113707,0.44664766571784276,2.467782058508874,1.7866876704779657,-0.683912019423511,0.7401409434814479,1.4166356871849897,-1.0625255430465217,0.599884360216297,0.08752806615556082,-0.20896215772889792,-2.0852752873236624,-0.7308298849127876,-0.37618527933430074,0.9059039889292053,-1.2099558931016374,0.4575107357068211,1.2005292904397982,0.7234171303970125,0.46882366888668864,-0.640294709127595,-1.1769102807142149,0.5914054747580921,-0.5597927183789104,-0.33824010673159466,0.542957137937868,-0.01782809194257451,0.8797454839903945,-1.6773786618920767,-1.0216781898829463,-0.3663750437598097,1.3085865524966092,0.9214818665883633,-1.3169277249068987
2.0709350073376727,-1.2213672936891895,0.08336012659496324,-1.7031662742357148,2.939478608538038,0.22846058178603282,0.07978650167589724,-1.000717189171386,-1.8932577806737303,-1.7147761757704183,0.6098394855783031,-1.6935788194308927,0.21408765154871037,0.21899538978886418,1.3893931081130146,-1.3618144238239973,0.023646087744544853,2.6034390442264446,2.265541132959038,-0.784798845520227,0.6146568407467349,0.6612384103594093,-1.0108286482104067,0.4105407163734364,0.20763819124043664,-0.8128977574833496,-2.0799860554857177,-0.947734866116293,0.11303188804363849,1.1623944379100364,-0.2941652389562771,0.807186309339246,0.7832356329389306,0.7111757045163577,0.5848968604430012,-0.8873028914016974,-1.1731218517243749,0.03702483754493191,-1.333001063582686,-0.9196979821076358,0.6111163127047755,1.1866223594516323,0.75774348378748,-1.2414600604282533,-1.0244123953986564,0.6492291094782514,1.422138828643861,1.5493947599736162,0.07115644926052583
2.5803804478204695,-1.4956771388997183,0.6602163940449363,-0.7960039517898942,3.6671950465838425,-0.21874388212061238,0.5200463294115376,-0.6305563579142163,-1.7475103057887575,-1.781150474636468,-0.5599989267402442,-1.7874389528590824,0.7834345974231652,0.5680884859949455,0.7969576684724777,-1.7857865336095942,-0.8728316050403915,1.704633824827152,1.871078284935308,-0.46283144655518577,0.11866288104302089,0.17632367686018707,-0.8888757611352714,0.27349963553923806,-0.5819587509778628,-0.7682722762118204,-2.369311088960256,-0.25994958665734524,0.8521732365335052,0.903314297790178,0.21233707566897597,0.7498342970824442,1.5821305812411786,0.9464978706908803,0.5135849368336014,-0.9694459766856096,-0.23918989414618935,0.774740184339921,-1.6597576582957465,0.139271353610192,0.17429906767363812,1.3350394415278646,0.5263138325042149,-1.1160351012536591,-1.089824985783821,1.0665064348955162,1.2433657817995734,1.2226166977125856,-0.19612623497988907
2.719284311572401,-1.4821778329123072,0.6247004464179636,-0.8064058415742031,3.825262414769568,-0.3749233932593929,0.13429117367469767,-0.8663827972553305,-0.2514825169373862,-1.0667659369012064,0.0176059072584015,-2.621223913706817,1.2718839139754476,0.9274355083337945,0.8713664497594915,-2.349281175575824,-1.5331560179404187,1.0320656248828495,1.710613936199422,0.08612071849920186,-0.6242966733148492,1.274923442815828,-1.5690580099200226,0.6414158886487671,-0.6184289252117792,-0.1627733083864788,-2.418467015458784,-1.2394686318368362,0.5153103106723583,0.6190509731259648,0.42869898865386435,0.790329632730359,2.787356655779054,0.8143111548112589,1.0404560641927902,0.20864161313670332,0.10423373440885234,1.7151207294216966,-0.8039857386668599,-0.1956110690128518,-1.2261311560569612,1.2413322948745198,-0.3194563909486227,-0.7371601555018148,-0.3365091790524434,0.35577528421115723,1.9772699031892542,0.4373059376029094,-1.590797599344282
1.7081651571927128,-1.2231348512966076,-1.1310346528071995,0.42557221559918224,2.2584566189342903,-0.9514046629978085,0.113270977737401,0.16007540355592953,0.07256974450226283,0.038166592848115855,0.9670000347049663,-2.816748549824592,0.3806678350998728,0.2478801782095359,2.038794491507197,-1.8599159924260298,0.2679612072646279,1.5323227279077898,2.2074305737713726,0.29257371084556927,-0.9397218238735171,1.1914659515725803,-1.5028143460076306,-0.431468531693921,-1.0923674702988624,0.42068706312095194,-2.331600502180898,-1.6407365235260896,-0.8202922528731844,1.0371466543653054,1.1681877432505907,1.7581864235946847,0.9654632545895097,1.1168765948109423,2.1363986120698653,-0.4137918823135986,0.6000499417208645,-0.022245510949794545,-0.9119328610813516,-2.3708402107497144,-1.3059992187649823,1.7817642352730807,-0.7779658868682768,-0.48883502444128013,0.8203652095668437,0.9266224934960627,3.08161010680112,-0.3499739939016039,-0.2028230336945091
0.4894085615890853,-0.982955168418094,-1.548572905234957,0.6490192174250838,0.5972220581040846,-0.4907303656355536,1.3255216427389274,0.6960890795798995,-0.7071517345785563,-1.3769170245113616,0.22749288134214793,-0.5815771940764342,-0.6325293264049202,0.539430225099505,2.4169863458973815,-1.6364492438374671,0.6176229508940994,2.183834818652464,1.3199721978563987,0.1060539169706356,-0.22196426739913752,-0.4193639109894894,-0.221705165943499,-0.9104155036442183,-1.1660003291805952,0.22651210540280312,-2.1841277053392316,-0.5225888469542918,-0.5921792523809819,2.099335674416748,0.599367072774939,1.795608059336363,-1.5193044809412353,0.6365777166661288,1.6107230909758037,-1.3992269901476868,-0.1603778539982811,-1.601611326004162,-1.7362071221845328,-3.958470005711552,-0.7286129804036976,2.0705883752799994,-0.194362787704687,0.16981955800937884,1.3801944781034117,2.5900911663442194,3.393930090717998,0.2594727182661783,1.244847678565871
0.2705995384169177,-0.8053897500869253,-0.36829319848174147,-0.6908557285416896,2.003510286670298,0.0923741064848124,2.431305415373012,0.1113317169603533,-0.9822221670586239,-2.2620539450488106,-1.4357799459828142,0.05900368730953065,-0.34582593645607984,0.5820735037180873,1.868786291739665,-1.6175936469417707,-0.15080617890180373,1.744799350329147,0.055720011355590265,-0.42008438988632224,-0.040519650632031445,-1.7414154200237086,0.6528427926025038,-0.5036784719128327,-0.5388963516986949,0.07125803862890157,-2.09075726595974,0.47111568291624356,0.4076993185158804,2.3783224114794512,-0.18385281912493812,0.14867060166773383,-1.1023749351433028,1.1512151170877747,0.7005087938784782,-2.8292717760420087,-1.0098789268286823,-1.065622921019827,-2.3946405151005496,-1.8214853196911363,0.008723157741663656,2.290693430299455,-0.3019491956034284,0.30834355178148287,0.3693019973084517,2.834788427164573,2.0871518308406625,1.5044757174085828,1.2063133584965395
0.9091771932200252,-1.0728086430724095,-0.16817617487180667,-1.0324489035692639,3.5099582888450995,0.47354160728186256,2.389512170469766,-1.1943698092781252,-0.07378776412901039,-2.1954377450457,-1.3482274950510373,-0.6163743173022679,1.2702797304116513,0.004920278143757804,1.0075317362953127,-1.949072590512981,-1.2546757092201966,1.2511606943992908,-0.622164842365419,-0.7292389099307335,-0.017446290944664336,-0.8120591616972398,0.14173901028832867,-0.0653953197150795,-0.4110318545073448,0.18545733425762467,-1.9992102885858278,0.5092227379777317,1.1108271954052602,1.8348111121633779,-0.4461477929601861,-0.8668350654132249,1.8341462819384062,1.2709296153945835,0.6323573110886915,-2.0605187119529393,-0.4715569482066026,0.39848561487432366,-1.779444602326116,-0.4240217797146293,-0.7311453457060997,1.6877911116184852,-0.9948721108694984,1.0044618715498694,0.3218047968534602,1.6371647186638738,0.8197819925911317,0.7492812143392416,-0.9622984222167139
1.4644265939881482,-0.8750176452207823,-0.34341734717948474,-0.4814878408324745,4.005730535521013,0.3153755569659485,1.5217496024528592,-1.598128693279385,0.6499609360454586,-1.0932217887758475,-0.36967505805484624,-1.5830494021170065,1.5659302373287045,-0.22734463952809097,1.2958998460259334,-2.3778147642242,-1.0961354808910349,0.853389307196655,0.033404053174780166,-1.1993290644152412,-0.8695053426904192,0.39662434366536936,-0.7990671647172227,0.7433327840846793,-0.08686039278147997,0.9347227642059672,-1.963378490318475,-0.10044023309474814,0.6746572855507033,0.7748788356484737,-0.5384704574277206,-0.5478213111834669,2.380543786898152,0.7463171832342739,0.5160325789811708,0.21772761305026628,0.15813865472410477,1.2813181423125999,-1.6030021320046997,-0.910157045465095,-1.3466195248922628,1.8429627140813474,-1.8465270495816717,1.069777685411244,1.7420272512065973,-0.05615346498707894,1.3478590937650763,-0.5562039739484204,-1.9622371159548329
0.5317324196255349,-0.6829511606120887,-1.4939019733060277,-0.02997372650206409,2.7831936721902504,-0.01872810210097392,0.6152496086870228,-0.40820089298311424,0.4765350963206397,0.13707488252066172,1.1811254796158828,-1.9665964214617038,0.9324434605204979,-0.2536189883182487,1.4707217338650653,-1.865145073197651,0.06571154720923716,1.7884727250083765,0.3245808420877863,-0.9350802804150614,-1.5417130868751658,0.742874732256734,-0.8695107039236734,0.17669791857306766,-0.11151666779128533,1.5875212930468865,-1.6100776023502084,-1.2069287373065767,-0.3856570077537806,1.0902594833961765,-0.3308990096340692,0.5209762773861555,0.43571360845721413,-0.0009670695969412613,0.7694892758593427,-0.14967155739036456,0.7462870346218683,0.2492244701312769,-2.4649154693817352,-1.9800630733432745,-1.5444193750415542,2.2753068238538923,-0.8111316785098909,0.8865225893211353,2.825210585872139,-0.3727354920994472,2.168383093173609,-0.7621172557277206,-0.048300489763410615
-0.867635222780213,-0.8186471111772495,-1.4687674931256018,0.12205152933208832,1.2382587099018407,0.49164681158305323,1.0324286809580479,0.48328562479471115,-0.43030425979504766,-0.3818434431053409,0.3585815332662117,-1.1607373394610627,1.0784202738703752,-0.2439989837497315,1.240077970555891,-1.9087227167649294,0.5069839605197397,2.300898777242244,0.5175715481362415,-0.6981868576478036,-0.8328130653076399,-0.6832539189513785,-0.37752184315053017,-0.8430931053034674,0.05839110621544935,0.03392589254708711,-0.5289921590686604,-0.43918362389437776,-0.0947212544238481,2.7811456692081755,-1.1360542007278531,0.5070899762998909,-1.0569959666721174,0.48555382952200427,0.18938029788119745,-1.1796738624199854,-0.09415730185019494,-1.1899061063332166,-3.158781937581622,-2.4424180410483194,-0.738774241265338,2.48013312885117,-0.3584582778195421,0.8753925105185336,2.881089486041694,0.5840790315065626,2.28669084670825,0.6802435694691328,2.213181165177851
-1.2349552066570406,-0.23790860169578715,-1.59803117712196,1.522136858278169,1.7280390526722824,1.8441309056963178,1.5667156700300149,1.0747234792564546,-1.0366231440536837,0.03567953060124318,-0.4372923025219624,-0.2823737754182268,1.9471782024438715,-0.899295240787192,-0.0841435511491535,-2.615370586934887,0.8126074216267584,3.0673418341391745,-0.35605196568207276,-0.7537630719099122,-0.19490504906079092,-1.5954118060859168,0.4812546182214777,-1.6264140809313183,-0.9106407526706071,-0.2471669875476643,-0.10236192606001246,0.5942252593809612,1.1036568668594458,3.384205207946103,-1.444252409482842,-0.7421077530866926,-0.49447293916902424,-0.27723038005356093,-0.4250186267933066,-2.6161724349942705,0.24822681684330708,-0.7817743581499501,-2.507102807691459,-0.35031973602048133,-1.2448935709019238,0.8251771177843664,0.025004384177069572,1.2058939106607138,1.6244621121157907,0.26490005146088685,0.8975424051856542,0.7109564407394503,1.4099582860508295
-1.3534019740026257,0.4933215187909512,-0.536080888344376,1.5697980797649824,2.250030002491338,1.0852395743238725,1.2726829296055002,-0.4935904386910765,-0.3691122714306383,-0.6515544071104252,-1.011388584280486,0.556540347207588,2.3282025376377504,-0.9629229121613785,-1.4701588836425132,-3.0443086563076776,0.045371203862679454,2.2695383961008697,-0.5345406754877413,-0.8483425270701861,-0.7841725869912504,-0.6855226955060065,-0.776295352146304,-1.0088196784317918,-0.9373629012502946,0.20124672101025043,0.47739700052392753,1.1041137010939284,0.38469098904861876,3.1873295247937263,-2.6058517009057667,-0.9181316267038291,0.9368646454138261,-0.41948019940512077,-0.06226096284882187,-2.262661510290873,-0.022020664094685838,0.9736828379082032,-1.3270999644735821,-0.08099123621040209,-1.6599029155212652,-0.7980715705311799,-0.5391644845834038,1.3607956305433209,1.7346201649901063,-0.19663134970287455,0.5767782524085254,0.2228379013872558,-0.4026691560587106
-1.9000528693290468,1.461869558056402,0.4313192347674707,2.1253109537343176,1.4902739312455526,0.9572060725230038,0.3797006233962871,-0.03864224490770679,-0.21485940024186267,-0.9284331773399624,-0.756921291994375,0.6745808929857002,2.1498275482301503,-1.829934015256021,-2.013844195241715,-3.3549853551693305,1.1402694959392703,2.0647810815290604,0.029667916833052754,-1.2882991236922896,-0.7701675551618653,-0.5978460026175465,-0.9179873241066818,-0.8285957355745531,-0.752178350951399,0.7291798775626894,0.954523348390933,1.5059287843385794,-0.21718155434738806,3.0095561608059604,-3.3501021454541116,-0.7977263846341405,0.5237746417950091,-0.20982336342080218,-0.22481568501474128,-1.96447807544274,0.18686472572612411,0.949876209271732,-1.0741325672379545,-0.6791666633041564,-1.748939367688389,-1.6563969497683904,-0.7525426360051938,1.470609625219213,1.8272707055237387,-0.2966274308968201,0.4018283530165718,-0.30232797483064155,-0.4558997526975426
-2.179945818847702,1.5933339689898016,1.139506385877164,2.763177839195425,0.8103450187552937,0.5121157847180686,-0.6046992453798876,0.06164548545336951,-0.0038552704482057304,-0.3752195829202456,-0.3098062428375511,0.9901339071273491,1.6492389882750582,-1.9469565817119836,-2.203348315814561,-3.3447486131355024,1.5835030295614394,1.4355981942528993,0.6104921682922752,-1.6756453909397961,-0.39092398080671176,-0.3046834475397624,-0.7217999678412348,-1.8626463225828396,-0.686710886594011,0.8056043197047575,1.2513850024235835,2.23520632125951,0.031736756333133664,2.6482137951528646,-3.7265965744129437,-1.4114237594916457,1.4564376567271697,-0.6297762863546159,-0.5014221901378688,-1.7227352678024448,0.31490191270557266,1.700383532594364,-0.4177345165850388,-0.4792623922434271,-2.711951683806543,-1.8084971100074285,-1.0040280024567982,1.636458688672192,1.4881009979277005,-0.21833057470183298,-0.2221189933171161,-0.12722863950058766,-0.6089005407965575
-2.5965396866191077,1.8488893195651945,1.489013383799608,1.8605285485903744,1.3179424798061232,-0.46480231033930985,-0.8741819873420266,-1.4267910718885644,0.34586175793649787,-0.4464318481845322,0.3244634603421317,1.122930483493387,0.868172346286517,-1.3623465549775768,-2.2281708340353448,-2.5527189800861736,1.8480507970413154,1.2749294384916994,0.4749438728828497,-1.6761256892438348,-0.7280629057650498,0.043249451211523626,-0.5554608007998928,-1.646407952881769,-0.4711693426010553,1.1336643345794064,0.5474030028498845,1.852148509598147,-0.11326187057573113,2.2268090786010264,-3.6588144587773463,-1.552081884669722,1.5696023759863698,-0.4399500253560764,0.4318176510177417,-0.9128779355417715,0.05061133374652421,2.01347554926181,0.9546523725087633,-0.7883944317083812,-3.3974601235958506,-1.932082009390352,-2.1159852818167946,0.9825804514415217,1.049571830236602,-0.4573298077756771,-0.4985545634712251,-1.490335674380594,-0.9634471364647372
-2.4003944485486204,1.6600880858038969,1.3136685415501428,1.7748935063502713,0.26211081610628306,-1.2831232037530773,-1.6905049187549293,-1.4707924134720973,0.07405430576915253,-0.6049082189602175,0.5154867642920411,0.8530209862738662,0.19741551365904975,-1.3215927021259364,-1.5886182621566616,-1.4473713331422702,2.807050967802748,0.9975533424648566,0.4870266952519854,-1.614155834668173,-0.7765131727651534,0.16596934464813135,-0.6145513862090972,-1.7486027226628607,-0.9242376358642986,1.6360546662029511,-0.0740739108219591,1.173527706355916,-0.796554395831986,2.5004367048891574,-3.369430411649864,-1.138064449788342,-0.02637171356882974,-0.3120817476621647,0.8025978605062031,-0.5292661602156972,-0.25142803696109406,1.263222633199891,0.4750166361187564,-1.8749317010023956,-3.1642924580376004,-0.7903176793883238,-1.8097498253503501,0.3192269230229873,0.7659689686936929,-0.8166350232598186,0.025278780140288004,-1.6085630726811402,0.37077234147376337
-2.1641323489196447,1.5468268350678045,1.8440739715731853,1.536918928384645,-0.45171664145203594,-1.2744691149054779,-1.240836649632754,-1.0816868623282498,-0.24404268840773036,-1.1535097069018883,-0.08905932316341683,0.2770465671694031,-0.052326470551835924,-0.6358124786993,-1.4154973536808657,-1.1925617566157984,2.18205968008197,1.0288687613072807,0.8021424503176169,-1.9485988511981054,-0.9030275263558136,-0.9237024848364375,0.5497294900569057,-2.170391492111247,-0.8608874608313632,0.9564968390698412,-0.3394102490156826,1.8343959380331687,-0.05869650393465457,2.2589874989873593,-3.0777840243497234,-1.1854400358205097,-1.0553349622352137,0.22481828976114587,0.3251316438796518,-1.4370417745192268,-0.4522009404192718,0.5538301644043184,-0.22450510638762997,-1.6182421581484638,-2.224514622111841,0.5062032314331575,-1.6859281591357278,0.1869826189608451,-0.5058497184012776,-0.011052893736488385,-0.2127874729308219,-0.7758774419344664,2.120486756848469
-1.7028942776987388,1.8032837778640034,1.9840037283216043,1.0273293562206933,0.2137961828514695,-0.9866409182060696,-1.5055759667362039,-1.7167385893458378,0.06576710763323101,-1.3294400360775962,-1.2243506415795298,0.3596271952125982,0.6034982962767474,-0.23769667719798937,-1.86782905720781,-1.683142846471318,1.6721311705055362,0.14225291165963327,-0.2512176696652652,-1.7650973969773893,-0.4730787177260232,-0.8828048487548716,0.6163102292441907,-2.470415290258066,-1.0511462877257522,0.5375273604826842,-1.0699865537041506,2.072270424444818,0.7379609524181815,2.204257683003796,-2.505376280987523,-1.6055885036235145,-0.4661032883499827,0.20724721780759692,0.7585357687782278,-0.7137887186944277,-0.3202985490634886,0.19181108414113668,-0.08090581830933541,-1.563245900337178,-2.3800687485136454,0.278440131847952,-1.661317477913999,0.23608587962216504,-0.1040883351306798,-0.024338521682832945,-1.1512436569877333,-1.1664527480149953,1.3587001807965815
-1.575456623304789,2.053623819707146,1.630453448586804,0.208367055585589,0.7210707819399833,-0.8284984375750204,-1.3980361890606738,-1.6043862613339914,1.1534458536035266,-2.0202757989221483,-0.7496349046940222,0.0021940855060597064,1.038172664114445,-0.5735944269665709,-2.4686225078005233,-1.9633181581202583,1.2434089829886046,-0.5451752348932069,-0.7142818133005502,-2.0031351803212045,-0.8718128820218641,-0.8487907541878724,0.7185562348623087,-1.9505397988216981,-0.8184278939855961,0.7383042651364742,-1.4936689286340707,1.3557964318314943,0.9501409908702643,2.026048596033537,-2.511114451580154,-1.5494832113145196,0.4276300648378617,0.7483416680066908,1.229544939379632,0.11361208692164372,-0.9219020808811573,0.18752288236034725,0.24678845260783455,-0.9207156458365899,-2.3553720196693293,0.5009827622492169,-1.5662574021938778,-0.24990899334387182,0.19870124033060096,-0.3719721854987646,-1.2195270778200809,-0.9945347764277449,-0.22530317797234684
-1.5351639345077253,2.0203833353858776,0.8828105443669773,-0.23113639161163188,0.25731802968710626,-0.2620019192601619,-1.8405431397735494,-0.8276258941838663,2.294040137022455,-2.806067558877189,0.20756102695358297,0.5240862254748313,1.445817241907707,-0.7736381378080437,-1.6259298114854255,-2.3490481404947325,1.4272008214557859,-1.3429369899989503,0.12326241395855891,-2.2723995814684486,-1.6279673890736972,-0.14769055253338298,0.382495116549184,-2.032696290720503,-1.056734910598156,1.122474953721327,-0.8451079789681166,0.9135316217895336,0.3936978560705526,2.5392822503122408,-2.12777487597462,-1.5709806152645984,-0.035534071323689825,0.36245897289420315,0.31060247450727385,1.498406154011034,-1.5535707388008668,-0.24207025243691324,0.4361399911877806,-1.6393289379546383,-2.9542274764229304,1.3387869498206726,-1.4904094506772687,-0.3365521761381415,0.7952492131162262,-0.5078890370398731,-0.19804768679717907,-0.33517355231827667,0.08722015880093104
-2.0598816616385873,1.6277412554402209,1.268319635490869,0.7647934260056755,-0.21280130904998956,-0.10496763345204319,-1.8143585326079248,1.095696639516798,2.6741817325942567,-1.9773748602657086,0.5935132354359615,0.26762229343863686,2.0077256063772624,-1.0527263761845804,-0.45273054137633967,-2.404062794816921,1.5646226917196433,-1.0315569839750034,0.14645425222615077,-2.090981047651417,-1.6616891858970884,-0.784452269433984,0.5447805960258156,-2.5331870579231586,-1.5303582271337357,0.7090176930850678,-0.6923847666620788,0.984945367639157,-0.11921852282826154,2.0920544460926274,-2.3326912386555527,-1.0536140757308416,-0.8144811149941453,0.547621564476826,-0.08151215900800649,0.2734937086588086,-2.1197052731315367,-0.8544266279096386,0.255588972986611,-0.9681977733491948,-2.6642140675165025,1.760309854723487,-1.3014015504517906,-0.08798739230046321,1.0997984670450016,0.14233534725341473,-0.5935192833032492,0.04060834745641748,0.4778271614771787
-2.3727594597543384,1.176410480608213,1.3246435192757342,1.3434849584300261,0.4568419528387394,-0.31400366369748944,-1.2854597533772774,1.6971641830157436,2.057031305498366,-1.2818155123245567,0.1674309677494429,0.11497814425953601,2.8820340192386515,-0.3211941136611307,-0.3208295392768689,-2.058120790762662,1.0900644069102188,-0.6611330597912075,-0.37822291428214067,-2.072041231205635,-1.2338491023559583,-1.6094430060415834,1.4674658826559404,-3.3020042663198605,-1.9698303398387917,0.9332561629254892,0.2836849554040439,1.872083193463645,0.8702851622844839,1.100159310164161,-2.553865057816068,-0.8548165712015465,0.7265960297895397,-0.09092401788373561,-1.2733134032799178,-0.06638248823900303,-2.1159185115646113,-0.3482941875379372,0.7073789470554085,0.4696537554610433,-3.189717475468129,1.5167324731033787,-0.6358619635726738,0.8321208260370857,0.24183297858066657,-0.9283679502376689,-0.9510344818310764,-0.3753353071510113,0.15562097554656296
-1.5323588677350248,0.8019075553425254,0.8664046350717302,0.666429344376742,2.03633437223528,0.33682422601021844,-1.178559570264618,2.2277921059179375,1.7522119105850171,-0.906769867641365,0.926037839205385,-0.3492465880536834,2.7736954088750743,-0.745114014652212,0.47359588781095463,-1.7538221960968905,1.0123285979305734,-1.3065111224129162,-0.13347936978811667,-1.8741972540765903,-1.4378127238442047,-0.20095347777601735,0.8551252646771406,-1.9637832524411742,-2.4047144160496625,1.7537894197736656,-0.28641177108064686,1.7164326761713689,0.7964125149739181,-0.22563785553255603,-2.598192970554357,-0.05564242938605282,1.8984052606518267,0.1440282660627895,-2.5169343389178125,1.5992330858697525,-2.1540321846228196,0.6721395399643221,1.0694595188178608,1.7983870035560474,-3.053440344672101,0.6012835295719926,0.41674746970835114,0.3887626139486303,-0.5562525223753395,-2.942172179395031,0.5140587799740952,-1.3507563513174106,-1.4265881042053754
-1.2625224946978038,0.44007164960946066,0.15767226051723404,0.9540113717239089,3.208158167996728,-0.24060050082769424,-0.9568892616378714,2.59232594891268,0.7226201892181825,-1.1012227393764102,1.8385177047272392,-1.742677587982725,1.539107324686719,-0.44949107819045886,1.3235315059407973,-1.3033854772777271,1.9974830065833569,-1.8729180590516992,1.4764613119999126,-1.4006344730323843,-1.0309203112738654,1.0735585059824277,0.655509304923156,-1.798684087674793,-2.3383278253053117,1.6882960529437283,-1.170182695822452,0.7984413553115509,-0.40705479367589903,-1.4426475135269181,-1.526158227348832,1.6432337428506094,0.5276536601833104,0.6504013439708841,-2.5755533386939184,2.0056244704779993,-0.5796895822176452,1.2227368630889224,1.1475404571048342,1.1595621152609803,-2.8251159966854633,0.1563926194923695,0.9436782531750829,-0.562736920517358,-1.1754181915911275,-2.751982833057557,1.9949356872948611,-1.677953367820561,-0.945538901963783
-0.6938869904478264,-0.5269916317952407,0.044365319174014525,0.46804704264754055,3.319940120629737,0.012227828387893047,-1.035503526239593,2.1534731872817994,-0.49614342891590757,-0.2526538637317003,1.7068730837528023,-2.647667267940194,1.2642673494714816,0.6493858149137586,2.2234951042873234,-1.348551544887915,1.1364551765458548,-1.2290550531777202,2.040623442872917,-0.6129022025700399,-0.6673840599332747,1.8968861506722492,0.3213648506402464,-1.5497072601466155,-2.5039134129985077,0.322970185014138,-1.9620433727043425,-0.35872835441751527,-0.617338564671758,-1.8153899188972156,-0.6151772251666784,3.042918333441673,0.23713271408688052,0.5920595473811086,-1.9200196714752436,1.712149460757321,-0.29418725899223747,0.32307752762469877,0.41109658950148387,0.3109507463411218,-2.300888749212983,0.7129958093476647,1.5400950532216464,-1.3015523059509948,-0.6934080927100292,-1.9086872405975808,1.823691906398212,-1.7967561547755302,-0.39543604732320703
0.14255597668293724,-0.9669402131377665,0.016964016389927145,0.17551270711100886,2.508334940734773,0.23597198019306476,-0.4310383789883805,2.5582943646472525,-0.8573488307325449,-0.3659926404322418,1.2591990952206298,-2.9200925734041836,1.158745289489604,0.7295293656694808,2.3733498518001044,-0.8958538794107467,1.1055138321102287,-0.6023907674033729,2.202033473916403,0.20690656054262785,-0.875940339280462,1.6115726649627604,-0.01900003577762238,-1.3269870750714363,-2.502993803293899,-0.24560574437358879,-2.5285845260608864,-1.177908900710821,-1.0928127353093813,-1.4282405296985257,0.6299765075359867,3.9121025837565453,-0.2590764047855852,1.024718564013869,-1.1301122445291074,0.6150545574939512,-0.5915681683306864,-0.1233414387295862,-0.48083191068295406,-0.8958431397738373,-1.270818442382214,1.796109045738237,1.2645007917321245,-1.1498058215759865,0.43703782333766605,-0.36055705290073603,2.218963294746474,-1.31483368580016,0.4048336008522928
-0.2611846330945719,-1.151165893013376,-1.2080694989958916,0.8192514243923954,1.1967432366457518,1.0103215862501524,-0.103763840627078,2.8684644027001727,-0.999148809061966,0.1512170867269319,0.7577452952266331,-1.8607641067335736,0.8154744934373069,0.5205736676060891,2.731457536703569,-0.7104566909174304,1.2176880039491567,0.011680601868416574,1.4332517586964157,0.8067475755054772,-0.16947589763960624,1.4046892238852084,0.08764261619596286,-1.7299076165662772,-3.263300846630574,-0.45412629984156616,-2.911619804470822,-0.986265951577441,-0.5605499155052827,-0.7319606658771607,1.7696405673398825,3.5212101951559887,-0.7740459792582244,1.15747260497498,-0.46528548848655027,-1.2328253620837357,0.1817420889429993,-0.9335322780410038,-1.1794717388249536,-1.6995167748790587,-1.4648325287010793,1.4626418810038417,1.7970218568231575,-0.5695044545394682,1.0792730947058766,0.9437522936401752,2.7750119397258057,-0.5209326707572816,-0.01899956327777738
-1.0545907291486065,-0.676410312407318,-0.7436206144324686,-0.46561736530554954,1.0224507725691812,0.6849673537936445,0.753380464271994,2.3498109209147606,-1.3506600546917105,-0.550604370416425,-0.4575217118524069,-0.43490302011605286,0.3412417754810163,1.0280486131454472,2.8077941072067576,-1.33259539550852,0.4185477491221806,0.4160975574586717,0.8703270938471105,1.0160051834102624,-0.018439375097714344,0.5619000634602385,0.6068208291787249,-1.3857866723485612,-2.3981593157132193,-0.5785019275192834,-2.250093076503454,-0.603328231078494,-0.10041070116263692,0.053464923920548996,0.8422263677704053,2.7926666261641877,-1.1843494298872121,0.8715679860307968,-0.07045622843589963,-1.9360292290923111,-0.33512054188867607,-1.0371809041250586,-1.043697255943053,-1.9764309315407178,-0.8064095293300935,1.5751994607625677,1.2295594262976444,-0.7908903622676219,1.491426128760329,2.0212011549007696,2.661231612305432,0.4900476139290345,0.4129737605851559
-0.5020385132382906,-0.9701245189988986,0.43210465842279827,-1.168558093817484,1.8996657195212303,0.253976465353234,1.2992017235210593,1.7185556416652166,-1.2471735445852685,-0.8754253209932927,-1.2287115949360863,0.026314774883388348,1.1802164034925415,1.1411573351398066,2.282339593016024,-1.1824106713393046,-0.5395876501441359,0.7160676328948501,0.021637179316289334,0.6198846431611026,0.24691533631692067,-0.016580365107287123,0.3706311517131088,-1.013735261943642,-1.4539806889905067,-0.04525508407341408,-2.1243387149910196,0.10545775454773798,1.3935981226709435,0.2767953940949144,0.38364173158705683,1.3568793382279265,1.0938835785058203,1.5662114580589832,-0.4764103846393709,-1.9037236105959543,-0.8889077194609514,-0.33578413242200755,-0.6960065079275024,-0.20002962820216466,-0.6211223807912305,1.318523172719859,0.9246580594160505,-0.469848580207043,0.8831502358969375,1.599995186646718,1.8781912269540608,0.38454434432688545,-0.335603962333669
0.46285714996133953,-1.5984449655258666,-0.3211287636538641,-1.5826989402894123,3.4275749558481214,0.05382783548358208,0.6348278548088208,1.0337228320408096,-0.7086120024351197,-0.18655646017361555,0.2956241456845858,-0.8559717962611704,2.3561662460751123,1.2494930978570382,1.8711420639101632,-1.562083687403142,-0.7508219422256284,0.5655046842638569,0.3917165367728134,0.2370066702335452,-0.3846280100694821,1.1072375154156726,-0.5597102896761745,-0.001900306435013599,-1.3167790333152174,1.4554397423188694,-2.0483510344343188,-0.5073227387710622,1.3745042351936596,0.17760544518929527,-0.0928508353916242,1.0794329700365122,2.3686961759758574,1.3101768713882354,-0.5226089859425327,-0.5134625495512901,-0.3650855874491858,0.8978585745042676,-0.5244959122659231,0.4235463905746905,-0.49293073960774947,1.0376613080783872,1.2790336551389252,-0.6565455254768819,0.844983380872304,-0.5526913984632142,2.538121442078295,-0.12183320438888051,-1.4877816510959578
1.0419662551839148,-1.4133095740085382,-1.5593820766358286,-0.21387179158638603,3.4022841464000355,-0.5844002413786202,0.1971070790478317,0.9813875032362654,-1.7942006509905437,-0.09798158835895743,1.335839926445021,-1.182102743367787,1.1233074071368727,0.6958253901874482,2.2945126336911237,-1.2247685782604127,-0.5201818274763541,1.3489445614804034,1.8039583604409875,0.17407512223054988,-0.7690179003394071,1.6094640874682082,-1.3438283137292704,0.7319553753463133,-1.2108668705444294,1.1603179630397666,-2.7034074603323153,-1.1157026344086183,0.22351616812757197,-0.13049251600912307,0.2870119380603957,1.9318867621638103,0.943604737112063,1.1533828833513031,0.3994070827271473,-0.947585166864833,0.666157641932614,0.6184907098951546,-0.6556971477900388,-1.5545784564306075,-0.631528708131561,1.3306409036257163,1.5892879488526068,-0.648978497755924,1.0744030431528193,-0.7481450875364581,3.674229724511775,-0.39707758927169273,0.08269588576735559
0.5536699997986518,-0.7951384625325337,-1.9981225850059738,0.19970538599711923,2.362332736538898,-0.08615295827744202,0.8304058876228808,1.2628181458894454,-2.5711052843405424,-0.18150205442906803,1.5946053921511794,-0.18903820178243233,0.5009044493525715,0.8950948549373452,2.2391473131993247,-1.0351418795784857,0.18801465891037777,2.271193593214049,2.2993756518920376,0.46745584758565084,-0.007852928456699049,1.132176601378339,-0.6213050933766404,0.42069652260518065,-1.5162295474744496,0.5209463805989514,-2.124473965164537,-0.5309350743507855,-0.24732009845213465,1.3009049901149934,0.9008243750518828,2.2727599889229184,-0.7505295391687491,1.620968460773463,1.763036117741758,-2.669807172432028,1.1676397653316135,-1.2255680050110447,-2.3184790057491305,-2.5784548915422776,-0.2477538489180045,2.2895634587147664,1.6539455866492412,-0.676019534871706,0.5291414029804816,1.37114561278324,3.726124366538492,0.3729744068840543,2.414265358874185
0.16327604104095889,-0.7705195736347273,-0.1541842753001108,-0.568761270287375,2.4364572720981545,0.7366009617955936,1.6504807626379112,1.1571523201370066,-1.983466252385293,-1.3618909977733038,-0.43293347236846724,1.235232172971818,0.501563596272203,1.5256386702673073,1.1538824483879127,-1.571929382726652,-1.1873669581146467,2.0102204062547884,1.072492675322724,0.804755626667578,0.47675102744181164,-0.45068543167947506,-0.27233027985748054,0.17968786320851243,-0.9578357415838741,0.20128126407593372,-1.1415767643282206,0.5480736101683386,0.6549429819329109,1.9919951248003769,0.09654269129079368,1.1411872527419318,-0.7249173342993237,1.8354686313758815,1.5989296275062699,-3.4886677650617566,0.04229587971177112,-0.8436029144414118,-2.256087788821114,-2.3356469950814693,-0.320189511708551,2.6763799694471904,0.7582439472636374,0.20123717607220576,0.5173837945795454,3.021311657128053,2.266472720276149,1.64896560965164,2.7462526598181007
0.28105762578289595,-0.6344281918635274,0.5078180517814996,-0.5392356066538542,3.2529614288685615,0.6920015830016686,1.7457332522927425,0.45712584339258683,-0.9943117942095998,-1.7296832641510391,-1.409406756037254,1.2018943104181539,1.6222794640672575,0.9280275715262365,-0.22956837944554953,-1.7420863779625098,-2.389663387549746,0.9780782176325271,-0.2271610039290506,0.49620350163764504,-0.4707442145579426,-0.17869917609091696,-0.4124056527510718,0.9534266015556193,-0.5639820227418586,1.0574836956293001,-0.5867222374619614,1.247276163775512,1.369300209127671,1.6304130642975767,-0.35902498047972164,0.05044218654402344,2.2303212113046245,1.7165104958527058,1.0967278463398369,-2.559799844993272,0.1299033612979308,1.0660084678673767,-1.9518767413034488,-1.1867263276908373,-1.1206419307903537,1.804896779824273,0.043189143220946566,0.782840725692453,0.6089102227802972,1.5544879988065323,1.847899292762387,0.5567666020043585,0.44011981962037416
-0.29948086888389186,0.13543709504591034,0.1634583351059629,-0.36217557368601805,2.318079509567022,0.2629004890824388,1.0614361196865703,0.06217939509088583,0.48408621368450144,-0.6554643687683338,-0.5458529656824999,1.4533554253379022,1.814939637104858,0.14745808776014174,-0.3860800744892048,-2.106402940833438,-1.985838781286481,0.67417673002491,-0.34295188564423956,0.4437181352917935,-1.5537433892845973,0.9182857225803481,-1.6134381097380266,0.7739773784807663,-0.48316292870110816,1.7503571093267747,-0.11738069239340176,0.8567886430659517,0.24223619064718682,1.3958252322924056,-0.7950062606665649,0.04409114451140538,2.7131655627939697,1.7819581544555188,1.1835006900638012,-1.0356460576853652,0.600120750562813,1.5979953314038466,-2.147035890685609,-1.3675849489268506,-2.242641450617608,1.1507122987933853,-0.7733163536644069,0.8356977044324951,1.7414968275897673,-0.11650424563869567,1.7341389449377194,0.017198573604521844,0.2243799516204532
-1.1487297397013623,0.5704910460607078,-0.49975991403165226,0.36428719062057563,0.859061423273055,0.06501272812635303,1.0455970896187994,0.21085299964311754,0.6664362931117753,-0.16456466590322735,0.3142472714004531,1.9646477484099258,1.8948740309047611,-0.07974336203879846,-0.10146140883643287,-2.1252789724162264,-1.1144596471238206,0.9009911293495282,-0.5025014222589628,0.2404555674062659,-1.5882320920886526,0.5885420548349887,-2.2480023517433145,-0.32928755360598394,0.21291551807323178,2.9471782561448476,0.5822967641303562,0.7953266074434143,-0.2910822704682787,1.335196751524897,-1.6955319644785471,0.9925868438517778,1.389781690709149,1.3611223822635397,0.849646898838042,-0.17207641306477786,0.30120304272290443,0.8838138550758221,-2.176460216660417,-2.106657053482223,-2.3145578050868574,1.4593894284804365,-0.9760108440213271,1.237035875104844,2.984347980305933,-1.1291353891933567,1.9987949949960306,-0.2457152898418837,0.946731812238362
-2.112578439541371,0.9959097552501414,-1.3058547630073292,1.2305383389949345,-0.18957225286076562,0.7627246546792135,1.030935322619361,1.1523228569985853,-0.0189906895471465,0.5230692175290413,0.4862064659021437,2.7061786820639955,1.1515835994952774,-0.7304764945498855,0.3268704235635369,-1.2767586377956504,0.38703725723843774,2.1602203638286244,-0.9097297764527044,-0.14355224560925417,-0.6845885134458718,-0.45766341030665625,-1.3104674580512123,-1.429325045633573,0.28300171171959365,3.6635217309764556,1.3264016370867355,1.0457309985329855,-0.5098892320005364,0.7828112794103737,-2.3997227177985185,1.139620781506761,0.15855771728489537,0.8643671731491797,0.3600729284495024,-2.4592884251963754,0.40482180042753085,-0.23575992673146418,-4.2679706119040555,-1.649295934970049,-2.2893485890141125,1.2715302500276966,1.2220204184399872,1.6333142612114808,1.8322428121737981,-1.5299755390762229,1.8312961363254436,0.23319759281059338,2.969082398091253
-2.4914462376876374,1.4235819080266863,-1.4686751564771208,1.2647431185100106,0.6687691288734222,0.8775904707058281,1.0378088125532834,0.7629169104775824,-1.825936789436603,-0.10198444263668738,0.23608972158548583,2.403425879073506,1.5113954429663923,-1.6614619021291037,-0.3164050642869719,-1.4939302672589263,1.7173252024411527,1.842698760077658,-0.6682372695982481,0.10740621252966101,0.6422168603158102,-1.3692988133809632,-0.5147034330882213,-0.7506431895576154,0.3924895911254749,1.5658731864048168,0.6611011484343996,1.8597400379085358,0.23769503255077512,0.9178974199589848,-3.913633391261722,-0.4577069592831173,-0.24894133882490688,1.1352883549052657,-0.18913986522417459,-4.537131500680435,0.7208088944537279,0.4276874072893969,-5.026879465416386,-0.2636854041151631,-1.7890692627677567,-0.46983817944941897,2.014150090993435,0.34080282460803873,0.4408634055798043,-1.811993653692462,0.8772145192896392,1.214346114106921,4.913985031950831
-1.0793608950033613,1.696675722985578,-0.6938901420367765,1.2509925469904946,2.332823179911079,0.5380820001364324,-0.043702319551322255,-1.1075935798197438,-2.051764719415435,-1.0090140670068513,0.008721250832618065,1.2007742414864615,1.7302626783064372,-2.1795046593693463,-1.2684796637955567,-0.9480552578076658,1.3086376930272885,1.873853781213796,-0.5158824916316416,0.32107657584185223,1.0027586810519564,-1.1036262074041359,-0.3863590651506592,0.16269871684068204,0.31056540138419697,0.5065581131728336,0.2975454700696194,1.27933069622881,1.0139318381192182,0.5677294145691248,-3.5895080837248408,-0.9954339358970031,1.2875891850585788,1.027897732101096,-0.5107315991263259,-5.404673858510382,1.049702282842986,1.9254786092519793,-3.5946233505080962,0.7799125032607817,-1.729404596252982,-0.390218002500319,1.2087658824207457,0.32751005648580256,-0.7028510060155801,-2.235898888384723,-0.7260522198449247,0.9144346402381205,4.587944542669821
-0.8552190910314015,2.068418445057191,-0.6522910279257368,0.9287703003202915,2.7886445561680575,0.27422003137041584,-1.1417373546615086,-1.6228281857794968,-1.1064447063327225,-1.2192698420709795,0.8715500242751164,-0.1218160627618804,2.0210515672991187,-1.7257235468598768,-1.8078679486494649,-1.2287100117302285,0.6371503823556589,1.3244249167346647,-0.17751283001815799,-0.02640158751576853,0.3114825524575076,-0.09440610597184773,-0.8778518866062879,-0.04333264956516947,-0.327318888845582,0.09449807566583945,-0.24521297867226827,0.8325210361947228,1.3437046855458659,1.6150345734448086,-2.318624416130768,-0.6943615719734842,2.270093722598139,0.6115719535012241,0.45121992917812553,-4.666333914098522,0.32470320246675344,2.165224594598539,-2.621289741040261,0.6179998014537407,-1.6081349400060654,-0.14080916573146451,0.7299375119297354,-0.03784293800043029,-0.6270596719760181,-2.4652032828658226,-0.8991563639334852,0.013818644759774169,3.2064714397555267
-1.3707387827942588,2.600559622949499,-0.4694305759543291,1.8987129995350573,1.7902173693174115,0.6829996264560091,-1.5344416227103004,-0.7829933834881292,0.21814212086939488,-1.6449018966147992,1.10375486407195,-0.3844871117741555,1.9411592327671296,-1.766041474811244,-1.4004462403390279,-2.1386214187238384,0.9348886659594693,1.3708007264911364,0.002389045101614029,-0.00766077777258501,0.19797059080380983,-0.051490038104055,-0.44696228842749214,-1.002279945360065,-1.4076762666463654,-0.07329122862642301,0.8718223418193585,0.1058248812407473,0.9649365807690106,2.126653475638352,-1.8714450502666453,-0.033675139691004746,1.1283318541420138,0.3482271078406643,0.758694988069424,-4.101530397833917,-0.07996685707128248,1.4818139554599614,-1.9906966216849586,-0.5418152882629033,-1.5321343518846293,-0.26363484064515186,0.17111999961877983,0.6284728377533448,0.3299744334714109,-2.099022866489474,-0.33317847114391697,0.04713076744017887,2.776479392731064
-2.442340477010579,3.007231687377722,0.13672124914950295,3.483182850626452,0.9593797124741045,1.825554654211724,-1.0200168565958778,0.31723276807730927,0.3559772787385612,-1.6682418978543112,0.1413852026534562,0.19905899027728507,2.018060689507365,-2.4484410605982223,-1.8234527573187136,-3.4125895033199556,1.6222268875804853,1.814690099868137,0.0025089016980604922,-0.42128132739413177,0.15689456186995387,-1.1022704062565167,0.6463001345779575,-2.285250375311489,-2.6408181947294334,-0.6512457511274241,1.698020328325279,0.518712936326256,1.0614804293214126,1.8446159452280653,-2.4321427281323453,-0.1303747053193412,0.671472653219111,0.09430025614822324,0.011765447509516247,-4.5377622650982,-0.25515283432863256,0.5773573387470945,-1.3476780147452843,-0.7911929691290105,-1.7383995616251697,-1.1482548543758515,-0.21583726460513247,1.4490757982165707,1.2954721087412193,-1.2775526239731347,-0.8514071778817425,-0.5996544423916834,2.1160993940643023
-2.520725084840383,3.006818926281737,0.6358806466558854,4.132369442142595,2.10457612555544,2.0015989452049583,-1.0206211434972325,0.4381545023467754,0.4150903370949665,-1.213543554185409,0.5231165956308446,0.6259037269393576,1.6346090375232154,-2.557084078243714,-2.0741931968367324,-3.6561641413433024,2.7500054690534834,1.5809202078019045,-0.29712524241840665,-1.3933008472757424,0.4931654392820938,-0.5559156704236636,1.0534979998189113,-2.1991448831049856,-3.4575454272856367,0.47113055341166077,1.0586171605541754,1.9250473879250942,1.180716089181428,0.8437529895026065,-2.8350745398541837,-1.0194687550417991,1.0687702035792428,-0.3549284278570086,-0.30905644004345917,-5.174950019451816,0.38551581069886387,1.3044410525108683,-0.6301152798363094,0.6886140745507366,-2.443337186945608,-2.59301296550177,-0.5419858113122864,0.9771931612542203,1.0413219118515151,-1.7066741510091006,-1.322595797742477,-1.0156600233122721,-0.6523594702273658
-1.8080808358352294,2.9465175256374025,0.7903125839155947,1.979917902611566,2.0693322643778274,1.1383875849131317,-1.8644975958751233,-0.7276621947033202,0.3691910634707256,-1.9291827741568972,0.7939549144896436,0.9340911071515481,0.9771761656673887,-2.3719001163809423,-2.2646479781145956,-4.384294629736705,2.554680182354912,0.9684847043054119,1.09860635876825,-2.189656623667549,-0.791100878485916,1.0440235485720453,0.14660806135849486,-1.2130606316060097,-2.459053188094554,0.7300850015896102,0.29505000729686737,1.5339307345851418,0.25408539199101665,0.8791511579140628,-3.6788118142565365,-0.8337297027491941,1.3239341572074352,-0.72267272076111,-0.4249358221343692,-3.0514844052119594,-0.2141967264472246,2.2882871643122566,0.140441866917612,-0.8744821894406163,-2.1271498046551027,-2.1746199463662164,-0.9837055156377881,-0.039241165522904076,1.3426116313121668,-2.06006292821043,-1.3129594061760395,-1.1347491335753526,-1.9372303621983051
-2.216810788633132,2.8132325298886833,0.5007668272657928,0.7902499436375797,0.8044564600506214,0.5636799984784566,-2.5116993938220524,-0.3708408804436073,0.6425992269513018,-2.280354891974265,1.2884559666310285,1.0647082537196253,1.1822800494698593,-2.2876438183988834,-1.8786255526250615,-3.748253012934925,2.4067276254992374,1.3347020289860874,1.9663914658703845,-2.286640053919678,-0.9614950347814792,1.0051358295692008,-0.5984580034765828,-2.484336327673606,-1.861557669484552,0.3257559436615691,1.1814959140649801,1.4592521205513953,-0.9101637397525888,1.7508814061162599,-3.931146410565672,0.023464894287174166,0.40936868792421943,-0.9494636468637279,0.15340460014678883,-2.301587256595038,-1.2519339967470677,0.7932806888519655,0.23452099793275927,-2.3583891144819877,-1.8350358679482426,-0.7588875259182317,-0.9488155108693195,-0.241258373732636,1.7072268313531331,-1.4690073197391234,-1.0234790891626717,-0.29175123634911554,-1.3230200201845936
-2.491320021999706,2.296389047938365,0.6857905512505891,2.5669993018133193,-0.2826275898769861,0.5794114477206205,-2.7189992710164477,0.37123875811581414,-0.2023609928979298,-1.964552884729231,0.4129928472436941,1.0971945536820595,0.9671088121364699,-2.2000025332144406,-1.5244823485245034,-3.3018009066297447,3.2910048395446148,1.9751425663422593,1.7329269549505095,-2.388990474523024,-0.5041656112856665,-0.8082335360010076,0.4047665458123787,-3.4843396560950546,-2.2477265317992408,0.30636347220509497,1.531048346883013,2.6412699623416764,-0.47555670226472047,1.0498388805543422,-3.5329883086490286,-0.18197184263521635,-0.39835728141078736,-0.8142893965809024,-0.4846689917641443,-3.1993649078655646,-0.6533909108485229,-0.37502353184313897,-0.3104737336092188,-2.2583336760310497,-1.7802100448874407,-0.8204051116193594,-1.181942161985806,0.0010095619430254277,0.7948721790479831,-0.7771334623993794,-1.3639526514263833,0.5490123851147797,-0.1838878161513386
-1.4997891095548166,1.9131600784720404,1.654170940976181,2.070148214154922,0.5864511157458663,0.5390079642764461,-2.3006940443229844,0.2164432420644492,-0.6995815611458597,-2.28820491176186,-0.4347097898692009,0.9644753720290911,0.9322423658245358,-1.6470652443002707,-2.1042132943648313,-2.9669094142083443,2.6233915905805274,1.0795943937687589,0.495653512708233,-2.347974697932136,-0.0858189510549246,-1.2534169047749006,1.1277358563623974,-2.6845407718645724,-1.7477625911145434,0.28249684833678057,0.6494043546115064,3.307706308459878,0.12373363786491984,-0.2085978413412054,-3.728147179778887,-0.9294703797726045,0.8745488754451035,-1.0540872898056017,-0.2360070724970829,-3.0677578772251444,-1.056688865413719,0.5776122107846406,-0.6589315495569407,-0.508748693882622,-2.5427486085705393,-1.0938115899822503,-1.127039608498393,-0.7492174330835355,0.10227898439192525,-0.5046270072672412,-2.1084969890633745,-0.15389006438771574,-0.9734338303242458
-0.4266567675569346,2.1422801588426346,1.3752335975338748,0.2068110790846887,1.4727188658186372,-0.051570403667493166,-3.127856871418315,-0.9984260120266086,0.4813541318152871,-1.8447649807004314,0.13153072240723163,0.5821327160359874,0.8236030931751601,-1.193512957772874,-2.539643002335444,-2.063355736182124,1.8986417664622448,0.17611067911654676,0.7587080637493204,-1.9637390415279208,-1.1034522772392408,-0.3926392036154685,0.27577597429280987,-1.5744040167415105,-0.8950844587375391,1.3650235201495649,-0.7557798670163174,2.1019769196943483,-0.3800577168835833,-0.8547572773895181,-3.204078690136971,-1.2835060025429372,2.3680240965263946,-0.9983273284438023,1.1975471470795975,-1.2540711189379103,-1.084398641748795,1.6943143977490722,-0.11512853155444011,-1.1529469872975422,-3.626462707557567,-0.7982182388838664,-1.7332968790173047,-1.2015016703569392,0.06531419646033276,-1.4132359083804207,-2.4174831645147363,-1.1771918533992076,-2.372947360700489
-0.39938905732302254,1.858265555590703,1.2554941002309634,-0.8896306220040582,-0.022358066512653818,-0.17239945638467233,-3.457615623155827,-0.5768107681684214,0.9410469008895622,-1.953871599395847,1.0237819808151019,0.2638547023850451,0.07275106985646174,-1.3832547203889312,-1.571419505977294,-2.082898232647357,2.1060777942746958,-0.16651906266681182,1.6082311075642564,-1.8333375444740474,-1.8679253552454105,-0.381818900114601,-0.5074269729130136,-1.2988468149342955,0.42188761546685694,1.4420423484579927,-0.5419941171013349,1.7145221623959295,-1.310083220683587,-0.19969510466929744,-3.0269313723352065,-0.9320023182495603,0.6441518834565069,-0.6161312453964983,1.8280479682872501,0.3482746355113594,-0.9847583939380766,-0.11157847532108867,-1.0917819274610874,-2.991921014449109,-3.449244814853355,1.294691607395229,-1.8708719981773356,-1.4539678933618185,-0.01736077353199622,-0.8414845295255093,-1.1869457123177298,-0.3707692395636424,0.3001261642628318
-0.4293350671529631,1.128744327010926,1.1536631134436024,-1.5062051203664302,-0.7943566628036911,-0.9934856119914357,-2.5975009917398144,-0.04226806460979904,0.8203367011491305,-2.260524223126318,0.26071715054997946,1.1053673411301401,0.25185771577353855,-0.7243942764360641,-1.2784650732585132,-1.8213414893388908,1.9761184284330129,-0.8417145561822402,0.8175559750500248,-1.277193824348612,-1.566539562797829,-2.0323219418329987,-0.4057717987990319,-1.3517508644995095,1.610129728183844,1.188019511939581,-0.16546969044711826,2.015738349895829,-1.1193326122094112,0.8279256135269111,-3.2478644180453498,-0.9881075795882619,-0.9493205572364548,0.4306555080750355,1.2251457251293432,0.8247505780700735,-1.720814896845005,-1.9266465135729924,-1.959510283459613,-2.2525498479840422,-2.7879668481090505,2.6144172759953763,-1.9925475438981515,-1.435070551218148,-0.5429588146402579,-0.18674948689442195,-0.41419401555108465,0.44520756619113727,2.773831297721782
-0.23062005325715376,1.3636899869805412,0.15432423364844905,-0.33419071147775,-0.5064522249337587,-1.0070618410166596,-2.035653616278882,1.1659040344967087,0.49433805171966394,-1.557258928878588,0.40675234583353903,1.3665293341085007,0.815814916397489,-0.7500932709936147,-0.6861016405554576,-1.3091655274705003,1.9713809767606731,-0.43281905668947607,-0.4686524246915137,-0.912188978082033,-0.2731627219727751,-3.393094691967086,0.08184712620404037,-1.8958875609458836,1.5546967142034704,1.458102298929494,0.13969765989927158,1.943643011688554,0.2651366171167642,0.9662414667587792,-3.037316065490383,-1.9392005226750273,-0.7878876979763229,0.5062194781854352,0.8064735518561997,-0.08824276812289356,-1.3071230277005936,-2.079162763767262,-2.281456863923862,-0.05117444616476041,-2.533602032200567,1.694242053588931,-0.5839883109005192,-1.224338137228803,-2.076151094215278,-0.4565307545081786,0.32006419677183423,1.1422186258652407,4.655471043505803
0.7227431193484146,1.1308352887937303,-0.19133952416728012,0.19399596587503132,1.0001919533285266,-0.9792512176612486,-1.1899791575137548,-0.12426124420021384,-0.4598128980527836,-1.1339308447271312,0.6128685749097809,0.39507268681693414,0.5677994689613588,-0.4557854841576776,-0.5744739852419167,-1.133910749246072,1.651736527060564,-0.32007544406003186,-0.8502081759887675,-0.5318067231221373,0.4807204873750586,-3.2108884946390157,0.1685397556829086,-0.5544637970307332,1.8145064133442093,1.344535670505113,-0.962294455791437,0.9286707839132878,1.247210216372246,0.018777303518579758,-2.4888218172301935,-2.390640541330349,0.32836319797946056,1.482327664728866,0.8395410986070986,-1.0503853398856342,-0.4258854336253387,-1.233519946601485,-2.8384359164432302,2.8073266573137254,-1.9510056452804565,1.0465864955556279,0.12098152306926865,-1.5887279971800943,-3.9122760130804943,-0.9394465338668605,0.46180398545094753,0.7067217499648535,5.506101799104867
1.707276816953887,0.8879394938081528,-0.7336490774568527,1.2711330010631627,2.507092396814604,-0.8136458992574687,-1.563213224105249,-0.17130584195801568,-0.8123255939784799,-0.1990589760484482,1.0206116132995697,-1.180205546015044,1.0698569673364267,-0.675651622665601,-0.9469392232568811,-0.849204683010963,1.5046433105668187,-0.32767128309163773,-0.7557331396016028,0.10616329208543307,0.3619850387868017,-1.7559776811563608,-0.12408349599983398,0.15298349981477705,0.9362914994285587,0.27506684949855065,-2.101777992267657,-0.23215806772870845,2.184971589950447,0.4731399719390893,-1.2723068381017208,-1.727681303231198,1.507756292510587,1.0919568755141764,1.269173445304649,-1.4315293277758472,0.6173316152868231,-0.33384972589180045,-2.642214042184649,3.801597203732593,-1.5547102175613237,0.8310037299683651,1.547771445011374,-1.8699203395499364,-4.154730649870538,-1.3320832633316098,0.8484509713192554,0.305213525006629,5.196289544954955
2.0430535990971093,0.7861874578929573,-0.5672357765730431,0.5969944030352574,2.5938941516031426,-1.5706638991795234,-1.5958793852663749,-0.743493658523787,-0.7497626282292524,-1.8430945356654003,0.7660241902933108,-1.1040715182548912,0.8353272644487597,-0.05629378211095448,-0.6401830984327469,-1.4590360990713018,0.4075315369401781,-0.5030789115464679,-0.026277569911107523,0.518511510062827,0.06618777905713485,-0.8083133256142186,-0.26319111736692574,1.1494623248345797,0.4234393627122571,-1.2164032015322106,-2.2207976202871205,-1.4105742660361815,1.9832005488605216,0.7022755229710023,-0.2889245043961147,-0.9737548417306313,0.5862859176239882,0.7367997683581012,1.6225768725508842,-0.8531817449252004,0.37924035123647076,0.711099915937395,-1.6757748196173576,2.288433070778695,-1.7759054675694883,1.0949426273492915,0.9708305242720604,-1.9564904670731678,-2.764191453429265,0.28138823297979154,1.512372589084131,0.22782788647152122,4.9362027318462465
2.5398083401261564,0.6355207857953769,0.24308934789117345,0.11158945912939594,2.9013192098887917,-1.378967186593451,-1.1038835727958318,-0.1892250145525538,0.7081045346912974,-1.5864653825385242,0.19663860589524965,-0.6801741594644287,0.16504265662529655,0.4214363107137724,-0.5928433814822273,-1.995927410069553,-0.3119705957807999,-0.8752087702869665,-0.7783766827992795,0.9431990354448627,-0.388944487621268,-0.265238007898153,-0.6025721585158181,1.1753922379980912,-0.41639472258827265,-1.0720797848888117,-2.3082788445433784,-1.7906775319687556,2.7429561474724293,0.9025349156188434,0.5595854340346683,-1.2796771986542046,0.8177275106708374,0.9350682782356085,1.4310048945279683,-0.5219187486319548,0.013936791941972504,0.4503975537551705,-0.7364401947466077,2.1823081951523453,-1.7014425206093904,1.5952801621981205,0.44906542635421803,-1.1560904100209333,-1.7061491779909148,0.34827768350798993,1.50796548521229,-0.032708893565450786,2.9838626827836077
2.422540106260196,0.3099532189689081,-0.14256795847064208,0.36170914493681977,2.8901407514210042,-1.137135612488709,-1.1461116188523883,-0.01582801665290756,1.4885741213467902,-0.85744552259937,0.7695206696986984,-1.2602495306109973,0.6824120739963119,0.1310579384122297,-0.3255321611090885,-2.3403083571658634,-0.45533395692198775,-1.5445740363835514,0.5304564943355952,1.2027402508885745,-0.9498540775288513,0.6061361172297491,-0.31713915034986817,1.3365058863517987,-0.7966624507334251,-1.1545977989308738,-2.381881618458144,-2.33842334849863,2.3371229559919247,0.8847086144428062,0.845003174994772,-1.1437441522802987,1.5231746634688788,0.5765400585088237,1.7681666503831734,0.18818235385616539,-0.006217579056079114,0.8617628292803162,-0.030943170635422096,0.9247365806096356,-1.7345639092816088,1.7386038314830865,-0.3031550905694391,-0.9057961302054023,-0.30087848469697465,0.3927599844628876,2.248897739053202,-0.6793457480532419,1.8908932968568521
1.554973623019498,-0.13743629292033854,-1.0126536016745964,0.7918233219945783,1.209851921359315,-0.9196990947817663,-1.06057052919297,1.3332685539091904,1.4418245232079618,0.1486161549869704,1.7902902462708699,-1.3194828521000832,0.7342647200173481,-0.3721860809187238,0.1469470412281453,-1.5557244305398181,0.5670092286431501,-0.9018815032887346,1.0490876959968483,1.1218418784803341,-1.0352949464637484,0.3921168873359664,0.4571320943274079,0.42469948450275935,-1.3093832407408277,-1.3516519689951132,-1.6803377822344145,-2.415034707021146,1.182332541617443,0.9688934391667895,1.4877813079660935,-0.36506226307261,0.051848099409452425,0.35142107977487663,1.872194066178394,-1.4018074952465411,-0.698130806224059,0.09190315952135848,0.0073711385581337885,-0.2541462239760929,-1.676348806113034,2.2065627346357757,-0.4788427802484091,-0.19522447595797024,0.8737933668520033,1.430394954949853,3.01724467085562,-0.6383783928817833,2.866203135133744
0.45523224361407943,0.42810448256116584,-0.8798415890578685,0.9716007556986023,0.9207441797911085,0.11909089793082867,-0.803127474304476,2.2063846264098435,1.4301169758715595,-0.6027943681919747,0.8250970936581559,0.7733025736258028,0.6133928584288215,-0.12721640655935273,-0.1270720287863712,-1.0435174377361847,1.0213880405687532,-0.23149141887249694,0.4004179314065295,1.0346387132074015,-0.14337734641592317,-0.9590303564882622,1.6590625529988485,0.1037656021786656,-1.402832275855539,-0.2712814644583187,-1.4428854541508473,-1.8402813958287154,1.0832731332125325,1.7404741031515125,1.5810110423212353,-0.18297377422352412,-1.2767283996883145,0.8298939915416897,1.6085654991278096,-1.8943374959434298,-1.3410142642797036,-1.1508196365301266,-0.5851260987102042,-0.48250049428105457,-0.85136898167942,1.9940456486097984,-0.5116005357633889,0.7811821683735855,1.446144796956009,2.4815809503072765,3.2203068238972907,-0.4557968828344459,2.9977821046841284
-0.021909504597536544,0.5431161434550578,0.3859852677250096,0.8294345273868138,1.887926038406804,0.2196541001477197,-0.5798065250657144,2.536808232277074,0.6311708317046035,0.21210173108691033,0.2843803503851724,1.501019855601342,0.9621016698990883,-0.24961605837720502,-0.9232397645723058,-0.5078737202406587,0.7414175728132144,-0.1719325637628833,0.036316897197624265,0.9858529183313685,0.38276350869485726,-0.9284864074890598,2.90610154751563,1.075572166156826,-0.7231954528631763,-0.5549084614834866,-1.6299904442640158,-1.1138284268751222,2.0340298757290225,1.647396914606805,0.9181202691875494,-1.0011423064209541,-0.42732426159675907,0.3846883049997597,0.5673676893319366,-2.843547577884556,-1.236481220605452,-0.14155384878546495,-1.9091684686358361,1.5959101409175578,-1.4274328661408027,2.001122346225409,0.3222330756562807,0.8507016898646844,0.7989888394288189,2.4542369504896095,2.2446762063396624,0.42769453428781623,4.00157945219348
0.1545277909061617,0.2757816102011965,1.417061396318968,0.29002836850092606,3.0684111506460465,-0.31073561518297954,-0.6867686507889167,1.5822866594656249,0.6977908324854165,-0.28131112669440334,0.20157238082558357,0.8364252538357156,1.716492122746878,-0.26190007274645677,-1.7441090409446351,-0.41075897168381337,-0.3461442531449821,-0.7084378564633206,-0.12864687258673654,1.6448526222803332,-0.11603535061343903,0.1005646239703598,1.5938983245647036,1.870578903262431,-0.35709182666925654,-0.6026577996836625,-0.8800850788366684,-0.6816739928831301,2.6208717727110638,2.0203427710462227,-0.1532540900719678,-1.707121740770906,1.99126914736332,1.0647798389202867,-0.0040385552378055314,-1.8544139941190014,-1.2535656713653187,1.6209589807189977,-0.8691918053420344,2.898258804612538,-1.47263770610064,1.23020501326292,0.8011543076510272,0.84985164529221,-0.05744307322361797,1.765085585084291,2.3695839939285763,-0.22733844550625193,3.4465428840921857
0.31169760046857986,0.7156937876135065,0.9061430171434115,0.7938583229943317,3.7429964100301674,-0.8189043352684151,-0.9425385180873107,1.1444020625747213,1.7227112757361063,0.19762226675862904,0.6740353520945526,0.379403957040719,2.1248247939628873,-0.8457667503486737,-1.8189782081105312,-0.7554912038789032,-0.8247236599383402,-1.3303714102839428,0.1125985327586635,1.5048189104511043,-1.0971923744609315,1.6714794366207546,-0.09196310110741963,1.929400037661571,-1.098388692170194,-0.20480041820199324,-1.130813254273993,-1.4784598090122942,1.7356139910449,2.1327371582907895,0.4158218765001615,-1.187554514335143,2.8910895667987364,0.38041159652655343,0.7497052853548009,0.12618550240024307,-1.0115577908078919,2.8205676657714633,0.790217160530613,2.3788431353084505,-2.6218031263928747,0.6099798266073893,0.5401542524898669,0.9270733798377084,1.0474050439746332,0.2030394100018701,2.9179251935083936,-1.1396286764708663,1.5074114183123908
-0.5471772577471476,0.1758793610291514,0.23049572132794252,0.9846805165806114,2.0185810219937323,-1.287260817029238,-1.300291737024653,1.7924476214568044,1.9990119518191278,0.7684578917345768,1.7388440655412816,-0.16506315890220352,1.5653175318754757,-0.6935283176336149,-0.5453669088480992,-1.1732605452711566,-0.028790104140242856,-0.6005546842260279,0.9269789890310589,1.619646778623233,-1.7956378516510336,2.1110853315062,-0.25850375526042385,0.9020860618893852,-1.6445953082162967,0.10291527277466062,-0.2770034477512794,-1.9080051019651627,-0.397327315672132,2.8946867876215068,0.1007034129345753,0.454304300973141,0.6060573969893309,0.48375988864789765,1.0934018920434285,0.6920891273490453,-1.1835512434270612,0.872717907762054,0.7148764300166879,-0.7659794018175081,-2.5463821435656695,2.0093500194415848,0.029007124297049214,1.3037693001409507,2.15666619033423,0.6549800023600023,3.4745940317455206,-2.138991640588802,2.010529811653064
-1.7503942674426327,0.7083049809689106,-0.012662448206928023,1.6837551993667608,0.3701798691009574,-0.19778183706602392,-0.07117949914211173,3.3128598793023016,1.7946585091024252,0.0357228784768307,1.297801984201609,1.3443866801483986,2.1144201745084943,-0.8779843397793099,0.7145133152342709,-1.456667299711543,-0.011292924355004785,0.06985149910097174,0.8856543584267996,1.4147707006789383,-1.1802554451225185,0.14038646019762013,0.46491042870511956,-0.143076746564361,-2.231560268491261,0.0993594493554717,0.7201076076498102,-0.5228742251580087,-1.0459833773562637,3.749479118060296,-0.6939204438337429,1.4684911150919622,-1.3789164844680561,0.7574792373695591,0.15375880526545865,-1.0397934255754206,-2.445869839181108,-1.3107338607444774,-0.08790908537744885,-1.533369371830073,-1.9850647876745353,2.0613648876757793,0.8227246157837738,2.3969305785009474,2.049099430988715,1.5127640975706864,3.186688403479612,-1.2057672812859435,2.714329798278261
-2.69733165629396,1.0728214769320568,0.1616657618298774,3.0615736903013477,0.15817039344040576,0.49679573486057227,1.44028697654311,3.726103096666651,1.4821906647377334,-0.010061919502361683,-0.08831680362613514,2.1997487663846833,3.0675644463830745,-1.334228384790806,0.6627562085748792,-2.5011794613360516,0.25316203928932063,0.5736511725050463,-0.11895991869251249,0.7424226405795183,-0.3214704562365908,-1.2483828707129718,0.971847790397974,-1.710665876501965,-3.4977827925413703,0.5001236592051524,1.2828230337905442,1.261122910238518,-0.9212243970404775,3.2536418695249685,-1.745517781766543,0.6133476886791533,-0.5993298302293714,1.1615070721718628,-1.1680105731950325,-2.836692583832079,-2.1591536625803585,-1.3718743809462413,0.4579373359461819,-0.05157544385586349,-1.115234715728147,-0.07559834565421278,0.2762215602237917,3.5019345448150343,1.1853819178221614,1.4907159217874963,1.8272785817433055,-1.7056730916432246,1.1166495716631815
-3.089740605229331,2.108041928697358,0.5955955639756944,3.618746815336094,1.0748064567134579,1.3371479918144185,1.5199213231458084,3.8076111531311367,0.5912081262532198,0.3034689530355813,-0.3983617876069601,2.1455251963571076,3.3510130056895138,-2.245265083652015,-0.6240977745842219,-3.751541661699862,1.4182953579678896,0.7094198227546668,0.14141719718318063,0.10164590210343061,-0.0604868022072769,-1.1186491182464842,1.9647653471938245,-1.3611429180512835,-4.438768851623545,1.1086402787577265,1.2019435252372515,2.054883121727897,-0.1845928290520829,2.6958912013106837,-2.922019935502276,-0.5467393336976754,0.21600913343070569,-0.3415673253276496,-1.9048566429040896,-3.1635038098114436,-1.6078606397633972,-0.47180511075115106,1.2976960018491401,1.0484333622947148,-1.517950040996699,-2.3023816109603104,0.18950112381341178,3.157602434240443,0.7443340182294357,-0.03315026747702726,1.1652778024208634,-3.4396777840231763,-1.8034607288559639
-3.151988564714631,2.3331866227594893,0.011546563393897966,3.9862805570655264,1.3972956262958203,1.2150853365249588,0.5218229577337347,3.7841603564807618,-0.34287609439072714,1.207251117144033,0.9066010065806983,1.4246644417002392,3.619698935649755,-3.0765130493964605,-1.1609391397738826,-4.1411224652888325,2.5698260272635,0.6729801741255685,1.847214636614626,-0.6021042779601843,-0.07580643508835273,0.32965201194820687,2.14522119420204,-1.1956400912509617,-4.482271800634052,0.643176407776606,1.5480303817193004,2.6135547347412817,-0.0028692852183291873,1.46578263578152,-3.892224074291136,-0.297003954726538,1.8766032031704731,-0.9515425736062966,-2.723900497343782,-2.9469031895159254,-1.7576344893722184,0.23279601344352308,2.267385012269617,2.028153868161861,-1.8940496888486542,-3.8045907671001706,0.25020190194979913,2.7648298305636088,0.8613462062832715,-1.1520134015907693,1.2802300967676492,-4.441986953027499,-3.411379321803135
-3.9051832212939863,2.9149730724489857,0.5571223561580319,4.037606728862003,0.9854248018102998,0.6509107798069242,-1.1912711740420654,3.7801647993172964,-1.1847782044760644,1.4627658800884042,0.7409003381576017,0.8002645566791953,2.607240993677543,-3.3017021214102087,-1.170017204163424,-3.8012090780381795,4.1022703640714635,1.0045699199237104,2.2424853881829083,-0.8753135608079003,-0.4797113849327557,0.8706092759611266,2.1886352956370745,-1.5730837182339386,-4.652059043788374,0.7607335824331992,1.4182259214635002,2.0743403641044806,-0.40204057302513274,0.11125222245939817,-3.577092805227883,0.6185703509404832,1.1623499346044655,-2.2859450748857797,-2.9471295234178063,-3.1238050918659193,-0.9041738816261855,0.5213270823887101,3.1060253688627113,1.5051582634924359,-1.3860377125222643,-4.390147507902055,0.8139922482691831,2.368400663864743,0.8937457363681482,-1.3472503920647627,1.52895847268588,-5.193966428565861,-2.6862108437731442
-4.117816186107062,2.8453111379840603,0.6963427031836883,3.3830169396715637,-0.2994629210991231,-0.3798838584951607,-1.9800650136395934,2.737295123095126,-1.7460518713664452,1.8066952643732082,0.4432435455378385,1.7157255365442117,2.042449879074746,-2.612381055025595,-0.6556199807375684,-3.1062066890047006,4.314230172595312,1.3656179297436517,2.4589704918772686,0.028567670497054776,0.46790021012004723,1.1269465700847738,1.8793385935687383,-2.016202768063587,-3.6728445121430626,0.5394803421094374,0.6512464406985525,1.235452082922901,-1.1400316887890543,-0.41514684155753706,-3.4020939593789254,2.1393131741135987,0.3478354006232541,-2.355933948075118,-2.147332570756711,-3.3745570210275986,-1.4796872557176688,0.07093392416129346,4.27255614649328,-0.11120287740024903,-1.6877247776077202,-3.4243744788328594,1.1512717035451332,1.8089472774056257,1.3069701120126418,-0.629603974086119,1.558729388426066,-4.871124515917472,-2.832298057764181
-3.955098851927028,1.9919106075952446,2.1368708243869214,1.7741296786521754,-1.2585732043886917,-1.0937413964222404,-2.152515692908556,2.1805611503137707,-2.032639468180065,1.284256730780759,-0.12884076693985308,2.5399803608966582,1.1057787016964793,-1.4566679282935817,0.008842538265380312,-1.9715020070855636,3.6757522518541226,1.8006444514028452,1.7383747019392197,-0.1645002296027377,0.8201470454057775,0.8091396198552809,2.20696625293778,-2.30028886203451,-2.626948692003904,0.9753531996905195,0.09572635046359085,1.786783575258142,-0.47760399821350413,-0.4569181367563678,-3.133450369996163,1.5657788176149174,0.16743969382837764,-2.0897243561646204,-1.600622490293379,-3.6867476945211317,-2.6895824667886172,-0.13989381785961524,3.6754069979433797,-0.519652259510294,-1.6729953968565379,-2.505218395919297,1.014109967506832,0.8003087865267982,0.3536393220451067,0.4161511966311275,0.9561694082053295,-4.275508289667874,-2.0303676879736763
-2.982549422695249,1.597331438925881,1.7750878251820517,-1.5078435119050129,0.06447788144931296,-1.3133037563367052,-2.063926413167823,1.1566974095672728,-2.299832137719995,-0.04190704158639058,-0.37898800079849854,2.813485559454105,1.1817264963919873,-0.8396929721503448,0.2009271683099223,-1.4966471592782227,2.6174210092283903,0.9003069447329859,1.1676293890261689,-0.06105182684599908,0.29699314090060164,1.339952943270014,1.0987108872816755,-1.1475261473494005,-1.6562735164179785,1.8323883890884198,-0.7624993013162719,1.3868657403702316,-0.7161462124691165,-0.06943131286005588,-3.140594261150868,0.1834962714767237,0.7786011771511105,-1.0455246999121257,-0.902482568175382,-1.8318750361192082,-3.777962163078223,-0.25588419273746726,2.767679019707884,-0.41990038741835334,-1.4026081864385653,-1.8373342554207828,1.4100527974678092,-0.46318473091919576,-0.8197463391945722,-0.1549940391263911,0.9768934309552142,-3.4043654480690515,-1.5770370395335729
-2.3189029730063995,1.0231563061494378,1.465174592350794,-1.738421655332575,0.7806326859785119,-1.9725577933348943,-1.9387120087070255,0.9594881151611339,-2.551852991192453,-1.064600388930947,-0.4337464821362088,2.33144834486793,0.18469708716639255,-0.8037920507074743,0.7869893536446714,-0.6494810438399936,1.7366214296233482,0.4892351511687808,1.6239730916812452,-0.030081403752079516,-0.2848453997775374,1.525162275995695,1.1978620433477305,-0.45294697133849193,-0.9799198214892256,1.6662197382197597,-1.3467253401182018,1.7668467783687132,-0.8576774851137813,-0.08845593497166787,-2.321571118797761,-0.30933925200311907,-0.11855848563712146,-0.016952363201105713,-0.11967808027729139,-1.2218331902087527,-2.9144313178090537,0.01683449577501933,2.1408577469845227,-1.0062567133590452,-0.891840082313566,-0.7817089464407382,0.8987381395995023,-1.5211870039923479,-3.051994667897721,0.9785604860800128,2.002530967567251,-2.138880947107488,0.16047499407106924
-0.8079948066314484,0.9718095138246786,2.9156609615966724,-3.6539541032030387,2.159638366197026,-2.485469651277484,-1.1526079478232436,-0.3541391162448407,-1.7142698602048587,-2.53091006925184,-1.4208654491174917,2.652762137420159,-0.04369908054948986,0.18610110022367707,0.7393759440017471,-1.2773746100932184,-0.2913865766497662,-0.7360491619839131,0.705426150853826,0.11189722993601026,-0.9246093546222196,1.8023202723980032,0.20074666853730413,0.7466799231958796,0.2531526133538601,0.6328722705027368,-1.1588695224312227,0.9810646916373982,-1.1303686365774932,0.5804006029329785,-1.5509622480580953,-0.302826037053413,-0.3961503883211905,0.6451433631297038,0.8541644452152117,1.473141869964336,-3.121657148827254,0.3002136249773948,2.642771366361269,-1.4849331876768366,-2.0710954023563484,1.1346350525981883,-1.567373006669057,-2.082672625651094,-3.0189179079730533,2.5674517720267125,1.2422025570613229,-1.9263874604764573,0.009718084078522704
