-0.29261647663048346,0.44673163750007505,-0.22737368100860983,-0.7350573426467413,-0.4956996257117543,0.4252540155581457,0.4306645889406005,-0.2017357895268257,0.330145182684924,-0.4482222125733469,0.35645294767944036,0.5887129487969949,0.2053544357686702,-0.3482376949524798,-0.5101222860872349,-0.5291462863834426,0.10249902574587777,-0.7471171894585367,-0.2768028710375944,-0.5634225636964584,0.1556117537553695,0.14613256001473804,-0.30250162832602145,0.2606367800746633,0.1786239210907819
0.23709098126304773,0.8645602086958655,-0.21986133208882389,0.06964203757468546,-1.2661433678866614,1.0655473367042803,0.33548630651749367,-0.5890419420138691,0.5104733923915064,-1.0515095956333638,0.2080328412414891,1.1075906868379597,0.6582148630177118,-0.5577730936587126,0.27319993713138657,-0.9026327763408055,0.5552579220740467,-0.37803588333876975,-0.5996910648296498,-0.7673417173994465,-0.7896118166426176,0.43089564288545446,0.3212786231751286,0.0843094052847706,0.38570787034438464
3.267290842417159,0.2393506452234061,0.7179520319246495,0.3033487248033189,-1.0181060720268946,0.64294104347585,0.014606107394319168,0.4050534963217905,0.1943309975321176,-0.13246368875175743,-0.32689558321220374,0.8989512398207925,0.3175786619397985,-1.1187473721780583,0.4326377832780762,0.47915093324993396,-0.3994996700943077,-0.6359187820160719,-1.1560045387162612,0.6923747246188785,-1.95563331215729,0.6643786820340299,1.0748900583882461,-1.025722391435711,0.4259124739693945
5.3442794195076395,0.03935349564157901,1.6726042102747796,-0.4283617525268627,0.6369855075199765,-1.2299040365778713,-1.4959082428205832,1.8355363264799298,-0.8832674277542335,-1.0956731012730883,-0.6263482186684642,1.585252040448651,1.4161025007790813,-0.45773398010195093,0.45681684647216986,2.4028419690363925,-0.34874453273830075,0.20216329305595215,-0.2395943507757332,1.9973365872185624,-1.8924734791885185,0.6465005504330177,0.18658773805459922,-2.3191522787564276,-0.3170126510801549
3.3233490900957503,-0.33785001837752004,3.7076990746876115,-1.9480287168601635,1.1708947702219255,-1.5000670575588697,-1.3764283598215241,1.2683232344157302,-0.42092620131073194,-2.0362066179543343,-0.9065192381510778,1.5778403724251282,2.014076528377968,0.9669434178908974,0.6645372243036669,2.080468504974556,1.0000532886612779,0.9521174907895086,0.34426327352563746,1.5854077337275907,-0.20401678269813106,0.4057088818467004,-0.5918742316296153,-2.235757238360553,-0.0552091503704501
0.8997531716416285,-0.7107130012001841,4.184587270510387,-2.1327570231668695,0.7033992948306654,-0.814032216258714,-0.6680169281866256,1.372494540673544,0.9119328192520918,-3.1619084712596925,-0.352306759611754,1.1364663712696181,2.6591370153583007,0.6303812430281616,0.6892842956635911,1.3727093588063268,2.153157018686615,1.2564513497290923,0.22795686310011046,0.16155975481009985,1.9013106152884087,-0.4210887843661383,0.0036646901544569316,-1.4668307010376442,-0.10779526687176019
-0.23678346406754391,-0.8533706269358634,3.8252929293276234,-1.8252958273073723,0.43007337687294916,-0.4411924204010945,-0.36680308560778274,0.16588023862766815,2.0211170850259244,-3.3947837999563237,0.4667106134822831,0.8701073970474119,2.670095670609585,0.40103481084866255,1.1846199241984419,0.8801648411844657,2.7377742286557893,0.9304560724830926,-0.3303257943549957,-1.2321966876582764,2.863993789978347,-1.6572300981999883,0.11527019363931659,-0.8860545342328583,0.09018599565907831
-0.9986880225446008,-1.1776229979740187,3.2099615478358667,-1.0921986851983376,0.6033220602374798,0.023398531139326925,0.09337959992385131,-0.7322028109370563,2.403082467693529,-3.6191493290966217,0.9288356075642766,0.06775299846729382,2.1189400237142375,0.09524903002352143,1.4924862312895235,0.02377153413197016,3.1958890098895067,0.45434633445520556,-0.3811934648648558,-1.3997123945120102,2.2489369909346513,-2.113864950790196,0.568908134808791,-1.039464968400941,0.5199360205501663
-0.6324380768801223,-1.2483256313801812,3.3117182249863144,-0.5893543708074048,0.7971885765714319,-0.1556437378502791,0.3319332187844597,-0.9308899308432186,1.8941953244075047,-2.966136717712351,1.3867601991057377,-0.1429208630499022,1.9240377549251373,0.10484846051986091,1.573589563596974,-0.10365407108823896,3.606743765244512,0.10277249732398852,-0.35591190482471774,-1.3614845907353117,1.923191169534435,-2.205381804152301,1.2691842834674425,-1.130078902052927,0.8552722642467439
-0.8134868153485093,-1.7937154591717372,2.456082929082245,-0.6549031646180872,0.41210993568360615,-0.17499047055987169,0.8742683726025666,-0.7901965503625543,1.653011658025606,-3.2369641199362422,1.2084134188760354,-0.4662010717718641,1.1748126760696778,-0.12328228749876186,2.0003863659935335,-0.42517969714603765,3.6081794681338155,-0.18018425813072922,-0.32015925861502986,-0.9314500847691819,1.7656725550205632,-2.3522218849742527,1.8404199840444628,-1.2759078413080054,1.0970943538382847
0.34719164097534716,-2.0367840253253884,2.6563938312033617,-0.9089468019092714,0.7229220346973892,-0.056483848220875266,1.1617436862706847,-0.6964782656489783,1.6245972483826998,-3.0717358174379203,1.3097549311672845,-1.189444845560144,0.6667900388688667,0.5986461774098286,2.119505039039137,-0.11806504349597663,3.8069777612043327,-1.366140500892016,-0.4692234093236362,-0.8797085853275415,1.7115080355723267,-2.749156936224831,1.454368914333834,-1.770741375578251,0.5246431302544079
1.055488735899995,-2.127333472806216,2.3394753178167518,-0.911280251292291,0.6494652005598738,-0.2708132800484492,0.6983388211360924,-0.6813582614538771,1.081150980270758,-2.2618017628160167,1.2750233915011215,-0.8598030037036686,0.1340508767087221,0.8042370710856366,2.658555638250345,0.17472842150573664,3.00746387889776,-1.8092693246460547,-0.2866565704778513,-0.046535495702977034,1.4006414872282127,-2.4765696227206115,1.7899261567487341,-1.613008804826405,0.9418132335082128
1.993461415363643,-1.7363531062666275,2.8543272763549545,-1.1194246681662385,1.1551832986369968,-0.8269503191089934,0.8207398544353413,0.37655169725994936,0.931959038286516,-1.3633656419300053,-0.03663879448053403,-0.15362397978418973,-0.39066412206759166,1.2863181996327921,2.5676045267856598,0.5057334396962433,2.7384094384564364,-1.8351960332214117,-0.037628925252852496,0.5048016775814905,1.319548622570522,-2.425379865506852,1.0473207398713755,-1.7828225582995203,0.5696573357022672
1.282685041311096,-2.019458131192075,3.0332813179661833,-0.8975388604454989,0.9759316585281782,-0.45795985111021825,1.2923691482703314,0.37674175829777656,1.0813354745663915,-0.9689979640801121,-1.2201816310141294,-0.18126883686066925,-1.049378663406062,1.5862818390076898,2.9931333757913072,0.6512308329629144,1.7173936957404687,-2.167792011602167,-0.08768538729167502,0.6819332879499419,2.436790076124057,-2.42164472490029,-0.19063877703528898,-1.3809890391458899,1.1739755830792231
0.4127995615003394,-1.2673116972189082,2.467846300655189,-1.1529962038060102,0.9257964600888682,-0.6181208080111289,0.4418827018667035,0.58357702499401,0.44420705575341063,-0.920965551771536,-1.5383984630182543,-0.3780543493726958,-1.8813950365809902,1.5824356990151793,2.169829202810722,0.23962988605585692,1.1706222006657425,-2.1575126462651686,-0.8439734382403505,0.1494383346276054,2.770517086798651,-2.4875909797301254,-0.8105913055900146,-1.6415660486530401,0.6770805493918707
-0.16452243696404156,-0.6275439693689858,1.6407660054892426,-0.2143042414701458,0.7903764933632965,-0.05045967396552438,1.076023247265503,0.29378541065485175,0.29830079682888,-1.7702806810321388,-1.5449420964357565,-1.334177809567504,-2.2485603432747645,1.5954024320382194,0.6808282739807601,0.2828093177127215,2.429084895168314,-2.076456702534011,-0.7641814848324864,0.2850468655213366,2.903762421898462,-2.17169269735084,-0.6205873810111072,-0.3215101802388366,0.805467037039692
-0.6112618923602514,-0.32470972609525794,-0.06042015891531022,-0.9766158485805627,-0.08710433246962013,0.9989904036711843,1.074435256109222,-0.6776445835884783,-0.28541894077736474,-1.7106778892462131,-2.05733070732328,-0.8215462790117969,-2.8433040608034537,1.7386317420344501,0.09272896988207138,-0.4171110808442734,2.284015793308576,-2.7886596315580254,-1.1167830857466428,0.1607088525853382,2.1531334087238445,-1.933651762829468,-0.44660305453951155,0.35074779009139057,1.6803964787749956
-0.07058407585760196,0.21468581927203137,-1.1932503691247536,-0.8129791725622256,-1.6332966695164557,2.047969671053693,0.4929642473603118,-0.8041526237658024,-1.1439973728151502,-1.165451005330071,-2.0956635173529863,-0.674604798082318,-3.286718500870401,1.3635843615607754,-0.3872208727241925,-1.4636831414171436,0.09867032825353789,-4.469354436615332,-1.6059767579854325,1.7204876502983395,1.069597250746069,-2.008076413923839,-1.1589653376022973,1.55710341444445,0.8199385898916272
-0.10847272621608467,1.320515471591108,-2.2433318718479356,-0.928912929306677,-2.230874743299591,0.8573312276022695,-0.027230504542254674,-1.5312623064272946,-0.943468894578049,-1.8563483246455106,-2.0531451050801843,0.4336402077388074,-2.311209423127356,1.2742858321355972,0.011039842934598115,-1.3603652865685105,-1.8663980169871266,-4.429002334847204,-2.226545688915943,1.8627319479455804,-0.7787847608026341,-1.0974848526434562,-2.364268705155118,1.4349604968348115,-0.9772361314817519
-0.7198571715583996,2.128646050201472,-2.02594904759251,-0.7136748537152261,-1.545733288556745,-0.4915207936372593,-0.9101049159765194,-1.985847473416784,-0.014074463300628337,-2.3470582057131875,-1.5865885667821975,1.4572959261384764,-1.1635490999163012,1.0646832731327813,0.06997329083892995,-0.5976711291968109,-4.089469439465104,-3.3684720227125173,-1.8595930564208085,2.3248761924523302,-2.8755712576272785,-0.3400994715879879,-2.7854860020744034,1.4428477102613853,-1.4271586816316506
-0.20611109313274373,2.565953468970494,-0.8159285171155674,0.30198060707754687,-0.1415737248900013,-1.8611020279710653,-0.9731780302854881,-3.01815056463161,0.0953265070180026,-3.0845465640732748,-1.3725570685719377,2.2307711450482755,0.3893781095264811,1.1549866578732901,-0.13718940297565738,0.042435044235843655,-4.446444324642535,-1.4814227029774,-1.866811457538144,2.755591424361925,-3.636891022059663,1.0634600016732736,-2.9193325348660597,2.2154136437626644,-2.295476621202583
-0.08657582112293871,3.167523722573242,0.27275340758615474,1.5514945131929723,1.0188769937462938,-2.6738718757786404,-0.7257212157938704,-3.408754805337738,1.5710576749491734,-3.221297659684549,-1.0708791966830289,2.3551974224336067,0.2570663391331597,0.3546096692126682,-0.07864606583819687,0.060266597863609474,-4.519736127677189,-0.20722187305667464,-1.9549663248965894,2.760043490223222,-3.582219660404411,1.699911439497431,-2.0881035763700813,1.9214661256847636,-1.4372410558089244
-0.5045934922120165,2.6672689441560262,0.7341580865790098,2.446201442560611,1.8145226881385235,-2.8874944693995355,-1.2810931836061563,-3.8603709695257025,1.557440350662517,-3.1146041073935744,-1.3917534004092187,2.2010393682594986,1.7032762974832645,0.3143293303600416,0.21737358084510675,0.5888176207813854,-3.8379857054287823,1.3504659535887167,-1.6922886321482764,2.271605985544299,-3.205672822122317,1.2689793019148858,-0.560888255233879,1.4585765413763263,-1.4910850615303177
-1.2495323433451198,1.9727733041196853,1.9241036042041537,3.204298012001578,2.140809525909815,-2.9991997449294523,-1.0950362095722386,-4.201548253343395,1.5976841117179392,-2.5649296643811894,-1.1614753908588695,1.504134969343207,1.500387495913492,0.2632528671460898,0.538895979208463,0.8620125968514237,-2.157423014447285,2.7709567932606802,-2.567867548301819,1.6834577609624763,-2.55381678435872,0.9869292761230603,0.8941584396237965,0.7737142928103894,-0.9458105617799533
-1.2913964899502068,0.8532144811301529,1.890595742488302,3.291381827079834,1.5674589241677488,-2.310542144841563,-0.5559069944096978,-4.505668097866726,0.7007082801861153,-2.3180602071770933,-0.49570928282035487,0.29836441510979994,1.2822111990341885,-0.3940964003845171,0.1983212031658629,0.6529725314615042,0.7587097550842121,2.925373106060365,-2.66942272048911,1.7188351020532542,-2.1109100203127684,0.6317395341390211,2.1725921548649314,-0.5435198979168498,-0.11646653544707286
-0.3602573430349329,-0.38898531585758445,1.7038425980620406,2.2136781391072873,0.6792009955901811,-1.2386745526549496,0.29822755432981657,-4.287082693498164,0.1523906047585636,-2.4808077225018,-0.7311216465281386,-0.03198902549853465,0.35948121533063676,-0.8723265570191951,-0.08961538624853733,0.5137624474480522,2.7983754389557727,2.3037237402201565,-2.5462009879054253,2.191317438832323,-1.553720671575565,0.2258495521064422,3.188936018864717,-1.9230400421967122,0.6375290124804913
1.301056466672945,-1.1374173420566942,1.3657988431227108,0.91467676191675,-0.18049550183106688,-0.2773813865361614,0.7788248000820777,-3.3803068177184117,-1.6060530985504355,-2.4277398490445505,-0.43587575465680334,-0.1870232045704031,-0.8169631012129925,-0.8900923864114921,0.4418583482289525,0.6050373926697221,4.285512952144151,0.8994034269120735,-2.3971987719726395,2.594264134293499,-1.7775927913657676,-0.21298493287774528,2.820729673690801,-2.323102579712615,0.6856508132724135
2.818220824310307,-1.9851864171062412,1.2746964919323083,-1.1803193238616856,0.5615610131299339,0.16912323027402926,0.7591056398117372,-1.8311058885313667,-1.9322847725049879,-1.4365168587061319,-0.9736099425264028,0.3068447043743336,-1.5605214354716344,-0.3988914543374974,0.31369674403748876,1.5795124471497315,4.142585865727012,-0.9282918423390949,-1.6229976431570772,3.043827235731473,-1.639368788154515,-0.9507674633623191,2.894425463191045,-2.4398143031520836,0.059795379567814375
2.3918732336321455,-2.221643365048855,1.4853411692555463,-2.9291818435757735,0.5573817654020343,2.2654369689128004,2.4215539791410077,0.6413893018225719,-4.5816528843599,2.944156912533521,-4.049260743049537,2.528406873696038,-7.039180836153109,-1.021252437114511,0.9202025145222645,0.7457471357756622,0.4074116334672186,-2.400569232554127,-0.8383900638454127,2.2499922411454545,-0.6622054482899481,-0.933360486880054,1.0951224043257288,-2.529628400508484,0.2764406426205452
0.3008881111623068,-1.1249738831432896,0.3306040934515716,-2.169251722849312,-2.3110341627641837,0.7616708794439196,-0.4350665380117618,2.0087952007870133,-4.674095141640862,1.1876185320131658,-4.0842149718760705,-1.088586133337264,-7.73029356668067,-1.078780249162077,-1.6159281868318685,-0.49241457020792484,-1.3945027297479924,-3.4580730981240295,0.17763066141843287,2.0351999978952717,2.2322200582424,0.3170783969419997,-1.4383690920729426,-1.371047534156104,0.5159856392711988
-0.9882684905691113,0.6102013781685919,-1.6711768979493733,-0.9578248887371257,-2.5843988674574305,-0.04344364658354566,-0.7256188793795173,1.9606764740981766,-2.5273420526781982,-0.3784333576251627,-3.4187375908006286,-2.2308374102552357,-4.173747838735868,0.2574928490535031,-2.2154711442881188,-1.272718825360905,-0.1233105692864761,-3.049278641280657,-0.6775015713972511,2.535084730014629,1.118997583088173,0.03655750224262444,-1.5526698936023946,0.07679334256955672,0.15073494347668567
-0.9261755726578506,1.8807324159055037,-1.9781720020127438,-0.33268670983429743,-1.8983148524024103,-0.45414786197370866,-0.45142128521741554,1.429777179487276,-1.4117919626457125,-0.19566283903336987,-3.4527951499469087,-1.4797086088102311,-1.6798208528618328,0.7909568483634777,-2.337721130772599,-0.4800196014707136,-0.635054677841716,-3.6275269349960215,-0.8914026767113927,3.10785492013895,-0.9186966942913831,0.199102238548595,-2.29750479160018,1.7896752811178256,-0.20029906720882945
-1.9811143854441653,2.928117419397615,-2.175216396487813,0.5786317188462,-2.279041171915901,-0.7571247008239648,-0.9414333893320548,0.18586448990316218,-0.9099205252432311,-0.6673408969166583,-3.4376625221551946,0.46937646640579667,-1.6101199460729945,-0.14866514786547275,-1.6152857274676036,-0.41262639193321204,-2.0617664575636123,-2.8016730027571475,-1.5766484627850574,2.733196326391573,-2.01823604515826,0.5027366766494761,-3.7562135386268833,2.582190840607873,-0.5077994134603415
-2.155978020898625,3.709073514823899,-2.0248484271371967,1.4372766608662044,-1.8432998309895954,-1.679065573805888,-1.595274522982708,-1.1972896634300771,0.0640801875625172,-0.4414358191242521,-2.9274740428115966,0.7601039020588687,-0.3159499500562124,-0.8058497200736447,-1.5141583759898483,-0.3987416162058146,-3.4643345063153856,-0.6873103330398934,-1.8264808580545062,2.5751849066705437,-2.519914148239866,1.4150264457954684,-3.340943239623739,3.0227045089239533,-0.5072396254791416
-1.987433431392552,4.22772552803952,-0.8743122720458117,2.176776893197434,0.11471539268035766,-1.6522729238337828,-2.7116651674227077,-1.7213444991439855,0.8452761830509219,0.031669634080634,-2.738860301405698,1.291383487351145,0.7031633875318843,-0.8001884776195671,-1.6263776424416763,-0.3410602345551713,-3.0034752274210597,1.0224183782008933,-1.9901423819972224,2.4230025101386667,-3.2848879528278085,2.1437024260409046,-2.410087317847327,3.2527750085014597,-0.09900769812091374
-2.660980389263623,3.836028192415771,-0.29200004946716507,2.9474634674377778,-0.18684836444432262,-0.4488769211829881,-2.262266549863115,-3.2541539769549352,0.9616646865131563,-0.4564094970714725,-2.381254915203179,0.8890921986654279,2.2113299722539264,-0.24381318330308374,-1.7574366191964519,0.008807081037059395,-2.529148965069966,1.3680285935547383,-2.686242111929461,2.431847671702191,-2.903527391467492,2.2334870060196015,-1.0875711227636131,2.601701908894288,0.06141915615231679
-1.8977929180717317,3.325891787334768,-0.11924025125305857,3.290395980448764,-1.5510985887890603,-0.19024357277029053,-2.0612817003406367,-4.47557563656914,0.6674043590897888,-1.081387931734685,-2.464930600835101,0.9154648203241098,2.5099962383527012,-1.0998054190083677,-1.2142508230807942,-0.11352948586507183,-3.2367184658415447,2.599189653922415,-3.403715913777734,2.5766830096027658,-3.4651865286467185,1.9349427709448634,-0.14436485716213565,2.1202282525627,0.19941267016623282
-0.279061822746187,3.6124950536503007,0.34018076501087374,3.401922872996396,-1.0328591173157136,-0.6584764023569065,-2.0899806025591765,-4.371751605719371,-0.12188692948733976,-1.6862131347430114,-2.4401639397316357,1.326745272131382,2.8990816037457607,-1.0529957397734862,-1.5524207722749155,0.7525094963285309,-3.7629225626825806,2.8616256910671165,-3.5137058670448704,2.2474469301604616,-4.312034063286089,1.7787649097926765,0.4678585962582156,1.0027661260652885,-0.4173948906419993
-0.40682713467927284,2.8067375500633824,1.464782065097895,2.887185947626441,0.2659032289347169,-1.5528594758019687,-1.6665607947461951,-4.686210643828609,-0.08594135420317561,-2.659242547906332,-1.9962341990228543,1.0169245552802608,2.3937608105039754,-0.9385000611472938,-1.8855913320728768,0.8453914430866557,-2.9488010089644683,4.592323977488478,-2.83653618489432,2.0146088321661333,-3.4262593635502236,2.2980812677662206,1.7195382356919906,0.09065702572584955,-0.6056636806176068
-0.30509223580093975,1.7637692676589976,2.4930668208951623,2.7745166749633787,0.37359701618803276,-0.6958937495601943,-0.8502394454685305,-4.39821957530787,-1.0052758541284599,-2.8523679810725784,-1.3576756885197594,0.6298504238561242,2.323682266343446,-0.5688237197419065,-2.2130240786797724,0.25485853064103114,-0.12079535374073178,4.63006472711065,-2.5719266964293386,1.274738176680322,-2.387936455909143,1.3915469021081266,3.2007793126833928,-0.43118877623025986,0.37814554875320056
0.370993439176541,0.651556253032043,2.4416373404360017,1.656309514208062,-0.8584287377640633,0.7730489212246356,-0.6604547562480108,-4.36560117195254,-1.616464841245499,-3.060677748943167,-0.6273933749915381,0.06560481783303906,1.0628612784046794,-0.8219804768527409,-2.4450347565785187,-0.49576784204057683,1.6912426821348707,3.1043057856801255,-2.504126187259127,0.2187493675948428,-1.2675629815465306,0.5208882866717487,3.3835914927367927,-1.6279066417761654,1.2809703075266357
1.7449718774409633,0.01819096859437564,1.9961875858693903,-0.02733598412899574,-1.0451231196623156,2.205390687905365,-0.33834430575496394,-3.500382103610407,-2.0045346786009137,-3.003240193255434,-0.006524550326909306,-1.060470927909044,0.4196689461977405,-0.35517098775832656,-2.1437151306733986,-0.44797821965943996,2.0491060444796307,1.4890242727598073,-1.4802951883855155,-0.08851375777659416,-0.6204112340693372,-0.5458328260872771,3.4798360129822994,-1.4600306005748966,1.6979810339958115
1.9218042410634015,-0.3351771213645288,0.7098165791440044,-1.775908279731671,-0.4509141046001933,2.371276510382282,0.33956639177512493,-2.967851530119518,-1.5210022212428116,-2.0524796468409634,-0.0840402201983031,-0.5694584851208916,-0.012783503914349962,0.07190878455878541,-1.5530387659840792,-0.10217134427377345,2.4836981854389015,0.3541319457562101,-0.606507588310166,-0.34927130034397436,-0.06951055705122614,-1.5297116549116847,3.185157694111299,-0.7812306908434683,0.7340957914714741
2.021113590960478,0.10546804928870973,0.00577439126420057,-3.274347183214754,0.5925063165370349,3.5465860811302328,1.1426700872983426,-0.33423553519149485,-3.149065761083409,3.1289967430132957,-2.5999509507528447,2.247040491655163,-4.8151420492032955,-1.1166797359836498,-1.0588339495431138,0.24065725437717894,0.6801600388331652,-2.075667079316625,0.7301062136912055,-0.0005553879209134697,-0.09964503848049645,-1.1082967431498785,1.8720734700832096,0.5676731086808072,0.853323004849283
0.11987058212124818,0.35059132761661116,-1.1492449513937086,-2.6374410985314243,-3.1503972357316696,3.2909180924824852,-0.6441756116814601,1.5192788725591826,-4.086050258223535,4.61417980925144,-3.1606036433317644,0.894562853969493,-6.469606527696493,-1.7928699877969503,-2.883854013863763,-1.1998288699737503,-3.1273728520093274,-4.0921772018800775,1.1907758738613483,0.810237507651,1.9854035972286803,1.7618639457211818,-1.2661985009066483,2.536002818733383,1.4350428354017843
-1.0390986180898973,1.8230315119512026,-3.485530984239566,-0.9500249745059726,-4.753698634749995,1.1415748532484338,-2.1044375600345284,2.9749605343423307,-1.888375627265287,2.5184690926551614,-2.776856193521236,0.7049478064572648,-4.166074010007061,-2.0343849041126223,-3.8425637927365957,-2.1670135120218172,-4.0955487190484225,-3.508692791379194,0.6937427086425138,0.7896554790486744,-0.24001528374220946,2.692730833750356,-3.410157872764054,3.7262343915037657,0.019376894231398586
-2.288434724295351,3.7966392748989892,-3.727637471307141,1.2505051541481365,-3.5145138709299806,0.657471889033606,-2.336473934604716,1.7561006319522487,-0.653712774017613,1.3417160642250086,-1.9075403517211873,0.7529857226701364,-0.811043814629766,-1.2422894415108579,-4.161544841590376,-1.5260645988928598,-3.947026736293223,-1.111824504479399,0.34036409597283274,1.454261911291633,-2.301585295899837,3.3958872141212924,-4.083888739014535,3.4049813624671526,-0.8159976465132925
-2.56319705489392,5.1724959279834914,-3.2233470632247556,2.371146939488402,-3.1607097718898816,0.13409070654372954,-2.5559612439039023,-0.7369754831480264,-0.4479424082683887,0.408900531404192,-1.2163724315719107,0.9048512624288092,0.4712142482193056,-0.5027048051974329,-3.6691300131347235,-0.6088996291310526,-2.9620614940031884,1.9588078756642708,0.17917598815484115,2.1858669951198895,-3.018016801063485,3.0786813969198943,-3.1675293367944546,2.7017847979258613,-1.2562179804590983
-2.065880591730364,5.470917901415959,-1.8051201803585708,2.6968119447630077,-2.598906514677881,0.4172867964120336,-1.8163915626539306,-2.228872437239974,1.170228113712961,-0.16127715182436098,-0.9256557884441728,0.8792477596024503,1.0477499907307188,-0.3809351531629325,-3.73803941755161,0.7447001609403224,-2.2508212943764963,4.048439990061741,0.042814044457157335,2.5279906452971592,-3.2367843558597245,3.5585579810790247,-2.0712943702184505,1.9525449756833406,-0.6374340571892454
-1.955376382634938,4.931612316933102,-0.9837957096253318,2.152422083402684,-2.334493772326608,0.8811084223212969,-1.3246279775913654,-2.7891879873337055,0.8857553133987222,-0.11099972400177287,-0.9617331317953491,1.2533858267045996,1.576555119703235,-0.17633715106863626,-3.3767616274104046,0.7274484816476798,-0.6324182900812327,4.70016686725057,0.13839435026867383,3.0424279937533525,-3.338250933773374,3.6736092166643926,-1.1123430898992936,1.8089943910785964,-0.24194134156271507
-0.8007835260385068,4.515094918009052,-0.06469050434204193,0.8883091929005659,-2.9934790425598052,1.4528230833781381,-0.9276923112377746,-2.600905483864742,0.8022971510316561,0.2708364890010054,-0.9597793957539519,1.4999071947352716,1.0433735988336672,-0.49738381893844913,-3.1798648552241113,0.352342594760893,-0.01742692415935719,4.602933365385393,-0.19705719496645902,2.731875961754287,-3.237003752555056,4.056431676743052,-0.6936017993278054,1.4289149779642958,-0.32670247552823783
0.02057259996599101,4.157843058606398,0.04881889100651743,-0.16835493295482562,-3.7705991994447934,2.244716619456923,-0.9472558651140642,-1.3334382416267463,0.8964216552886095,0.4517903331129437,-0.3700939555419519,1.1453062707146353,0.700633681514103,-1.1614476061682937,-2.8213628376845072,0.2462020031376766,-0.3233136813543552,4.187227959212886,0.4238686744432332,1.5796275477176807,-2.4032296551830195,3.651999685983188,-0.6258369196273075,1.1133590814296594,-0.551580979991037
-0.804717424959914,3.4581282214149986,-0.06605380932464089,-0.4241235772364538,-3.37941641736814,2.8413863185179205,-1.228936685149678,-0.21709509926796247,1.729280821237342,0.045597697037787044,-0.21642778934385537,1.0137708760925985,1.3803061618077475,-1.5405923096237861,-2.4193875653524604,0.3222352993219129,-0.8635539603000427,2.973931140276634,0.972711497688747,1.2978878793342967,-2.2192749523635036,3.077179067380431,-0.5844656150982663,0.27966512352998957,-0.6785716790368052
-0.2487662710946283,3.758629221140868,-0.297971468136165,-0.8619605489564671,-2.576870877372027,1.7665078551003488,-1.068925170474275,0.3364545184079484,1.8426455124010015,-1.1058979820162473,0.5888965796732305,1.3554227702707076,2.2930446333650942,-2.145280637391179,-2.097103153070969,0.32776108774948143,0.24371771062441294,2.893741455387603,1.0684502037498285,0.9471544692719676,-1.7731496755679512,2.3742732914041498,-0.9184397868808261,0.2518103983098665,-0.7514515227779816
0.3278309971191603,2.6441035928294925,0.46445206942843803,-1.0327123969909295,-1.8934320597326457,1.7601786004103803,-0.45698822828936214,-0.9563184119083917,2.4178437974350637,-1.6893258950644623,0.8642631944407291,1.4550044393637929,2.131803062630398,-1.4903715146652037,-1.2205976612098477,0.45239369654241324,1.7512861029701763,2.342358506672815,1.082576983885311,0.7725132859158277,-1.201906963924475,1.928991362155051,-0.0015599264534196106,-0.24439951576724706,-0.3795943391437218
1.1869097537488973,1.5675037214620247,0.2988430551124842,-1.5067345882591356,-1.9237951603233896,2.274191715416426,0.4903402778321152,-0.6686116385644191,1.7025360256358635,-1.5839876442733938,1.0444533670916156,2.147367542614318,1.5793489781458079,-0.8388023548001122,-0.19752554476222117,0.3845726117144053,2.9853725704031207,1.5327676582926208,0.6586609997079893,0.8612297522046508,-0.5226075384735764,1.3737599525387292,0.5135071126697582,-0.44814766046478405,-0.482073895942176
2.846451618195771,0.4672103088535166,0.3307679665721794,-2.134220830850829,-2.2616342348824077,2.4507875296847836,1.0905054298175088,0.9843419072418942,1.2835265028969782,-0.4567252564652934,0.22805986946774867,3.080832180113993,0.584402163914926,-0.6550865988601102,0.7677400937798841,1.7841426987349442,2.1461800155118262,0.1978518573209324,0.8706090117835237,1.097647167848858,0.032895580142042025,0.586006826862255,0.7904939490470807,-0.4262204621207146,-0.3584641462246305
3.268233094998413,-0.06313890282360736,0.006148625804856823,-2.928751926989649,-2.802477062322284,3.320026181360769,0.8137031526928882,3.221777331258631,0.4215746307818513,3.1593232964243536,-0.6490268017460201,5.043723516664723,-2.371722626701642,-1.750297470010847,0.830864638789523,2.0003770475219613,-2.498730416312616,-2.1864444798789973,-0.19110939337376898,1.2231949753524913,-0.5750777812555015,0.8940202783707364,-0.8418024313851811,0.7302575677612891,-0.005046618592918217
6.593187606291624,-0.7192888706745558,1.6647051171831402,-2.874612931690112,0.28858684544857327,-0.3093801664547953,-2.5473415999963187,4.893274261127669,-0.2596731111903176,1.6382171007103756,-0.43724775580068076,4.453140837278166,-0.5966220727479707,-0.4340500128026735,1.3386465007154578,3.890477518077639,-2.7763245765987303,-1.8606102678180623,-1.1161892269141926,2.4799041595098017,-1.5654098353982604,0.5652112130111534,-2.599464947872064,-0.23817626696084518,-0.6828457607221259
3.7444533800861985,-1.8113216289355742,2.7782908665615893,-2.0080966915738907,1.6311405936869041,-1.454118305578347,-3.1438240176172796,4.151097036050989,0.6100676139771014,-0.08006277486208854,-1.6444872766464913,4.614906315720201,0.5583965224893368,1.3911883595584356,1.6254775959580874,3.945211070845075,-2.1073312335196195,-1.3803808524635308,-0.6122741011850992,2.506039617659462,0.5440694453553422,0.21394489927736549,-3.1084549336658704,0.629377279419862,-1.298024389141294
0.2953485617239992,-1.53345112032915,2.0591860912699667,-0.4611310970242829,1.3782617258791483,-1.287023080114527,-2.0694971033967624,2.255865740663674,1.2233656580012655,-0.6569380526939471,-1.5921643469132147,4.807327707466812,1.259403506995856,0.6763446816053922,1.5403189748595512,2.788376902554968,-0.9613460077436015,-0.6228308008726923,-2.3450430521753036,0.9240586279755325,1.1939231720540366,-0.5188564222024429,-2.2801868348267793,1.3978943254758613,-0.9288133695371846
-0.4527488130244922,-1.595478293023767,1.443464750520095,1.5835430218461966,0.6425424584674657,-0.7215892600452639,-1.4237353308035356,0.7268014230788434,1.3659087320354466,-1.089681898738782,-1.7688188220832297,4.444944497518164,1.0275849834222146,-0.4722390269982988,0.8305787078550815,1.7402625947681167,-1.1543326364753868,-0.22370912406644147,-3.440402517611181,0.0074969294937309895,0.8881015289697481,-0.7202160867442418,-1.1187035754188688,1.7060224909395065,-0.6434602416764338
-0.37252818770099405,-1.1156824330457846,0.9821828003216175,2.4426727936287396,0.9892681986268339,-0.8024112319223891,-1.401430905983214,-0.30594908614952243,0.5977386770727375,-1.8372742597392842,-1.1175405117711703,3.971416030229711,0.2493984011885234,-1.5880635903681275,0.22850799938225222,1.1541967223015952,-0.8403026541693346,1.0936699835861126,-4.0938745997107695,0.012241481575291202,0.32882523424010784,0.20357671262017552,-0.17688974588292888,0.9645182127074446,0.36918949559083897
-0.7937705022312944,-1.6124180689762366,1.0955052533850187,2.41859118630789,0.6862315901852691,-0.49102011752107166,-1.531114006274122,-0.3379829181819649,0.5877915553102023,-1.1557333272429064,-1.2251219190638012,2.6369549629910667,-0.2380949165090716,-1.4501342593207298,-0.6550766648789478,0.9770707099104438,-0.1708579338509966,0.7876957044729371,-3.8474374452347684,0.5696474360868651,-0.5083818279273999,0.5223890508402864,0.9652037105640758,0.516976468305589,1.1874265204846404
0.2897484981503115,-1.8308868558068871,0.9272345548996702,1.7012412477252121,0.3576144272962139,-0.1331534270366359,-1.3234990541419058,-0.44674874986397595,-0.35880461253687274,-1.3246760526232566,-1.4201639904310104,1.3746851446625643,-0.08325960300140155,-1.932341673603106,-0.49618461678666637,0.4420742821581773,1.1837624660604973,0.9125843886888556,-3.4720281715912384,0.8591733548938486,-0.8706484715613315,-0.6758203745293085,0.7813326842989835,0.4850980476196964,1.2638506811457244
0.28697233828037916,-1.4032343393786633,0.3845607332748736,1.2319938242051305,0.08475610307186557,-0.6390011323874375,-1.8708443460954818,0.21018987478886753,-0.8073832400197665,-0.9611285744458905,-0.845215452522391,0.8902430776911191,-0.06617758946499888,-1.2072763688854202,-0.5702444064546847,1.1666600705549885,1.5877180895077805,0.13953352766200214,-3.307743582680877,1.1708249329567142,-0.7577655831068775,-1.041592379652777,0.49596179722149847,-0.27792583511388486,0.9336823866968733
0.30041087447534975,-1.285714057491533,1.0824468457059757,0.24001891832131117,0.9935616296575909,-0.7685599663725966,-1.1892158217396895,0.0361604043922068,-0.7033422002488358,-1.680154122687761,-0.5537970201257524,0.6774060286792054,0.7683528221977906,-0.8052920506080359,-0.7293652062210674,1.3227145755769918,1.736638844915601,0.2935745981833089,-2.6375235067969958,1.301283988187233,-1.4932378384948082,-0.784817419368062,0.33836509653523733,-0.30836119540191725,0.5649000674764524
0.17582773435343504,-1.2209711473710505,0.8613969557802157,-0.04078648099466913,0.9105932579343106,-0.5459928887712565,-0.7482771229345315,0.20070971112920205,-0.49647878796155875,-2.1564251475493155,-0.2861490935208896,0.7569944490533687,0.5299590793217129,-0.5082362453758855,0.008482833290806041,1.4012854621595494,2.1178340999275393,0.836468228771285,-2.0152576921916627,1.2229117540067767,-1.3166431713246054,-1.0944990677999373,0.6132791402096756,-0.4038821133470099,0.7122702391495247
1.1445072410600257,-1.5972303636944678,1.0360575695785708,-1.1666793508743605,1.0379201152897783,0.035973584663467284,-0.8205529161659247,0.12994425752059463,0.002863365339122015,-2.6483142185650035,0.3729591364935875,0.29779560587417664,0.02906599302871557,-0.15419825196169037,0.4855504192100203,1.670056971791813,2.578773965780267,1.2607900240087933,-1.423523658650131,1.4696233790505637,-1.042373416531249,-1.262415673045195,0.8513455559683418,-0.4255160245281921,0.6748573499950274
1.7861285793082602,-2.0582144299759144,1.880240161731807,-2.393053009490079,1.8182588374906654,0.3267031193527097,-0.6836933729506239,0.5242693912954226,0.030806685045000688,-2.5939092307473253,0.18978409756096065,0.30123730383807273,0.6623810347039449,0.8716605297140706,0.3255349556106447,2.165199144716395,2.9525485733614545,0.6231974778752543,-0.7403813157929434,1.1663291263289997,0.14313652091078913,-1.9909572270514742,0.2082537139982569,-0.8861554184440961,0.4114853422983158
0.23252689060778725,-2.045323364524982,1.4033420908039105,-2.6697228008408143,1.7246389300941294,0.5048531108357578,-0.9374972176576648,0.17570110008102963,0.40630340501930495,-2.6872594515725776,0.11564714916182968,0.754309432658292,0.8747357869274235,1.4366404970223525,0.6926910831249433,1.5229553152947264,3.29828777198463,0.016669017746940865,-0.6410362284608211,0.17119864950713187,1.0833146292674118,-2.450642428456455,0.08428798254869323,0.2612989058143716,0.5454641943989285
-1.0291599239855465,-1.8200218270958763,0.751326270183984,-2.678474281045496,1.354138798745855,0.5997098010229978,-0.6615013702167307,-0.926629611735346,0.6735538171409435,-1.9942036932526734,0.1636349989588349,1.5518954562491112,0.57583966486555,1.1045508910328603,0.7517891912544107,1.3321123645503121,2.7081204339859952,-1.6325822170886466,-1.3178449622949684,-0.5424797762846572,1.4637300969326843,-2.452128261969656,-0.4081045315774433,1.279707737599169,0.7747574405601712
-0.9221620848547375,-1.4742128428967605,-0.07458060957358721,-1.999787146702574,0.7953852871691507,0.30953687919152884,-0.06927478666372527,-0.7863586872144449,0.5346708750154944,-1.276649560467499,-0.047463999243978705,2.535748085750379,-0.43042019253395636,0.22301935753402388,0.6280883898533138,0.6020639674177056,1.8240954075169558,-2.4679926075851175,-2.037271095753691,-0.3072226377181035,0.4090266903943082,-1.9389175540892924,-0.7064294732117038,2.237959221887955,0.18890248173966623
-0.8523404164189813,-1.5539510291819432,-0.9164076438557489,-1.2511850518618837,-0.4090891620456129,0.8688204756832929,0.9936523567091186,0.06885602426652473,-0.4228812533445136,0.5547811301893226,-1.1065124850799974,3.314045257418429,-1.8820933814970384,-0.23628022240280214,1.1671350987584619,0.0885580252814352,-0.0020286977159644504,-3.3408279064345003,-2.455539889646385,0.8405026066863593,-1.0779367239710314,-0.6844616457403387,-0.8504589613526963,2.532158988565412,-0.587860234970428
-0.8007693127781375,-0.8439276647638001,-1.7286360940873975,-0.10067561485756832,-1.1199821505764698,-0.5608803755477141,-0.48161014492157367,0.744404378163176,-0.6680642265761594,-0.3956230450008631,-0.8206811882848204,2.820487530015881,-2.8165483909508704,-1.3961249892990937,0.4450661084740116,-0.7790428852331892,-3.146347193312019,-3.499416727996762,-1.7693001215766144,1.4164440966214409,-2.6367610679065807,0.3882871327030088,-2.4648210719581085,2.4052517194735823,-1.2069553158269153
-0.5832474184269729,0.5187130776755066,-1.5945807732516977,1.0257702163672608,-0.5220653589910722,-2.394279505410243,-0.07339706080206279,-0.38498754438351124,0.6804165023791677,-0.8373649670051573,-0.6137616212541126,1.4266849197019376,-1.300050307048655,-0.5487182470165337,-0.6786678721723045,-0.05369955350417956,-2.241584489177612,-0.2375075423025702,-1.0227975385774768,1.7658155520425007,-2.4512911492914373,1.204184296855135,-2.4958368327814213,1.355008917768846,-1.1707108567554911
-0.8673622854096731,1.3627367271275235,-0.8550367298933031,1.6400773334895595,-0.07064542264724183,-1.0239398470496006,0.11389494469977984,-1.2939468034067765,1.0683687022583281,-1.0643904866826432,-0.6823797297933598,1.108011756288687,0.17920199931819958,-0.09628382941246655,-0.3401108946778137,-0.05326417495628477,-0.28309016559330735,0.8555171074030037,-1.203832655360449,2.748591795377769,-2.8747208792926497,1.6572565190585449,-1.2939722570008894,1.3387854880927401,-0.7046917152558595
-0.8871537338193629,1.482615920956547,-0.8468772083365188,0.5453804064203758,-1.2418072515770402,-0.7960697345576688,0.5993416784008234,-1.9142819638024335,0.9991356739194902,-0.17645196789013148,-1.399346313047254,1.9598850046069598,0.7935964538258931,0.09625721290177448,-0.5811471859204878,0.3614142997128338,-0.06723966536887427,0.6475012973563373,-1.4127207467139518,2.9660133862735147,-3.3852435138771493,1.9629402875551227,-0.8837753378889873,1.5908916528418642,-0.3603942101695732
-0.4968886569323012,1.7289349604962143,-0.6338255600983822,0.3161123162155456,-1.8667118080635399,-0.02433589900335889,-0.008472361191276007,-1.151255583695581,0.8302719446012784,0.34035792826654376,-1.253369407632491,2.727430848872438,0.052106284557452476,-1.0173885878654012,-0.2345027088981349,-0.26151553662750304,-2.574417866693184,0.7640355079237133,-1.4627351804841968,2.4169156406572267,-4.261077751273082,2.20931355087499,-1.7561552186743616,1.3846342053935283,-1.0745511493276882
0.7874936149205097,1.3299685636839702,-0.2529880661219099,0.5757208727494846,-2.213088253455606,-0.5506610487011392,-0.31278931707730734,-1.0639780254263975,1.0342863924237022,-0.16876449741774566,-0.600751567766043,1.5409455286711977,0.6141996016430016,-1.9684037738678193,-0.8374865425206366,0.5852343074720067,-3.394193989671619,1.8111830903226798,-1.228623523013659,2.2133181548096736,-4.54558388815101,2.4081701722398714,-1.4878715942700558,1.3237106742007223,-1.4126045749024037
1.467979958747524,1.2775183209840237,-0.40784821167733915,0.6752328520023627,-0.7203494972116983,-1.7844464998363803,-1.05040196479893,-0.3003710309079367,0.5568900726443731,-1.4018714241873171,-0.32331338461555836,1.3346670067853363,1.9009741317350068,-1.1864414092068736,-0.2229755157183667,0.9678975590550253,-2.3041187236389873,2.396944623655988,-1.0926001016735507,2.467198560961239,-4.983993554106812,1.7772681649813036,-0.22555403081303987,0.6080784188267807,-1.044922683980164
2.811624725516864,0.45996391548467974,0.7212275857574024,-0.013463991695182469,2.175796366415362,-3.025063579903937,-1.252341914905532,-0.7564399458110326,0.3298514339809483,-1.5563527118819072,-0.9578688922850184,1.0027051146735715,2.2626522343901807,-0.871733754768474,0.32469922951422053,1.6332549004874963,-1.0952208213637653,2.4304327872132236,-0.5206544294370533,2.6206944335723317,-4.946431268319821,1.7592046160399935,0.7592261408972211,0.1606117111265613,-0.7824229506453908
2.4145431036985343,-0.46643426478840083,2.526812774016539,-0.2168115847231442,2.1440776061616447,-3.353171706920659,-0.37832766303452614,-0.6102668140222813,-0.1093979387014935,-1.3098318049089257,-1.0347682777905938,1.0677053023454506,2.3110123346756337,-0.10671628136763534,0.8186302683333653,1.7494470886235336,1.19516132098864,2.369278872745215,-0.7133555718522876,2.4956565681084393,-3.12147537045202,0.7462818269020456,0.9272814202260864,0.35495510347430476,-0.5204883267326839
0.49229205859633474,-0.7184029077145605,2.8351034052709556,-0.3824374007390271,1.73945072831654,-2.6621720482599107,0.0788075281875006,-0.35169853684684566,-0.5025061982781435,-1.0716980356634516,-1.3039214691315295,1.3384700510800214,1.6598398545441255,-0.22397197227984378,0.6649169525321664,1.697448667444206,2.4798186742388637,0.7962836705994055,-1.094144754894984,1.6008154052692354,-1.906947642917969,0.091636238814744,0.6622398414007474,0.18255703821800043,0.14746146497839752
-1.5060826255588353,-0.9753886910685943,2.2522037008651297,0.042988889270932584,0.731674133246791,-1.8622689116015183,0.21749298709596923,-0.14201778197958312,-0.2383273924862998,-1.0699348169447753,-1.4187808882205697,0.3522458182380507,0.8537286125678767,-0.8749613512216041,0.34985074264972377,0.49930808446329716,2.964154033676115,0.39169516318667263,-1.6449304641256959,1.4901691523480505,-1.2385525682611558,-0.16915770117367399,0.140036107501939,0.5586769669813675,0.39118033010218156
-1.7590124246716092,-0.8800853315571886,1.2081830002128464,0.9200627330419365,-0.2300223040048344,-1.792758389290481,0.7216997983676939,-0.631019695255296,0.42345812391433396,-1.58614167021248,-0.7236708359075616,-0.27969025654768237,0.1061936225123213,-0.9384443177808227,-0.4520057126431185,0.38771195144094744,2.783832186698662,-0.09226125505099762,-1.6301952197661782,1.3863389696208617,-0.9412829533365505,-0.648128493902792,0.06299557509835854,-0.06873250757205088,0.6904080615134424
-1.4392128192691414,-0.5500302575623086,0.17881673157919895,1.3667297270308336,-0.3096401138065974,-1.4317270653961556,0.9979292982018166,-1.2338006251171547,-0.07950068764859217,-2.4905371149506714,0.00822576604156694,-0.30643945929127553,-0.2599339816737288,-0.766988876343485,-0.22705930482816739,0.25317367551394976,2.806593534420955,0.2760108066795678,-2.1200178134564336,1.8882571903739804,-1.3943360194668022,-0.3247247182769064,0.3982146164715631,-0.5756143444423039,-0.07259279908093208
-0.7020458462549287,-1.0536022506408254,0.24145648795762018,1.0511314494122688,-0.03881349225876826,-1.213462833336445,1.0352207111792255,-1.9620593723224136,-0.7810844854154226,-2.144363975630078,0.5859530460638095,0.10463363185783953,-0.8443927345556284,-0.13520154620451375,-0.33095850309457675,0.4138370426245482,3.682787675465036,0.6854579907204996,-2.1027546846392156,2.591464462513381,-2.857599544310884,0.14382013769585394,0.9538941920280652,-1.3768769105374326,-0.7039498770792889
0.5130747975922318,-1.5537777294032549,0.43254650528256355,0.20365664550798568,-0.08809326084573965,-1.5947821876782224,2.2098946208267645,-1.7067276081939367,-1.4252668037789749,-2.5378979232009677,0.08148337483960844,-0.029122161676385705,-1.8410721880866858,-0.2884529000059569,-0.11954031737146043,1.3455083290156145,3.8399436373248323,1.4266752321840626,-1.1096443518117214,3.5596102648800203,-2.7455624089410584,-0.18501626869235654,1.3304663590803922,-2.8455338790996803,-0.25144193376706037
2.4227926987248987,-0.6167555911384281,2.4395639417258614,-2.6522996804949033,2.812954320403561,2.026875582567596,3.627651914242083,0.2277998520552319,-3.42006169914203,1.4954005238698675,-3.131265962978424,-0.5003173308312057,-5.859119940905119,-0.7907289770346115,0.23510789607200985,0.9286048372904467,2.5923663258561582,0.8980736787453668,0.0005274554017226929,2.5302897237135276,-2.3385665757801806,-1.4938986450679903,1.1746557489101548,-4.586790060996229,1.1591526262215541
2.0007768553656176,-1.7213241979482965,2.5820853779767114,-3.3957276466189463,-0.029692238783149305,0.6182554431548356,1.5912929227812944,1.0414526713490226,-2.235159050924228,-1.3250772480592556,-2.4916054837239336,-3.237515608592254,-6.618782645248447,-0.7713366317214689,-1.5360430668541376,1.0061851869578144,3.312158790231454,0.47364423088212737,1.7642316277291634,2.845795671897949,1.109773028533151,-1.3449458819557363,0.26164795591030104,-3.8067237195064227,2.9181436040830873
1.095773894135069,-0.9263051089105075,2.3568530188574845,-3.6595395903511694,0.256140165682192,0.9650116057065241,1.2228594557815615,2.363426023266184,-1.4360468840919298,-2.759729696630842,-1.9500516670985217,-4.621181309404516,-4.26816214923803,0.8723400274985356,-1.2331346621754102,0.11985875068635354,5.252712685263466,0.535237667749037,2.4283835552733435,2.17377072310602,2.5486474406696735,-1.9035167350587583,-1.0060019716993533,-2.242877769077846,2.263845634963867
-0.9921864742407815,-0.0864026528918939,1.0627436306780014,-4.792537316594321,0.015625680889686078,1.6132724570122947,1.103195652889104,1.8848056780596636,-0.018325045748328966,-2.121684131896263,-1.7850758123764574,-4.628476753168449,-3.2995232432118806,1.388990049939527,-1.850873584246406,-0.528823955965337,5.651699556516173,-0.42866038948547003,2.593969891270415,0.928507436723642,3.561409943468084,-2.121856091326318,-0.4057924264864442,-0.6825931799433809,2.7002570909608172
-1.2619095538569334,1.0555146227107892,-0.9211270818780146,-4.497170006807181,-0.8045608265287698,2.179860774390005,0.5612039837107027,1.7051052853122797,-0.012733846964649714,-2.0642948678052058,-1.3113959244388464,-4.526865278356394,-3.257809434140882,0.6496130719740651,-2.055730831121459,-1.6957026810524032,5.10918760913102,-0.8293340787589043,2.9149180126739194,-0.14613781111856738,4.024891915672596,-2.355927861154072,-1.4304181054025444,0.49052788420581644,2.5572649063563864
-1.7042668513335917,1.6336734907629786,-1.8197572557376471,-4.7259226091146225,-1.0643761733384405,2.3628517071064667,-0.32410632532889794,1.2524690338129996,0.4608897142162178,-1.713612748172684,-0.4240167516623392,-4.7062190353694735,-2.3960623090264535,0.3499273376418771,-2.627217894773045,-1.8325411382257608,3.520355383051804,-1.38020304532263,3.502112258062935,-1.0131854755783296,2.431116537624003,-2.0693071862270234,-1.74152182048606,1.220998085026068,2.857686861188876
-1.574362491564843,2.679855067340517,-2.615030174248809,-3.768873508896207,-0.360295695805198,2.6034396432638744,-0.7744748013838727,1.086568366285411,0.3237860532136842,-2.256016790587128,0.8345120832337427,-4.458079235019818,-0.19715620754922528,0.8024563533711464,-2.2750393358684344,-2.606333364824053,2.624347624579916,-0.8781891029156816,4.661073496778049,-0.6783737203456884,1.4049565384098583,-1.8354828164972226,-2.53183119976965,1.2319421727657371,2.5560656922379463
-1.9502090695182188,3.794050680626301,-2.3694368593976325,-3.4703380447504535,-0.4838221071167072,1.702652930594097,-0.3073556916654088,-0.821904785897053,1.275950939036689,-1.5671237613343008,2.267028377240185,-3.996794836557438,0.9599297978572793,1.6889227049199715,-1.2810279748452744,-2.402746904867511,2.6184923542963006,0.32813194447548083,4.477730739233439,-1.5209681056303046,0.5463812113830238,-1.6670728619335309,-2.491571352967129,1.785052778035377,2.208448812152975
-1.3766106549930224,3.7365130259813477,-1.544802858183639,-2.4133786809969298,-0.9814946411264769,1.6174669776556272,0.5679215067747488,-1.8575030874531266,2.2703482408901903,-1.6098977270651789,3.28295889358511,-3.721393686341245,1.1203964697297044,1.8933677000466005,-0.35398349981565597,-2.078387582067641,2.419695873193047,0.8886709223389906,4.729089582371356,-1.5415528828997465,0.39474103870183835,-1.8632779282621361,-1.6287108757785547,1.8123634550475989,1.228411053445234
-0.6006636838827196,3.155760653037687,-1.1494347700063823,-1.848653055318124,-1.058712704780766,1.6760895114923549,0.915362712271731,-2.837425705041758,3.1490699554316173,-1.1541477842255006,3.5446403894819163,-3.3557469046450326,1.3663229192703956,1.6185291038040286,0.3018492928849409,-1.7652150045010415,1.864331175428394,1.1994503991716026,4.867895385953631,-1.9178607912646326,0.9665406281811801,-1.4594862446143848,-0.9113206995848101,1.1228733883269235,0.5970979644041677
-0.4257208774217035,2.2757355629067066,-0.6659518308334458,-2.0009976938664713,-0.7166668898692085,1.4655245364161558,0.9515802122022713,-3.0211721280770063,3.312900310578215,-0.5801269320986784,3.428197942011895,-2.929820220407553,1.840681417984432,1.7273192940679603,1.2801270639784974,-1.8944837929050817,2.038878874671914,1.4896144993775329,4.5095992514141985,-2.0774704613028336,0.5032663651204422,-0.9355413242351199,0.24539397474256333,1.0264976503691863,0.622700980673096
0.17873945712130707,1.4776147931934123,-0.12351706738144969,-2.3659278411314677,-0.510494913359383,0.6575987401476213,1.113351095686606,-2.2139428428038865,2.3376574083349277,-0.7732530687905516,3.677973095133208,-2.5349989802757675,1.3993313848102,1.5226477995020071,1.7470087499767661,-1.9700976591306012,2.2742167256602146,1.1355257671871364,4.151498974609597,-2.048142454921369,0.03703008898257653,-1.213556293962959,0.8349738666834187,1.1299851648319947,0.7065774877798322
1.0536042757893436,0.19333371248661707,-0.1029278504680722,-2.973166127942157,-0.3185574437108891,0.1911033089361159,1.313397742822071,-1.2284855643251822,1.963401445791527,-0.2881969955942749,3.345235215308662,-2.4200690796956272,1.6205799437314,1.42324917339811,1.726630263398831,-1.7724898559723365,2.627523325623466,0.789606607074497,3.6806662089876614,-1.785182548073637,0.09210287812266107,-1.2376078799485755,1.7271174350882892,1.3261561381474507,1.119337293848653
2.2162546602930036,-0.5678524906707434,-0.1272522217113909,-3.481845309764413,0.023690870808530856,0.423031542550102,0.8371985595988417,-0.5223436645742974,1.218561400752101,0.34932639566386087,3.1629089814064573,-1.2090155538699436,0.9678315196514602,0.5589163692043669,2.413373066548885,-1.3301529270290018,2.658567556943716,-0.6325909886822468,3.5916597160552386,-2.105039110755686,0.21731395376937127,-1.2687819252714547,1.2762705867128672,1.0319066764248288,1.1491028669437153
2.3590337850701277,-1.3962707270025194,-0.3000874868409702,-3.8995286498561237,-0.0017314048604032614,-0.027730490559982918,0.6826669139507613,0.3577512574754055,0.7096476702536402,0.08148003163732258,2.7911992851502285,0.16212825764927463,1.056525470886671,-0.14788146534768987,2.8535195451611943,-1.307552726798163,2.2714558546734778,-1.4272234144221418,3.741389279346249,-2.726457376826179,0.8992170933823913,-1.509641446472396,0.7230755993408545,0.5452153860103496,1.4018767791265943
2.285657933897013,-1.7883838297129933,0.11871328115961882,-3.830188692277276,0.7479316716623827,0.3251646771800708,-0.2611727620929483,1.037471020006259,1.0529743061938457,0.24247934858185122,3.4541713408358445,-0.09643672214658736,1.300800230893171,-0.8833338454755194,2.6124153441858664,-1.6771388739860935,3.103235500548088,-1.9783539993763215,3.0656466352845495,-2.8541519433769738,1.3166516048505474,-1.1614647760979084,0.9004592610788251,0.5675523017676345,1.2508452927884532
1.3404155457294382,-2.1597817751835646,0.32659454983826375,-4.16793693677811,1.0123413283581326,0.4537128054407345,-0.2478761884476423,1.5546047503603218,0.5580984508343815,0.41676411503436667,2.926812337927854,0.9152606990675382,2.2412635632404156,-0.8926572913892756,3.11309986945289,-1.5160734119683983,4.610724641120522,-2.6722950653922406,3.2734435868481313,-2.7293466599090164,1.762598586581945,-1.196383517733702,0.8168039284247856,0.06795840538670611,1.0524297851772817
0.5312557932263787,-2.1972378909928536,0.25958000718810964,-4.082010588641341,0.804639174734455,0.3359645162610392,-0.4229952927982966,1.811611224549719,0.5898436125806441,0.3435437693800801,2.7444727676362977,1.184697689655708,2.310609399341659,-1.2967621265856233,2.7987511326841,-1.9959031208476916,5.094646893933636,-3.9377999200904914,2.7638890850700424,-3.6752575311650313,1.8449882171779084,-1.4066859398917986,-0.12054952023072729,-0.05098487645211834,1.1400508154517377
-0.5793870700201117,-2.40564939396312,-0.23794573758413498,-3.1495684883581525,0.550867612475325,0.23286603553382543,-0.07799789190545398,1.223191850198561,0.8816408280622663,0.12358886314232612,3.2740987866930213,0.3581222641377289,1.795151886919047,-1.5214985151904377,2.576041524824572,-2.7355944443354545,4.952182861657898,-3.3597194530340193,2.1104223628410606,-3.562195485075104,1.97090002305588,-1.134075213892179,0.4318053335032765,0.22833669749013477,0.9410635491810138
-0.2714637507128662,-2.616517121371243,-1.018029022927624,-2.569090658141196,0.5119121738555527,0.14017280762809614,0.2689878386790227,0.7380012495826359,0.5750339923154524,0.4639026505201721,3.5918226477371986,0.19257396623664474,0.8184608851997708,-1.5974894347851278,2.1040302929965167,-2.6170800680777213,4.832346546881424,-3.204019118086867,2.080078059186781,-3.6739484483168376,1.5310103819061451,-1.391923216421364,1.1443615458622034,-0.08175383825855755,1.3491435497014312
0.6630551265345151,-3.1870403787004356,-1.7349921533239883,-2.001871273881736,0.4857655302864343,0.19409323553540317,0.32420478291926647,0.2899059401652896,-0.08079288763578876,0.29879569065047634,3.6927587131914006,0.3730133895136706,0.12433421810316467,-1.0554279263850217,1.5245970336874128,-2.1471694481822805,4.910009047917044,-3.0733497529760485,2.591383162563129,-3.0232049620923958,1.1920120068811189,-1.5999544357606974,2.184312940091925,-0.9828190721409285,1.4010134680547217
2.4217959781797336,-2.2461181916259423,-0.8313643421594098,-3.553210774250349,3.906786663599984,1.7399029496528393,2.369700788987787,2.330178439625226,-2.305990808061792,4.601558537572011,-0.10187719515827731,2.3528385692774543,-4.261730043349016,-1.1966340637280708,2.351546472587729,-2.2684372335076475,1.3963790380970615,-3.848361290260198,3.263456218159555,-2.228845893562214,0.6655321128402121,-1.2651806862706083,1.383033905406897,-0.555914077925902,1.9586431064667063
1.9389627428190817,-2.2544923206824246,-0.43031486428517357,-3.5350102148131595,-0.16697652942696362,0.9022860618229868,-0.0587135142684184,2.6854554795404697,-2.7931792764877343,2.907738818561679,0.14707060274065992,-1.020292311121561,-5.601741104375895,-0.15186332368421968,0.524987367366342,-1.7338186723186413,1.7298381405387866,-3.7447262701232913,3.498384298948774,-1.535361335106594,2.355416708278324,-0.41210568049050067,-0.30575645766605236,-1.0484787900039925,2.154333953532862
0.07538246753840727,-1.089697052142049,-1.7749752970578458,-3.628828461494205,-1.2944643819680426,0.30166575633156023,-0.781050025137116,3.1775003887384208,-1.6715410812947946,0.29949436573203025,0.3816430813936047,-2.777689068622222,-3.6249860075984883,1.5010090945797596,-0.007940032404169184,-2.314663966433309,2.262186229108095,-2.759609899087591,4.313217328214019,-0.6006653286505659,2.610451928278938,-1.0461638825178547,-1.047813200100107,-0.003913279688946725,1.9032489088932276
-0.04701977255134259,0.31573971064211387,-2.488617709459178,-3.5634979336919357,-0.9129070525880749,1.1812123695389725,-0.5407937084305071,2.077782696177794,0.2038920287166617,0.0415057187292661,0.9723738641029154,-2.989009469160917,-1.2012632016541303,2.7406168954033916,-0.41243905178422563,-2.3410140031226083,1.6967612041933016,-2.9311708262396987,4.897242579372274,-0.7253376332481509,1.9649888040846133,-1.5819276619503313,-2.1247326384072167,1.6599457835545761,1.1570366156789755
-1.1190258575882908,1.888701804344771,-2.538827142563297,-2.523465051544089,-1.1468400985695215,1.1248424548009712,-0.26652145540298616,0.974177340998357,1.546143913681117,0.12234985056374248,1.8119115663777605,-1.7991557690854534,0.2501521472163937,3.069555841264826,0.4544723143024665,-1.8709559463227512,0.41282346071014064,-2.237763000022147,4.870652693397391,-1.145686938551752,1.2676453568885906,-0.9916393940633516,-2.8051472703636313,2.7501149128686366,0.5890842118856736
-1.195762959005165,2.5903107483006678,-2.0888130674186924,-1.8537827263263351,-1.4201123050278983,1.5300137950663348,0.09662192285834774,-0.28352328696018486,2.7825565172784232,-0.585270237393656,2.353573000332417,-0.5141541794403274,0.7294613153352884,1.8372954527172167,1.1799812711916786,-1.689622237073306,-1.8687161785743902,-0.5658581033205583,4.188633788144032,-1.426171078922554,0.4607391101001034,-0.3000566167647431,-2.8806856024950314,2.660688317071544,-0.2353035034174545
-0.019568618460694354,2.2376159894108514,-1.401544715222598,-1.2423835963225718,-1.0283762476706833,1.1228881154264767,0.0157670530346041,-1.7571421191785157,3.425712136456129,-0.8248952436806117,2.6547332762255396,-0.6896331641849438,1.0222337466658098,0.7133506368660021,0.8859476767490972,-1.3387262314181492,-1.539101758773091,0.9268216469558407,3.745928463806206,-1.8092869410459376,-0.9311081767043777,-0.24322209977623988,-1.6813438667314877,1.8240564030858561,-0.7442901916884794
0.9030007552235049,1.8931759088071503,-0.2895630523384324,-0.8910222952609484,-0.01898034951008006,0.3731955438948208,0.5714990160128186,-1.9529898529617864,3.146745652542031,-1.3970951074214086,2.67145559525424,-0.5708787258886917,1.4653691241154032,0.8220072938640259,1.4022151988853466,-0.9357364585360549,0.24015824847351647,1.7239299444772334,2.985092789432522,-0.9083577672058428,-0.8750399780156584,-0.025425824480079667,0.09607586691425064,0.8747462310294769,-0.1887889437892565
1.7158099322707794,1.0250579428731608,0.5899130058046408,-1.6086867575132042,0.13523761549098456,0.5000798909239265,0.8251730161017556,-1.5042971189934649,2.3021493013655268,-0.7570864831543789,2.0462301099138207,-0.3754515489361565,1.5450691913599472,0.8130368186158705,1.7708912148476956,-1.0719327428074261,1.5539939372213163,1.4849360352406995,2.562035191178201,-0.7572544790659488,-0.5724379880418231,-0.08690425444856953,0.9324802219969249,0.6764524098929325,0.4550801078552378
